1961,1,Hank Aaron,/players/a/aaronha01.shtml,aaronha01,27,MLN,8,155,154,155,154,0,0,0,0,2,0,0,83,78,154,1,0
1961,2,Jerry Adair,/players/a/adairje01.shtml,adairje01,24,BAL,4,133,115,133,131,0,0,0,107,2,27,0,0,0,0,0,6
1961,3,Joe Adcock,/players/a/adcocjo01.shtml,adcocjo01,33,MLN,12,152,148,152,148,0,0,148,0,0,0,0,0,0,0,4,0
1961,4,Hank Aguirre,/players/a/aguirha01.shtml,aguirha01,30,DET,7,45,0,45,45,45,0,0,0,0,0,0,0,0,0,0,0
1961,5,Bob Allen,/players/a/allenbo04.shtml,allenbo04,23,CLE,1st,48,0,48,48,48,0,0,0,0,0,0,0,0,0,0,0
1961,6,Bob Allison,/players/a/allisbo01.shtml,allisbo01,26,MIN,4,159,157,159,158,0,0,18,0,0,0,0,0,150,150,1,0
1961,7,Felipe Alou,/players/a/aloufe01.shtml,aloufe01,26,SFG,4,132,100,132,122,0,0,0,0,0,0,33,6,86,122,11,6
1961,8,Matty Alou,/players/a/alouma01.shtml,alouma01,22,SFG,2,81,41,81,58,0,0,0,0,0,0,16,3,40,58,25,2
1961,9,George Altman,/players/a/altmage01.shtml,altmage01,28,CHC,3,138,131,138,132,0,0,3,0,0,0,1,25,115,130,7,0
1961,10,Joe Altobelli,/players/a/altobjo01.shtml,altobjo01,29,MIN,3,41,22,41,26,0,0,2,0,0,0,25,0,0,25,19,0
1961,11,George Alusik,/players/a/alusige01.shtml,alusige01,26,DET,2,15,0,15,1,0,0,0,0,0,0,0,0,1,1,14,0
1961,12,Joey Amalfitano,/players/a/amalfjo01.shtml,amalfjo01,27,SFG,4,109,93,109,99,0,0,0,95,6,0,0,0,0,0,13,1
1961,13,Ruben Amaro,/players/a/amaroru01.shtml,amaroru01,25,PHI,3,135,127,135,135,0,0,3,1,0,132,0,0,0,0,0,0
1961,14,Bob Anderson,/players/a/anderbo01.shtml,anderbo01,25,CHC,5,57,12,57,57,57,0,0,0,0,0,0,0,0,0,0,0
1961,15,Craig Anderson,/players/a/andercr01.shtml,andercr01,22,STL,1st,25,0,25,25,25,0,0,0,0,0,0,0,0,0,0,0
1961,16,Harry Anderson,/players/a/anderha02.shtml,anderha02,29,CIN,5,4,0,4,0,0,0,0,0,0,0,0,0,0,0,4,0
1961,17,Johnny Antonelli,/players/a/antonjo02.shtml,antonjo02,31,2TM,12,21,7,21,20,20,0,0,0,0,0,0,0,0,0,0,1
1961,18,Luis Aparicio,/players/a/aparilu01.shtml,aparilu01,27,CHW,6,156,151,156,156,0,0,0,0,0,156,0,0,0,0,0,0
1961,19,Jim Archer,/players/a/archeji02.shtml,archeji02,29,KCA,1st,39,27,39,39,39,0,0,0,0,0,0,0,0,0,0,0
1961,20,Dan Ardell,/players/a/ardelda01.shtml,ardelda01,20,LAA,1st,7,1,7,1,0,0,1,0,0,0,0,0,0,0,2,4
1961,21,Gerry Arrigo,/players/a/arrigge01.shtml,arrigge01,20,MIN,1st,7,2,7,7,7,0,0,0,0,0,0,0,0,0,0,0
1961,22,Luis Arroyo,/players/a/arroylu01.shtml,arroylu01,34,NYY,6,65,0,65,65,65,0,0,0,0,0,0,0,0,0,0,0
1961,23,Richie Ashburn,/players/a/ashburi01.shtml,ashburi01,34,CHC,14,109,69,109,77,0,0,0,0,0,0,15,62,0,77,40,0
1961,24,Bob Aspromonte,/players/a/asprobo01.shtml,asprobo01,23,LAD,3,47,5,47,13,0,0,0,2,9,4,0,0,0,0,35,2
1961,25,Ken Aspromonte,/players/a/asproke01.shtml,asproke01,29,2TM,5,88,75,88,83,0,0,0,83,0,0,0,0,0,0,6,0
1961,26,Earl Averill,/players/a/averiea02.shtml,averiea02,29,LAA,5,115,85,115,95,0,87,0,1,0,0,9,0,0,9,27,0
1961,27,Ed Bailey,/players/b/baileed01.shtml,baileed01,30,2TM,9,119,106,119,116,0,115,0,0,0,0,1,0,0,1,10,0
1961,28,Gene Baker,/players/b/bakerge02.shtml,bakerge02,36,PIT,8,9,2,9,3,0,0,0,0,3,0,0,0,0,0,4,2
1961,29,Jack Baldschun,/players/b/baldsja01.shtml,baldsja01,24,PHI,1st,65,0,65,65,65,0,0,0,0,0,0,0,0,0,0,0
1961,30,Ernie Banks,/players/b/bankser01.shtml,bankser01,30,CHC,9,138,132,138,133,0,0,7,0,0,104,23,0,0,23,6,0
1961,31,Steve Barber,/players/b/barbest01.shtml,barbest01,23,BAL,2,37,34,37,37,37,0,0,0,0,0,0,0,0,0,0,0
1961,32,Cuno Barragan,/players/b/barracu01.shtml,barracu01,29,CHC,1st,10,9,10,10,0,10,0,0,0,0,0,0,0,0,0,0
1961,33,Norm Bass,/players/b/bassno01.shtml,bassno01,22,KCA,1st,41,23,41,40,40,0,0,0,0,0,0,0,0,0,0,1
1961,34,Earl Battey,/players/b/batteea01.shtml,batteea01,26,MIN,7,133,127,133,131,0,131,0,0,0,0,0,0,0,0,2,0
1961,35,Hank Bauer,/players/b/bauerha01.shtml,bauerha01,38,KCA,14,43,24,43,35,0,0,0,0,0,0,11,2,27,35,12,1
1961,36,Frank Baumann,/players/b/baumafr01.shtml,baumafr01,27,CHW,7,55,23,55,53,53,0,0,0,0,0,0,0,0,0,0,2
1961,37,Jim Baumer,/players/b/baumeji01.shtml,baumeji01,30,CIN,2,10,8,10,9,0,0,0,9,0,0,0,0,0,0,0,1
1961,38,Ed Bauta,/players/b/bautaed01.shtml,bautaed01,26,STL,2,13,0,13,13,13,0,0,0,0,0,0,0,0,0,0,0
1961,39,Julio Becquer,/players/b/becquju01.shtml,becquju01,29,2TM,6,68,8,68,29,1,0,23,0,0,0,5,0,1,5,50,0
1961,40,Gary Bell,/players/b/bellga01.shtml,bellga01,24,CLE,4,34,34,34,34,34,0,0,0,0,0,0,0,0,0,0,0
1961,41,Gus Bell,/players/b/bellgu01.shtml,bellgu01,32,CIN,12,103,54,103,75,0,0,0,0,0,0,44,1,34,75,39,0
1961,42,Yogi Berra,/players/b/berrayo01.shtml,berrayo01,36,NYY,16,119,98,119,101,0,15,0,0,0,0,81,0,8,87,20,0
1961,43,Dick Bertell,/players/b/bertedi01.shtml,bertedi01,25,CHC,2,92,75,92,90,0,90,0,0,0,0,0,0,0,0,6,0
1961,44,Reno Bertoia,/players/b/bertore01.shtml,bertore01,26,3TM,9,98,78,98,87,0,0,0,13,74,1,0,0,0,0,7,8
1961,45,Hal Bevan,/players/b/bevanha01.shtml,bevanha01,30,CIN,3,3,0,3,0,0,0,0,0,0,0,0,0,0,0,3,0
1961,46,Steve Bilko,/players/b/bilkost01.shtml,bilkost01,32,LAA,9,114,75,114,88,0,0,86,0,0,0,0,0,3,3,33,0
1961,47,Johnny Blanchard,/players/b/blancjo01.shtml,blancjo01,28,NYY,4,93,54,93,62,0,48,0,0,0,0,8,0,7,15,33,0
1961,48,Don Blasingame,/players/b/blasido01.shtml,blasido01,29,2TM,7,126,110,126,116,0,0,0,116,0,0,0,0,0,0,11,2
1961,49,Chet Boak,/players/b/boakch01.shtml,boakch01,26,WSA,2,5,1,5,1,0,0,0,1,0,0,0,0,0,0,4,0
1961,50,Bobby Bolin,/players/b/bolinbo01.shtml,bolinbo01,22,SFG,1st,37,1,37,37,37,0,0,0,0,0,0,0,0,0,0,0
1961,51,Frank Bolling,/players/b/bollifr01.shtml,bollifr01,29,MLN,7,148,145,148,148,0,0,0,148,0,0,0,0,0,0,0,0
1961,52,Walt Bond,/players/b/bondwa01.shtml,bondwa01,23,CLE,2,38,7,38,12,0,0,0,0,0,0,0,1,11,12,26,0
1961,53,Tom Borland,/players/b/borlato01.shtml,borlato01,28,BOS,2,1,0,1,1,1,0,0,0,0,0,0,0,0,0,0,0
1961,54,Steve Boros,/players/b/borosst01.shtml,borosst01,24,DET,3,116,115,116,116,0,0,0,0,116,0,0,0,0,0,0,0
1961,55,Ed Bouchee,/players/b/bouched01.shtml,bouched01,28,CHC,6,112,90,112,107,0,0,107,0,0,0,0,0,0,0,13,0
1961,56,Carl Bouldin,/players/b/bouldca01.shtml,bouldca01,21,WSA,1st,2,1,2,2,2,0,0,0,0,0,0,0,0,0,0,0
1961,57,Ernie Bowman,/players/b/bowmaer01.shtml,bowmaer01,25,SFG,1st,38,7,38,31,0,0,0,13,7,12,0,0,0,0,3,13
1961,58,Ted Bowsfield,/players/b/bowsfte01.shtml,bowsfte01,26,LAA,4,46,21,46,41,41,0,0,0,0,0,0,0,0,0,0,5
1961,59,Bob Boyd,/players/b/boydbo01.shtml,boydbo01,41,2TM,9,62,9,62,11,0,0,11,0,0,0,0,0,0,0,53,0
1961,60,Clete Boyer,/players/b/boyercl02.shtml,boyercl02,24,NYY,6,148,146,148,148,0,0,0,0,141,12,0,0,0,0,0,0
1961,61,Ken Boyer,/players/b/boyerke01.shtml,boyerke01,30,STL,7,153,153,153,153,0,0,0,0,153,0,0,0,0,0,0,0
1961,62,Jackie Brandt,/players/b/brandja01.shtml,brandja01,27,BAL,5,139,134,139,136,0,0,0,0,1,0,21,120,34,136,0,4
1961,63,Marv Breeding,/players/b/breedma01.shtml,breedma01,27,BAL,2,90,62,90,80,0,0,0,80,0,0,0,0,0,0,5,12
1961,64,Eddie Bressoud,/players/b/bressed01.shtml,bressed01,29,SFG,6,59,26,59,37,0,0,0,1,3,34,0,0,0,0,21,1
1961,65,Jim Brewer,/players/b/breweji01.shtml,breweji01,23,CHC,2,36,11,36,36,36,0,0,0,0,0,0,0,0,0,0,0
1961,66,Tom Brewer,/players/b/breweto01.shtml,breweto01,29,BOS,8,18,9,18,10,10,0,0,0,0,0,0,0,0,0,0,8
1961,67,Alan Brice,/players/b/briceal01.shtml,briceal01,23,CHW,1st,3,0,3,3,3,0,0,0,0,0,0,0,0,0,0,0
1961,68,Fritz Brickell,/players/b/brickfr02.shtml,brickfr02,26,LAA,3,21,13,21,17,0,0,0,0,0,17,0,0,0,0,4,0
1961,69,Marshall Bridges,/players/b/bridgma01.shtml,bridgma01,30,CIN,3,13,0,13,13,13,0,0,0,0,0,0,0,0,0,0,0
1961,70,Rocky Bridges,/players/b/bridgro01.shtml,bridgro01,33,LAA,11,84,68,84,84,0,0,0,59,3,25,0,0,0,0,1,1
1961,71,Harry Bright,/players/b/brighha01.shtml,brighha01,31,WSA,4,72,45,72,48,0,8,0,1,40,0,0,0,0,0,25,0
1961,72,Ed Brinkman,/players/b/brinked01.shtml,brinked01,19,WSA,1st,4,3,4,3,0,0,0,0,3,0,0,0,0,0,1,0
1961,73,Lou Brock,/players/b/brocklo01.shtml,brocklo01,22,CHC,1st,4,3,4,3,0,0,0,0,0,0,0,3,0,3,0,1
1961,74,Ernie Broglio,/players/b/brogler01.shtml,brogler01,25,STL,3,29,26,29,29,29,0,0,0,0,0,0,0,0,0,0,0
1961,75,Jim Brosnan,/players/b/brosnji01.shtml,brosnji01,31,CIN,7,53,0,53,53,53,0,0,0,0,0,0,0,0,0,0,0
1961,76,Dick Brown,/players/b/browndi01.shtml,browndi01,26,DET,5,93,84,93,91,0,91,0,0,0,0,0,0,0,0,3,0
1961,77,Hal Brown,/players/b/brownha01.shtml,brownha01,36,BAL,11,27,23,27,27,27,0,0,0,0,0,0,0,0,0,0,0
1961,78,Paul Brown,/players/b/brownpa01.shtml,brownpa01,20,PHI,1st,5,1,5,5,5,0,0,0,0,0,0,0,0,0,0,0
1961,79,Bob Bruce,/players/b/brucebo01.shtml,brucebo01,28,DET,3,14,6,14,14,14,0,0,0,0,0,0,0,0,0,0,0
1961,80,Fred Bruckbauer,/players/b/bruckfr01.shtml,bruckfr01,23,MIN,1st,1,0,1,1,1,0,0,0,0,0,0,0,0,0,0,0
1961,81,George Brunet,/players/b/brunege01.shtml,brunege01,26,MLN,5,5,0,5,5,5,0,0,0,0,0,0,0,0,0,0,0
1961,82,Bill Bruton,/players/b/brutobi01.shtml,brutobi01,35,DET,9,160,141,160,155,0,0,0,0,0,0,0,155,0,155,6,3
1961,83,Billy Bryan,/players/b/bryanbi01.shtml,bryanbi01,22,KCA,1st,9,4,9,4,0,4,0,0,0,0,0,0,0,0,5,0
1961,84,Jerry Buchek,/players/b/bucheje01.shtml,bucheje01,19,STL,1st,31,30,31,31,0,0,0,0,0,31,0,0,0,0,0,0
1961,85,Don Buddin,/players/b/buddido01.shtml,buddido01,27,BOS,5,115,108,115,109,0,0,0,0,0,109,0,0,0,0,6,1
1961,86,Bob Buhl,/players/b/buhlbo01.shtml,buhlbo01,32,MLN,9,32,28,32,32,32,0,0,0,0,0,0,0,0,0,0,0
1961,87,Jim Bunning,/players/b/bunniji01.shtml,bunniji01,29,DET,7,38,37,38,38,38,0,0,0,0,0,0,0,0,0,0,0
1961,88,Lew Burdette,/players/b/burdele01.shtml,burdele01,34,MLN,12,42,36,42,40,40,0,0,0,0,0,0,0,0,0,0,2
1961,89,Smoky Burgess,/players/b/burgesm01.shtml,burgesm01,34,PIT,12,100,83,100,92,0,92,0,0,0,0,0,0,0,0,15,0
1961,90,Leo Burke,/players/b/burkele02.shtml,burkele02,27,LAA,3,6,0,6,0,0,0,0,0,0,0,0,0,0,0,5,1
1961,91,Pete Burnside,/players/b/burnspe01.shtml,burnspe01,30,WSA,6,33,16,33,33,33,0,0,0,0,0,0,0,0,0,0,0
1961,92,Dick Burwell,/players/b/burwedi01.shtml,burwedi01,21,CHC,2,2,0,2,2,2,0,0,0,0,0,0,0,0,0,0,0
1961,93,Jim Busby,/players/b/busbyji01.shtml,busbyji01,34,BAL,12,75,26,75,71,0,0,0,0,0,0,0,71,0,71,4,13
1961,94,John Buzhardt,/players/b/buzhajo01.shtml,buzhajo01,24,PHI,4,41,27,41,41,41,0,0,0,0,0,0,0,0,0,0,0
1961,95,Johnny Callison,/players/c/callijo01.shtml,callijo01,22,PHI,4,138,117,138,124,0,0,0,0,0,0,89,0,36,124,17,1
1961,96,Doug Camilli,/players/c/camildo02.shtml,camildo02,24,LAD,2,13,6,13,12,0,12,0,0,0,0,0,0,0,0,4,0
1961,97,Chris Cannizzaro,/players/c/cannich01.shtml,cannich01,23,STL,2,6,0,6,5,0,5,0,0,0,0,0,0,0,0,1,1
1961,98,Leo Cardenas,/players/c/cardele01.shtml,cardele01,22,CIN,2,74,46,74,63,0,0,0,0,0,63,0,0,0,0,12,4
1961,99,Don Cardwell,/players/c/cardwdo01.shtml,cardwdo01,25,CHC,5,40,38,40,39,39,0,0,0,0,0,0,0,0,0,0,1
1961,100,Andy Carey,/players/c/careyan01.shtml,careyan01,29,2TM,10,95,73,95,93,0,0,0,0,93,0,0,0,0,0,2,3
1961,101,Cam Carreon,/players/c/carreca01.shtml,carreca01,23,CHW,3,78,63,78,71,0,71,0,0,0,0,0,0,0,0,7,5
1961,102,Jerry Casale,/players/c/casalje01.shtml,casalje01,27,2TM,4,16,8,16,16,16,0,0,0,0,0,0,0,0,0,1,0
1961,103,Norm Cash,/players/c/cashno01.shtml,cashno01,26,DET,4,159,157,159,157,0,0,157,0,0,0,0,0,0,0,2,0
1961,104,Wayne Causey,/players/c/causewa01.shtml,causewa01,24,KCA,4,104,87,104,102,0,0,0,9,88,11,0,0,0,0,2,2
1961,105,Orlando Cepeda,/players/c/cepedor01.shtml,cepedor01,23,SFG,4,152,151,152,151,0,0,82,0,0,0,63,0,18,80,1,0
1961,106,Bob Cerv,/players/c/cervbo01.shtml,cervbo01,36,2TM,11,75,41,75,48,0,0,3,0,0,0,43,2,0,45,28,1
1961,107,Elio Chacon,/players/c/chacoel01.shtml,chacoel01,24,CIN,2,61,34,61,49,0,0,0,41,0,0,3,0,5,8,1,19
1961,108,Dean Chance,/players/c/chancde01.shtml,chancde01,20,LAA,1st,5,4,5,5,5,0,0,0,0,0,0,0,0,0,0,0
1961,109,Tom Cheney,/players/c/cheneto01.shtml,cheneto01,26,2TM,4,14,7,14,11,11,0,0,0,0,0,0,0,0,0,0,3
1961,110,Harry Chiti,/players/c/chitiha01.shtml,chitiha01,28,DET,9,5,4,5,5,0,5,0,0,0,0,0,0,0,0,0,0
1961,111,Neil Chrisley,/players/c/chrisne01.shtml,chrisne01,29,MLN,5,10,0,10,0,0,0,0,0,0,0,0,0,0,0,10,0
1961,112,Joe Christopher,/players/c/chrisjo01.shtml,chrisjo01,25,PIT,3,76,44,76,55,0,0,0,0,0,0,45,5,5,55,13,10
1961,113,Al Cicotte,/players/c/cicotal01.shtml,cicotal01,31,STL,4,29,7,29,29,29,0,0,0,0,0,0,0,0,0,0,0
1961,114,Gino Cimoli,/players/c/cimolgi01.shtml,cimolgi01,31,2TM,6,58,45,58,50,0,0,0,0,0,0,14,35,1,50,9,1
1961,115,Frank Cipriani,/players/c/ciprifr01.shtml,ciprifr01,20,KCA,1st,13,8,13,11,0,0,0,0,0,0,0,0,11,11,3,0
1961,116,Galen Cisco,/players/c/ciscoga01.shtml,ciscoga01,25,BOS,1st,18,8,18,17,17,0,0,0,0,0,0,0,0,0,0,1
1961,117,Doug Clemens,/players/c/clemedo01.shtml,clemedo01,22,STL,2,6,3,6,3,0,0,0,0,0,0,2,0,2,3,3,0
1961,118,Roberto Clemente,/players/c/clemero01.shtml,clemero01,26,PIT,7,146,142,146,144,0,0,0,0,0,0,0,1,144,144,2,0
1961,119,Donn Clendenon,/players/c/clenddo01.shtml,clenddo01,25,PIT,1st,9,8,9,8,0,0,0,0,0,0,1,0,7,8,1,0
1961,120,Tex Clevenger,/players/c/clevete01.shtml,clevete01,28,2TM,7,33,0,33,33,33,0,0,0,0,0,0,0,0,0,0,0
1961,121,Ty Cline,/players/c/clinety01.shtml,clinety01,22,CLE,2,12,11,12,12,0,0,0,0,0,0,0,11,1,12,0,1
1961,122,Lou Clinton,/players/c/clintlo01.shtml,clintlo01,23,BOS,2,17,13,17,13,0,0,0,0,0,0,0,0,13,13,2,2
1961,123,Tony Cloninger,/players/c/clonito01.shtml,clonito01,20,MLN,1st,19,10,19,19,19,0,0,0,0,0,0,0,0,0,0,0
1961,124,Jim Coates,/players/c/coateji01.shtml,coateji01,28,NYY,4,43,11,43,43,43,0,0,0,0,0,0,0,0,0,0,0
1961,125,Jimmie Coker,/players/c/cokerji01.shtml,cokerji01,25,PHI,3,11,9,11,11,0,11,0,0,0,0,0,0,0,0,1,0
1961,126,Rocky Colavito,/players/c/colavro01.shtml,colavro01,27,DET,7,163,161,163,161,0,0,0,0,0,0,150,0,20,161,2,0
1961,127,Choo-Choo Coleman,/players/c/colemch01.shtml,colemch01,23,PHI,1st,34,5,34,14,0,14,0,0,0,0,0,0,0,0,21,2
1961,128,Gordy Coleman,/players/c/colemgo01.shtml,colemgo01,26,CIN,3,150,140,150,150,0,0,150,0,0,0,0,0,0,0,8,0
1961,129,Gene Conley,/players/c/conlege01.shtml,conlege01,30,BOS,9,33,30,33,33,33,0,0,0,0,0,0,0,0,0,0,0
1961,130,Billy Consolo,/players/c/consobi01.shtml,consobi01,26,MIN,9,12,0,12,8,0,0,0,4,1,3,0,0,0,0,1,4
1961,131,Cliff Cook,/players/c/cookcl01.shtml,cookcl01,24,CIN,3,4,0,4,1,0,0,0,0,1,0,0,0,0,0,3,0
1961,132,Chuck Cottier,/players/c/cottich01.shtml,cottich01,25,2TM,3,111,101,111,110,0,0,0,102,0,8,0,0,0,0,1,1
1961,133,Clint Courtney,/players/c/courtcl01.shtml,courtcl01,34,2TM,11,23,10,23,16,0,16,0,0,0,0,0,0,0,0,7,0
1961,134,Wes Covington,/players/c/covinwe01.shtml,covinwe01,29,4TM,6,105,71,105,76,0,0,0,0,0,0,37,0,39,76,33,0
1961,135,Roger Craig,/players/c/craigro01.shtml,craigro01,31,LAD,7,40,14,40,40,40,0,0,0,0,0,0,0,0,0,0,0
1961,136,Del Crandall,/players/c/crandde01.shtml,crandde01,31,MLN,11,15,5,15,5,0,5,0,0,0,0,0,0,0,0,10,0
1961,137,George Crowe,/players/c/crowege01.shtml,crowege01,40,STL,9,7,0,7,0,0,0,0,0,0,0,0,0,0,0,7,0
1961,138,Bert Cueto,/players/c/cuetobe01.shtml,cuetobe01,23,MIN,1st,7,5,7,7,7,0,0,0,0,0,0,0,0,0,0,0
1961,139,Joe Cunningham,/players/c/cunnijo01.shtml,cunnijo01,29,STL,7,113,83,113,90,0,0,10,0,0,0,1,0,85,86,27,2
1961,140,Tony Curry,/players/c/curryto01.shtml,curryto01,23,PHI,2,15,8,15,8,0,0,0,0,0,0,8,0,0,8,7,0
1961,141,Jack Curtis,/players/c/curtija01.shtml,curtija01,24,CHC,1st,31,27,31,31,31,0,0,0,0,0,0,0,0,0,0,0
1961,142,Bill Dailey,/players/d/dailebi01.shtml,dailebi01,26,CLE,1st,12,0,12,12,12,0,0,0,0,0,0,0,0,0,0,0
1961,143,Bud Daley,/players/d/daleybu01.shtml,daleybu01,28,2TM,7,39,27,39,39,39,0,0,0,0,0,0,0,0,0,0,0
1961,144,Pete Daley,/players/d/daleype01.shtml,daleype01,31,WSA,7,72,59,72,72,0,72,0,0,0,0,0,0,0,0,0,0
1961,145,Clay Dalrymple,/players/d/dalrycl01.shtml,dalrycl01,24,PHI,2,129,107,129,122,0,122,0,0,0,0,0,0,0,0,13,0
1961,146,Bennie Daniels,/players/d/daniebe02.shtml,daniebe02,29,WSA,5,32,28,32,32,32,0,0,0,0,0,0,0,0,0,0,0
1961,147,Jim Davenport,/players/d/davenji01.shtml,davenji01,27,SFG,4,137,120,137,132,0,0,0,0,132,0,0,0,0,0,7,1
1961,148,Tommy Davis,/players/d/davisto02.shtml,davisto02,22,LAD,3,132,117,132,124,0,0,0,0,59,0,44,39,30,86,11,2
1961,149,Willie Davis,/players/d/daviswi02.shtml,daviswi02,21,LAD,2,128,84,128,114,0,0,0,0,0,0,0,114,0,114,10,18
1961,150,Mike de la Hoz,/players/d/dela_mi01.shtml,dela_mi01,22,CLE,2,61,38,61,50,0,0,0,17,16,17,0,0,0,0,16,0
1961,151,Mike DeGerick,/players/d/degermi01.shtml,degermi01,18,CHW,1st,1,0,1,1,1,0,0,0,0,0,0,0,0,0,0,0
1961,152,Bobby Del Greco,/players/d/delgrbo01.shtml,delgrbo01,28,2TM,6,115,93,115,106,0,0,0,1,1,0,1,104,0,105,12,0
1961,153,Ike Delock,/players/d/delocik01.shtml,delocik01,31,BOS,9,28,28,28,28,28,0,0,0,0,0,0,0,0,0,0,0
1961,154,Joe DeMaestri,/players/d/demaejo01.shtml,demaejo01,32,NYY,11,30,9,30,27,0,0,0,5,4,18,0,0,0,0,0,3
1961,155,John DeMerit,/players/d/demerjo01.shtml,demerjo01,25,MLN,4,32,19,32,21,0,0,0,0,0,0,2,5,15,21,6,7
1961,156,Don Demeter,/players/d/demetdo01.shtml,demetdo01,26,2TM,5,121,98,121,110,0,0,22,0,0,0,23,47,29,93,17,0
1961,157,Don Dillard,/players/d/dillado01.shtml,dillado01,24,CLE,3,74,24,74,39,0,0,0,0,0,0,14,24,1,39,40,3
1961,158,Art Ditmar,/players/d/ditmaar01.shtml,ditmaar01,32,2TM,8,32,13,32,32,32,0,0,0,0,0,0,0,0,0,0,0
1961,159,Dan Dobbek,/players/d/dobbeda01.shtml,dobbeda01,26,MIN,3,72,22,72,48,0,0,0,0,0,0,32,11,13,48,28,2
1961,160,Jim Donohue,/players/d/donohji01.shtml,donohji01,22,2TM,1st,52,7,52,52,52,0,0,0,0,0,0,0,0,0,0,0
1961,161,Dick Donovan,/players/d/donovdi01.shtml,donovdi01,33,WSA,11,24,22,24,23,23,0,0,0,0,0,0,0,0,0,1,0
1961,162,Gary Dotter,/players/d/dottega01.shtml,dottega01,18,MIN,1st,2,0,2,2,2,0,0,0,0,0,0,0,0,0,0,0
1961,163,Dutch Dotterer,/players/d/dottedu01.shtml,dottedu01,29,WSA,5,7,6,7,7,0,7,0,0,0,0,0,0,0,0,0,0
1961,164,Al Downing,/players/d/downial01.shtml,downial01,20,NYY,1st,5,1,5,5,5,0,0,0,0,0,0,0,0,0,0,0
1961,165,Moe Drabowsky,/players/d/drabomo01.shtml,drabomo01,25,MLN,6,16,0,16,16,16,0,0,0,0,0,0,0,0,0,0,0
1961,166,Sammy Drake,/players/d/drakesa01.shtml,drakesa01,26,CHC,2,13,1,13,1,0,0,0,0,0,0,0,0,1,1,2,10
1961,167,Walt Dropo,/players/d/dropowa01.shtml,dropowa01,38,BAL,13,14,9,14,12,0,0,12,0,0,0,0,0,0,0,2,0
1961,168,Dick Drott,/players/d/drottdi01.shtml,drottdi01,24,CHC,5,35,8,35,35,35,0,0,0,0,0,0,0,0,0,1,0
1961,169,Don Drysdale,/players/d/drysddo01.shtml,drysddo01,24,LAD,6,40,37,40,40,40,0,0,0,0,0,0,0,0,0,0,0
1961,170,Jim Duffalo,/players/d/duffaji01.shtml,duffaji01,25,SFG,1st,25,4,25,24,24,0,0,0,0,0,0,0,0,0,1,1
1961,171,Ryne Duren,/players/d/durenry01.shtml,durenry01,32,2TM,6,44,14,44,44,44,0,0,0,0,0,0,0,0,0,0,0
1961,172,Arnold Earley,/players/e/earlear01.shtml,earlear01,28,BOS,2,33,0,33,33,33,0,0,0,0,0,0,0,0,0,0,0
1961,173,Johnny Edwards,/players/e/edwarjo01.shtml,edwarjo01,23,CIN,1st,52,39,52,52,0,52,0,0,0,0,0,0,0,0,5,0
1961,174,Dick Ellsworth,/players/e/ellswdi01.shtml,ellswdi01,21,CHC,3,37,31,37,37,37,0,0,0,0,0,0,0,0,0,0,0
1961,175,Don Elston,/players/e/elstodo01.shtml,elstodo01,32,CHC,6,58,0,58,58,58,0,0,0,0,0,0,0,0,0,0,0
1961,176,Sammy Esposito,/players/e/espossa01.shtml,espossa01,29,CHW,8,63,24,63,55,0,0,0,11,28,20,0,0,0,0,2,12
1961,177,Chuck Essegian,/players/e/essegch01.shtml,essegch01,29,3TM,4,65,41,65,50,0,0,0,0,0,0,17,19,16,50,23,1
1961,178,Chuck Estrada,/players/e/estrach01.shtml,estrach01,23,BAL,2,33,31,33,33,33,0,0,0,0,0,0,0,0,0,0,0
1961,179,Roy Face,/players/f/facero01.shtml,facero01,33,PIT,8,62,0,62,62,62,0,0,0,0,0,0,0,0,0,0,0
1961,180,Ron Fairly,/players/f/fairlro01.shtml,fairlro01,22,LAD,4,111,66,111,88,0,0,23,0,0,0,6,15,54,72,28,0
1961,181,Bob Farley,/players/f/farlebo01.shtml,farlebo01,23,SFG,1st,13,4,13,4,0,0,1,0,0,0,3,0,0,3,9,0
1961,182,Turk Farrell,/players/f/farretu01.shtml,farretu01,27,2TM,6,55,0,55,55,55,0,0,0,0,0,0,0,0,0,0,0
1961,183,Chico Fernandez,/players/f/fernach01.shtml,fernach01,29,DET,6,133,118,133,128,0,0,0,0,8,121,0,0,0,0,5,3
1961,184,Don Ferrarese,/players/f/ferrado01.shtml,ferrado01,32,PHI,7,43,15,43,43,42,0,0,0,0,0,0,1,0,1,0,0
1961,185,Bill Fischer,/players/f/fischbi01.shtml,fischbi01,30,2TM,6,41,1,41,41,41,0,0,0,0,0,0,0,0,0,0,0
1961,186,Eddie Fisher,/players/f/fisheed02.shtml,fisheed02,24,SFG,3,15,1,15,15,15,0,0,0,0,0,0,0,0,0,0,0
1961,187,Jack Fisher,/players/f/fisheja01.shtml,fisheja01,22,BAL,3,36,25,36,36,36,0,0,0,0,0,0,0,0,0,0,0
1961,188,Curt Flood,/players/f/floodcu01.shtml,floodcu01,23,STL,6,132,84,132,119,0,0,0,0,0,0,0,119,0,119,12,16
1961,189,Hank Foiles,/players/f/foileha01.shtml,foileha01,32,BAL,8,43,32,43,38,0,38,0,0,0,0,0,0,0,0,4,4
1961,190,Whitey Ford,/players/f/fordwh01.shtml,fordwh01,32,NYY,10,39,39,39,39,39,0,0,0,0,0,0,0,0,0,0,0
1961,191,Mike Fornieles,/players/f/fornimi01.shtml,fornimi01,29,BOS,10,57,2,57,57,57,0,0,0,0,0,0,0,0,0,0,0
1961,192,Larry Foss,/players/f/fossla01.shtml,fossla01,25,PIT,1st,3,3,3,3,3,0,0,0,0,0,0,0,0,0,0,0
1961,193,Art Fowler,/players/f/fowlear01.shtml,fowlear01,38,LAA,6,53,3,53,53,53,0,0,0,0,0,0,0,0,0,0,0
1961,194,Nellie Fox,/players/f/foxne01.shtml,foxne01,33,CHW,15,159,156,159,159,0,0,0,159,0,0,0,0,0,0,2,0
1961,195,Terry Fox,/players/f/foxte01.shtml,foxte01,25,DET,2,39,0,39,39,39,0,0,0,0,0,0,0,0,0,0,0
1961,196,Paul Foytack,/players/f/foytapa01.shtml,foytapa01,30,DET,8,32,20,32,32,32,0,0,0,0,0,0,0,0,0,0,0
1961,197,Earl Francis,/players/f/francea01.shtml,francea01,25,PIT,2,23,15,23,23,23,0,0,0,0,0,0,0,0,0,0,0
1961,198,Tito Francona,/players/f/francti01.shtml,francti01,27,CLE,6,155,147,155,150,0,0,14,0,0,0,138,0,0,138,8,0
1961,199,Bill Freehan,/players/f/freehbi01.shtml,freehbi01,19,DET,1st,4,3,4,3,0,3,0,0,0,0,0,0,0,0,0,1
1961,200,Gene Freese,/players/f/freesge02.shtml,freesge02,27,CIN,7,152,151,152,151,0,0,0,1,151,0,0,0,0,0,1,0
1961,201,George Freese,/players/f/freesge01.shtml,freesge01,34,CHC,3,9,0,9,0,0,0,0,0,0,0,0,0,0,0,9,0
1961,202,Jim Fregosi,/players/f/fregoji01.shtml,fregoji01,19,LAA,1st,11,7,11,11,0,0,0,0,0,11,0,0,0,0,0,0
1961,203,Bob Friend,/players/f/frienbo01.shtml,frienbo01,30,PIT,11,41,35,41,41,41,0,0,0,0,0,0,0,0,0,0,0
1961,204,Frank Funk,/players/f/funkfr01.shtml,funkfr01,25,CLE,2,56,0,56,56,56,0,0,0,0,0,0,0,0,0,0,0
1961,205,John Gabler,/players/g/gablega02.shtml,gablega02,30,WSA,3,34,9,34,29,29,0,0,0,0,0,0,0,0,0,0,5
1961,206,Joe Gaines,/players/g/gainejo01.shtml,gainejo01,24,CIN,2,5,0,5,3,0,0,0,0,0,0,1,2,0,3,2,0
1961,207,Mike Garcia,/players/g/garcimi01.shtml,garcimi01,37,WSA,14,16,0,16,16,16,0,0,0,0,0,0,0,0,0,0,0
1961,208,Billy Gardner,/players/g/gardnbi02.shtml,gardnbi02,33,2TM,8,86,68,86,80,0,0,0,47,35,0,0,0,0,0,5,7
1961,209,Ned Garver,/players/g/garvene01.shtml,garvene01,35,LAA,14,12,2,12,12,12,0,0,0,0,0,0,0,0,0,0,0
1961,210,Gary Geiger,/players/g/geigega01.shtml,geigega01,24,BOS,4,140,130,140,137,0,0,0,0,0,0,0,137,0,137,7,0
1961,211,Jim Gentile,/players/g/gentiji01.shtml,gentiji01,27,BAL,4,148,137,148,144,0,0,144,0,0,0,0,0,0,0,11,0
1961,212,Dick Gernert,/players/g/gernedi01.shtml,gernedi01,32,2TM,10,46,14,46,21,0,0,21,0,0,0,0,0,0,0,29,0
1961,213,Joe Gibbon,/players/g/gibbojo01.shtml,gibbojo01,26,PIT,2,31,29,31,30,30,0,0,0,0,0,0,0,0,0,0,1
1961,214,Bob Gibson,/players/g/gibsobo01.shtml,gibsobo01,25,STL,3,40,27,40,35,35,0,0,0,0,0,0,0,0,0,0,5
1961,215,Paul Giel,/players/g/gielpa01.shtml,gielpa01,28,2TM,6,16,0,16,13,13,0,0,0,0,0,0,0,0,0,0,3
1961,216,Don Gile,/players/g/giledo01.shtml,giledo01,26,BOS,3,8,5,8,7,0,1,6,0,0,0,0,0,0,0,1,1
1961,217,Jim Gilliam,/players/g/gilliji01.shtml,gilliji01,32,LAD,9,144,110,144,133,0,0,0,71,74,0,11,0,0,11,16,3
1961,218,Joe Ginsberg,/players/g/ginsbjo01.shtml,ginsbjo01,34,2TM,12,25,2,25,8,0,8,0,0,0,0,0,0,0,0,18,0
1961,219,Fred Gladding,/players/g/gladdfr01.shtml,gladdfr01,25,DET,1st,8,0,8,8,8,0,0,0,0,0,0,0,0,0,0,0
1961,220,Jim Golden,/players/g/goldeji01.shtml,goldeji01,25,LAD,2,28,0,28,28,28,0,0,0,0,0,0,0,0,0,0,0
1961,221,Jesse Gonder,/players/g/gondeje01.shtml,gondeje01,25,NYY,2,15,0,15,0,0,0,0,0,0,0,0,0,0,0,15,0
1961,222,Tony Gonzalez,/players/g/gonzato01.shtml,gonzato01,24,PHI,2,126,107,126,118,0,0,0,0,0,0,1,87,33,118,17,0
1961,223,Billy Goodman,/players/g/goodmbi01.shtml,goodmbi01,35,CHW,15,41,5,41,9,0,0,2,1,7,0,0,0,0,0,33,0
1961,224,Julio Gotay,/players/g/gotayju01.shtml,gotayju01,22,STL,2,10,10,10,10,0,0,0,0,0,10,0,0,0,0,0,0
1961,225,Alex Grammas,/players/g/grammal01.shtml,grammal01,35,STL,8,89,46,89,85,0,0,0,18,3,66,0,0,0,0,7,2
1961,226,Mudcat Grant,/players/g/grantmu01.shtml,grantmu01,25,CLE,4,48,35,48,35,35,0,0,0,0,0,0,0,0,0,0,13
1961,227,Eli Grba,/players/g/grbael01.shtml,grbael01,26,LAA,3,42,30,42,40,40,0,0,0,0,0,0,0,0,0,0,2
1961,228,Dallas Green,/players/g/greenda02.shtml,greenda02,26,PHI,2,42,10,42,42,42,0,0,0,0,0,0,0,0,0,2,0
1961,229,Fred Green,/players/g/greenfr01.shtml,greenfr01,27,PIT,3,13,0,13,13,13,0,0,0,0,0,0,0,0,0,0,0
1961,230,Gene Green,/players/g/greenge01.shtml,greenge01,28,WSA,5,110,96,110,99,0,79,0,0,0,0,0,0,21,21,12,0
1961,231,Lenny Green,/players/g/greenle01.shtml,greenle01,28,MIN,5,156,153,156,153,0,0,0,0,0,0,58,140,4,153,3,0
1961,232,Pumpsie Green,/players/g/greenpu01.shtml,greenpu01,27,BOS,3,88,57,88,64,0,0,0,7,0,58,0,0,0,0,29,0
1961,233,Dick Groat,/players/g/groatdi01.shtml,groatdi01,30,PIT,8,148,144,148,145,0,0,0,0,1,144,0,0,0,0,3,0
1961,234,Joe Grzenda,/players/g/grzenjo01.shtml,grzenjo01,24,DET,1st,4,0,4,4,4,0,0,0,0,0,0,0,0,0,0,0
1961,235,Warren Hacker,/players/h/hackewa02.shtml,hackewa02,36,CHW,12,42,0,42,42,42,0,0,0,0,0,0,0,0,0,0,0
1961,236,Harvey Haddix,/players/h/haddiha01.shtml,haddiha01,35,PIT,10,31,22,31,29,29,0,0,0,0,0,0,0,0,0,0,2
1961,237,Bob Hale,/players/h/halebo01.shtml,halebo01,27,2TM,7,53,1,53,5,0,0,5,0,0,0,0,0,0,0,48,0
1961,238,Dick Hall,/players/h/halldi01.shtml,halldi01,30,BAL,9,30,13,30,29,29,0,0,0,0,0,0,0,0,0,0,1
1961,239,Tom Haller,/players/h/halleto01.shtml,halleto01,24,SFG,1st,30,20,30,25,0,25,0,0,0,0,0,0,0,0,5,0
1961,240,Steve Hamilton,/players/h/hamilst01.shtml,hamilst01,26,CLE,1st,2,0,2,2,2,0,0,0,0,0,0,0,0,0,0,0
1961,241,Ken Hamlin,/players/h/hamlike01.shtml,hamlike01,26,LAA,4,42,30,42,39,0,0,0,0,0,39,0,0,0,0,2,5
1961,242,Jay Hankins,/players/h/hankija01.shtml,hankija01,25,KCA,1st,77,42,77,66,0,0,0,0,0,0,22,32,15,66,4,18
1961,243,Ron Hansen,/players/h/hansero02.shtml,hansero02,23,BAL,4,155,150,155,155,0,0,0,7,0,149,0,0,0,0,0,0
1961,244,Carroll Hardy,/players/h/hardyca01.shtml,hardyca01,28,BOS,4,85,65,85,76,0,0,0,0,0,0,20,38,21,76,16,1
1961,245,Tim Harkness,/players/h/harknti01.shtml,harknti01,23,LAD,1st,5,1,5,2,0,0,2,0,0,0,0,0,0,0,3,0
1961,246,Billy Harrell,/players/h/harrebi01.shtml,harrebi01,32,BOS,4,37,7,37,20,0,0,3,0,10,7,0,0,0,0,6,19
1961,247,Wynn Hawkins,/players/h/hawkiwy01.shtml,hawkiwy01,25,CLE,2,30,21,30,30,30,0,0,0,0,0,0,0,0,0,0,0
1961,248,Roy Heiser,/players/h/heisero01.shtml,heisero01,19,WSA,1st,3,0,3,3,3,0,0,0,0,0,0,0,0,0,0,0
1961,249,Al Heist,/players/h/heistal01.shtml,heistal01,33,CHC,2,109,82,109,99,0,0,0,0,0,0,0,99,0,99,8,2
1961,250,Woodie Held,/players/h/heldwo01.shtml,heldwo01,29,CLE,6,146,143,146,144,0,0,0,0,0,144,0,0,0,0,2,0
1961,251,Russ Heman,/players/h/hemanru01.shtml,hemanru01,28,2TM,1st,12,0,12,12,12,0,0,0,0,0,0,0,0,0,0,0
1961,252,Bob Hendley,/players/h/hendlbo01.shtml,hendlbo01,22,MLN,1st,19,13,19,19,19,0,0,0,0,0,0,0,0,0,0,0
1961,253,Bill Henry,/players/h/henrybi01.shtml,henrybi01,33,CIN,8,48,0,48,47,47,0,0,0,0,0,0,0,0,0,1,0
1961,254,Ron Henry,/players/h/henryro01.shtml,henryro01,24,MIN,1st,20,4,20,6,0,5,1,0,0,0,0,0,0,0,14,0
1961,255,Ray Herbert,/players/h/herbera01.shtml,herbera01,31,2TM,9,34,32,34,34,34,0,0,0,0,0,0,0,0,0,0,0
1961,256,Rudy Hernandez,/players/h/hernaru01.shtml,hernaru01,29,WSA,2,7,0,7,7,7,0,0,0,0,0,0,0,0,0,0,0
1961,257,Pancho Herrera,/players/h/herrepa01.shtml,herrepa01,27,PHI,3,126,110,126,115,0,0,115,0,0,0,0,0,0,0,13,0
1961,258,Mike Hershberger,/players/h/hershmi01.shtml,hershmi01,21,CHW,1st,15,13,15,13,0,0,0,0,0,0,1,9,3,13,2,0
1961,259,Whitey Herzog,/players/h/herzowh01.shtml,herzowh01,29,BAL,6,113,86,113,98,0,0,0,0,0,0,27,0,73,98,23,0
1961,260,Joe Hicks,/players/h/hicksjo01.shtml,hicksjo01,28,WSA,3,12,6,12,7,0,0,0,0,0,0,3,0,4,7,6,0
1961,261,Chuck Hiller,/players/h/hillech01.shtml,hillech01,26,SFG,1st,70,63,70,67,0,0,0,67,0,0,0,0,0,0,4,0
1961,262,Dave Hillman,/players/h/hillmda01.shtml,hillmda01,33,BOS,7,28,1,28,28,28,0,0,0,0,0,0,0,0,0,0,0
1961,263,Chuck Hinton,/players/h/hintoch01.shtml,hintoch01,27,WSA,1st,106,82,106,92,0,0,0,0,0,0,73,2,20,92,12,9
1961,264,Don Hoak,/players/h/hoakdo01.shtml,hoakdo01,33,PIT,8,145,143,145,143,0,0,0,0,143,0,0,0,0,0,2,0
1961,265,Ed Hobaugh,/players/h/hobaued01.shtml,hobaued01,27,WSA,1st,27,18,27,26,26,0,0,0,0,0,0,0,0,0,0,1
1961,266,Glen Hobbie,/players/h/hobbigl01.shtml,hobbigl01,25,CHC,5,36,29,36,36,36,0,0,0,0,0,0,0,0,0,0,0
1961,267,Gil Hodges,/players/h/hodgegi01.shtml,hodgegi01,37,LAD,16,109,48,109,100,0,0,100,0,0,0,0,0,0,0,32,0
1961,268,Billy Hoeft,/players/h/hoeftbi01.shtml,hoeftbi01,29,BAL,10,35,12,35,35,35,0,0,0,0,0,0,0,0,0,0,0
1961,269,Jay Hook,/players/h/hookja01.shtml,hookja01,24,CIN,5,22,5,22,22,22,0,0,0,0,0,0,0,0,0,0,0
1961,270,Joe Horlen,/players/h/horlejo01.shtml,horlejo01,23,CHW,1st,5,4,5,5,5,0,0,0,0,0,0,0,0,0,0,0
1961,271,Frank House,/players/h/housefr03.shtml,housefr03,31,DET,10,17,5,17,14,0,14,0,0,0,0,0,0,0,0,4,0
1961,272,Elston Howard,/players/h/howarel01.shtml,howarel01,32,NYY,7,129,115,129,120,0,111,9,0,0,0,0,0,0,0,14,0
1961,273,Frank Howard,/players/h/howarfr01.shtml,howarfr01,24,LAD,4,92,66,92,71,0,0,7,0,0,0,19,0,47,65,25,0
1961,274,Dick Howser,/players/h/howsedi01.shtml,howsedi01,25,KCA,1st,158,156,158,157,0,0,0,0,0,157,0,0,0,0,2,0
1961,275,Ken Hubbs,/players/h/hubbske01.shtml,hubbske01,19,CHC,1st,10,6,10,8,0,0,0,8,0,0,0,0,0,0,2,1
1961,276,Ken Hunt,/players/h/huntke02.shtml,huntke02,22,CIN,1st,29,22,29,29,29,0,0,0,0,0,0,0,0,0,0,0
1961,277,Ken Hunt,/players/h/huntke01.shtml,huntke01,26,LAA,3,149,119,149,134,0,0,0,1,0,0,5,111,22,134,22,1
1961,278,Dick Hyde,/players/h/hydedi01.shtml,hydedi01,32,BAL,6,15,0,15,15,15,0,0,0,0,0,0,0,0,0,0,0
1961,279,Al Jackson,/players/j/jacksal01.shtml,jacksal01,25,PIT,2,5,2,5,3,3,0,0,0,0,0,0,0,0,0,0,2
1961,280,Larry Jackson,/players/j/jacksla01.shtml,jacksla01,30,STL,7,34,28,34,33,33,0,0,0,0,0,0,0,0,0,1,0
1961,281,Jake Jacobs,/players/j/jacobja01.shtml,jacobja01,24,MIN,2,4,2,4,3,0,0,0,0,0,0,0,3,0,3,1,0
1961,282,Charlie James,/players/j/jamesch01.shtml,jamesch01,23,STL,2,108,84,108,90,0,0,0,0,0,0,41,4,54,90,19,3
1961,283,Johnny James,/players/j/jamesjo01.shtml,jamesjo01,27,2TM,3,44,3,44,37,37,0,0,0,0,0,0,0,0,0,0,7
1961,284,Julian Javier,/players/j/javieju01.shtml,javieju01,24,STL,2,113,109,113,113,0,0,0,113,0,0,0,0,0,0,0,1
1961,285,Joey Jay,/players/j/jayjo01.shtml,jayjo01,25,CIN,8,34,34,34,34,34,0,0,0,0,0,0,0,0,0,0,0
1961,286,Jackie Jensen,/players/j/jenseja01.shtml,jenseja01,34,BOS,11,137,131,137,131,0,0,0,0,0,0,2,0,129,131,6,0
1961,287,Bob Johnson,/players/j/johnsbo02.shtml,johnsbo02,25,WSA,2,61,59,61,60,0,0,0,3,2,56,0,0,0,0,1,0
1961,288,Darrell Johnson,/players/j/johnsda01.shtml,johnsda01,32,2TM,5,41,36,41,41,0,41,0,0,0,0,0,0,0,0,0,0
1961,289,Deron Johnson,/players/j/johnsde01.shtml,johnsde01,22,2TM,2,96,75,96,85,0,0,3,0,27,0,28,1,30,59,13,0
1961,290,Ken Johnson,/players/j/johnske02.shtml,johnske02,28,2TM,4,21,12,21,21,21,0,0,0,0,0,0,0,0,0,0,0
1961,291,Lou Johnson,/players/j/johnslo01.shtml,johnslo01,26,LAA,2,1,0,1,1,0,0,0,0,0,0,1,0,0,1,0,0
1961,292,Stan Johnson,/players/j/johnsst01.shtml,johnsst01,24,KCA,2,3,1,3,2,0,0,0,0,0,0,0,0,2,2,2,0
1961,293,Gordon Jones,/players/j/jonesgo01.shtml,jonesgo01,31,BAL,8,3,0,3,3,3,0,0,0,0,0,0,0,0,0,0,0
1961,294,Hal Jones,/players/j/jonesha01.shtml,jonesha01,25,CLE,1st,12,9,12,10,0,0,10,0,0,0,0,0,0,0,2,1
1961,295,Mack Jones,/players/j/jonesma01.shtml,jonesma01,22,MLN,1st,28,24,28,26,0,0,0,0,0,0,0,26,0,26,2,1
1961,296,Sam Jones,/players/j/jonessa02.shtml,jonessa02,35,SFG,9,37,17,37,37,37,0,0,0,0,0,0,0,0,0,0,0
1961,297,Sherman Jones,/players/j/jonessh02.shtml,jonessh02,26,CIN,2,24,2,24,24,24,0,0,0,0,0,0,0,0,0,0,0
1961,298,Willie Jones,/players/j/joneswi01.shtml,joneswi01,35,CIN,15,9,0,9,1,0,0,0,0,1,0,0,0,0,0,8,0
1961,299,Jim Kaat,/players/k/kaatji01.shtml,kaatji01,22,MIN,3,47,29,47,36,36,0,0,0,0,0,0,0,0,0,1,10
1961,300,Al Kaline,/players/k/kalinal01.shtml,kalinal01,26,DET,9,153,148,153,148,0,0,0,0,1,0,1,22,141,147,5,0
1961,301,Eddie Kasko,/players/k/kaskoed01.shtml,kaskoed01,30,CIN,5,126,113,126,119,0,0,0,6,12,112,0,0,0,0,9,0
1961,302,Ed Keegan,/players/k/keegaed01.shtml,keegaed01,21,KCA,2,6,0,6,6,6,0,0,0,0,0,0,0,0,0,0,0
1961,303,Russ Kemmerer,/players/k/kemmeru01.shtml,kemmeru01,30,CHW,7,47,2,47,47,47,0,0,0,0,0,0,0,0,0,0,0
1961,304,Al Kenders,/players/k/kendeal01.shtml,kendeal01,24,PHI,1st,10,4,10,10,0,10,0,0,0,0,0,0,0,0,0,1
1961,305,Marty Keough,/players/k/keougma01.shtml,keougma01,27,WSA,6,135,95,135,109,0,0,10,0,0,0,59,27,20,100,23,8
1961,306,Harmon Killebrew,/players/k/killeha01.shtml,killeha01,25,MIN,8,150,150,150,150,0,0,119,0,45,0,2,0,0,2,0,0
1961,307,Jerry Kindall,/players/k/kindaje01.shtml,kindaje01,26,CHC,5,96,76,96,90,0,0,0,50,0,47,0,0,0,0,7,5
1961,308,Jim King,/players/k/kingji01.shtml,kingji01,28,WSA,5,110,65,110,92,0,1,0,0,0,0,26,0,66,91,20,6
1961,309,Bill Kirk,/players/k/kirkbi01.shtml,kirkbi01,26,KCA,1st,1,1,1,1,1,0,0,0,0,0,0,0,0,0,0,0
1961,310,Willie Kirkland,/players/k/kirklwi01.shtml,kirklwi01,27,CLE,4,146,130,146,138,0,0,0,0,0,0,0,0,138,138,15,0
1961,311,Billy Klaus,/players/k/klausbi01.shtml,klausbi01,32,WSA,9,91,59,91,70,0,0,0,1,51,18,1,0,0,1,23,5
1961,312,Lou Klimchock,/players/k/klimclo01.shtml,klimclo01,21,KCA,4,57,22,57,24,0,0,11,1,6,0,4,0,3,7,35,0
1961,313,Ron Kline,/players/k/klinero01.shtml,klinero01,29,2TM,8,36,20,36,36,36,0,0,0,0,0,0,0,0,0,0,0
1961,314,Johnny Klippstein,/players/k/klippjo01.shtml,klippjo01,33,WSA,12,42,1,42,42,42,0,0,0,0,0,0,0,0,0,0,0
1961,315,Ted Kluszewski,/players/k/kluszte01.shtml,kluszte01,36,LAA,15,107,59,107,66,0,0,66,0,0,0,0,0,0,0,47,0
1961,316,Howie Koplitz,/players/k/kopliho01.shtml,kopliho01,23,DET,1st,4,1,4,4,4,0,0,0,0,0,0,0,0,0,0,0
1961,317,Joe Koppe,/players/k/koppejo01.shtml,koppejo01,30,2TM,4,97,89,97,96,0,0,0,3,1,93,0,0,0,0,0,1
1961,318,Sandy Koufax,/players/k/koufasa01.shtml,koufasa01,25,LAD,7,42,35,42,42,42,0,0,0,0,0,0,0,0,0,0,0
1961,319,Jack Kralick,/players/k/kralija01.shtml,kralija01,26,MIN,3,33,33,33,33,33,0,0,0,0,0,0,0,0,0,0,0
1961,320,Lew Krausse,/players/k/krausle02.shtml,krausle02,18,KCA,1st,13,8,13,12,12,0,0,0,0,0,0,0,0,0,0,1
1961,321,Tony Kubek,/players/k/kubekto01.shtml,kubekto01,25,NYY,5,153,145,153,145,0,0,0,0,0,145,0,0,0,0,8,0
1961,322,Jack Kubiszyn,/players/k/kubisja01.shtml,kubisja01,24,CLE,1st,25,9,25,16,0,0,0,2,8,7,0,0,0,0,7,4
1961,323,Harvey Kuenn,/players/k/kuennha01.shtml,kuennha01,30,SFG,10,131,120,131,122,0,0,0,0,32,1,67,0,32,93,10,0
1961,324,Bill Kunkel,/players/k/kunkebi01.shtml,kunkebi01,24,KCA,1st,58,2,58,58,58,0,0,0,0,0,0,0,0,0,0,0
1961,325,Marty Kutyna,/players/k/kutynma01.shtml,kutynma01,28,WSA,3,50,6,50,50,50,0,0,0,0,0,0,0,0,0,0,0
1961,326,Clem Labine,/players/l/labincl01.shtml,labincl01,34,PIT,12,56,1,56,56,56,0,0,0,0,0,0,0,0,0,0,0
1961,327,Jim Landis,/players/l/landiji01.shtml,landiji01,27,CHW,5,140,138,140,139,0,0,0,0,0,0,0,139,0,139,2,0
1961,328,Hobie Landrith,/players/l/landrho01.shtml,landrho01,31,SFG,12,43,18,43,30,0,30,0,0,0,0,0,0,0,0,16,0
1961,329,Don Landrum,/players/l/landrdo01.shtml,landrdo01,25,STL,3,28,16,28,26,0,0,0,1,0,0,6,20,5,25,1,6
1961,330,Norm Larker,/players/l/larkeno01.shtml,larkeno01,30,LAD,4,97,79,97,86,0,0,86,0,0,0,0,0,1,1,16,0
1961,331,Don Larsen,/players/l/larsedo01.shtml,larsedo01,31,2TM,9,43,5,43,34,33,0,0,0,0,0,1,0,0,1,12,0
1961,332,Frank Lary,/players/l/laryfr01.shtml,laryfr01,31,DET,8,42,36,42,36,36,0,0,0,0,0,0,0,0,0,0,6
1961,333,Barry Latman,/players/l/latmaba01.shtml,latmaba01,25,CLE,5,45,18,45,45,45,0,0,0,0,0,0,0,0,0,0,0
1961,334,Charlie Lau,/players/l/lauch01.shtml,lauch01,28,2TM,5,45,37,45,42,0,42,0,0,0,0,0,0,0,0,3,0
1961,335,Vern Law,/players/l/lawve01.shtml,lawve01,31,PIT,10,11,10,11,11,11,0,0,0,0,0,0,0,0,0,0,0
1961,336,Don Lee,/players/l/leedo01.shtml,leedo01,27,MIN,4,37,10,37,37,37,0,0,0,0,0,0,0,0,0,0,0
1961,337,Gene Leek,/players/l/leekge01.shtml,leekge01,24,LAA,2,57,52,57,56,0,0,0,0,49,7,1,0,0,1,0,2
1961,338,Jim Lehew,/players/l/lehewji01.shtml,lehewji01,23,BAL,1st,2,0,2,2,2,0,0,0,0,0,0,0,0,0,0,0
1961,339,Ken Lehman,/players/l/lehmake01.shtml,lehmake01,33,PHI,5,42,2,42,41,41,0,0,0,0,0,0,0,0,0,1,0
1961,340,Dick LeMay,/players/l/lemaydi01.shtml,lemaydi01,22,SFG,1st,27,5,27,27,27,0,0,0,0,0,0,0,0,0,0,0
1961,341,Jim Lemon,/players/l/lemonji01.shtml,lemonji01,33,MIN,10,129,119,129,120,0,0,0,0,0,0,120,0,1,120,10,0
1961,342,Ted Lepcio,/players/l/lepcite01.shtml,lepcite01,31,2TM,10,52,29,52,45,0,0,0,22,36,6,0,0,0,0,6,1
1961,343,Don Leppert,/players/l/leppedo02.shtml,leppedo02,29,PIT,1st,22,15,22,21,0,21,0,0,0,0,0,0,0,0,3,0
1961,344,Bob Lillis,/players/l/lillibo01.shtml,lillibo01,31,2TM,4,105,67,105,91,0,0,0,25,12,57,0,0,0,0,4,15
1961,345,Bobby Locke,/players/l/lockebo01.shtml,lockebo01,27,CLE,3,37,4,37,37,37,0,0,0,0,0,0,0,0,0,0,0
1961,346,Billy Loes,/players/l/loesbi01.shtml,loesbi01,31,SFG,11,26,18,26,26,26,0,0,0,0,0,0,0,0,0,0,0
1961,347,Johnny Logan,/players/l/loganjo01.shtml,loganjo01,35,2TM,11,45,9,45,15,0,0,0,0,7,8,0,0,0,0,31,0
1961,348,Sherm Lollar,/players/l/lollash01.shtml,lollash01,36,CHW,16,116,93,116,107,0,107,0,0,0,0,0,0,0,0,12,0
1961,349,Dale Long,/players/l/longda02.shtml,longda02,35,WSA,8,123,94,123,95,0,0,95,0,0,0,0,0,0,0,29,0
1961,350,Dean Look,/players/l/lookde01.shtml,lookde01,23,CHW,1st,3,1,3,1,0,0,0,0,0,0,1,0,0,1,2,0
1961,351,Hector Lopez,/players/l/lopezhe01.shtml,lopezhe01,31,NYY,7,93,58,93,72,0,0,0,0,0,0,65,0,9,72,22,3
1961,352,Turk Lown,/players/l/lowntu01.shtml,lowntu01,37,CHW,10,60,0,60,59,59,0,0,0,0,0,0,0,0,0,0,1
1961,353,Jerry Lumpe,/players/l/lumpeje01.shtml,lumpeje01,28,KCA,6,148,146,148,147,0,0,0,147,0,0,0,0,0,0,1,0
1961,354,Al Luplow,/players/l/luploal01.shtml,luploal01,22,CLE,1st,5,5,5,5,0,0,0,0,0,0,1,0,4,5,0,0
1961,355,Jerry Lynch,/players/l/lynchje01.shtml,lynchje01,30,CIN,8,96,36,96,44,0,0,0,0,0,0,42,0,2,44,59,0
1961,356,Duke Maas,/players/m/maasdu01.shtml,maasdu01,32,NYY,7,1,0,1,1,1,0,0,0,0,0,0,0,0,0,0,0
1961,357,Gordon MacKenzie,/players/m/mackego01.shtml,mackego01,23,KCA,1st,11,5,11,7,0,7,0,0,0,0,0,0,0,0,6,0
1961,358,Ken MacKenzie,/players/m/mackeke01.shtml,mackeke01,27,MLN,2,5,0,5,5,5,0,0,0,0,0,0,0,0,0,0,0
1961,359,Hector Maestri,/players/m/maesthe01.shtml,maesthe01,26,WSA,2,1,1,1,1,1,0,0,0,0,0,0,0,0,0,0,0
1961,360,Art Mahaffey,/players/m/mahafar01.shtml,mahafar01,23,PHI,2,36,32,36,36,36,0,0,0,0,0,0,0,0,0,0,0
1961,361,Jim Mahoney,/players/m/mahonji01.shtml,mahonji01,27,WSA,2,43,28,43,33,0,0,0,2,0,31,0,0,0,0,1,12
1961,362,Bobby Malkmus,/players/m/malkmbo01.shtml,malkmbo01,29,PHI,5,121,81,121,112,0,0,0,58,25,34,0,0,0,0,8,12
1961,363,Jim Maloney,/players/m/malonji01.shtml,malonji01,21,CIN,2,30,11,30,28,27,0,0,0,0,0,1,0,0,1,1,2
1961,364,Frank Malzone,/players/m/malzofr01.shtml,malzofr01,31,BOS,7,151,148,151,149,0,0,0,0,149,0,0,0,0,0,2,1
1961,365,Felix Mantilla,/players/m/mantife01.shtml,mantife01,26,MLN,6,45,22,45,40,0,0,0,10,6,19,2,5,3,10,5,2
1961,366,Mickey Mantle,/players/m/mantlmi01.shtml,mantlmi01,29,NYY,11,153,149,153,150,0,0,0,0,0,0,0,150,0,150,3,0
1961,367,Juan Marichal,/players/m/maricju01.shtml,maricju01,23,SFG,2,30,27,30,29,29,0,0,0,0,0,0,0,0,0,0,1
1961,368,Roger Maris,/players/m/marisro01.shtml,marisro01,26,NYY,5,161,160,161,160,0,0,0,0,0,0,0,17,150,160,1,0
1961,369,Jim Marshall,/players/m/marshji01.shtml,marshji01,30,SFG,4,44,1,44,6,0,0,4,0,0,0,1,0,1,2,38,0
1961,370,Billy Martin,/players/m/martibi02.shtml,martibi02,33,2TM,11,114,91,114,106,0,0,0,105,0,1,0,0,0,0,9,0
1961,371,J.C. Martin,/players/m/martij.01.shtml,martij.01,24,CHW,3,110,70,110,96,0,0,60,0,36,0,0,0,0,0,12,8
1961,372,Eddie Mathews,/players/m/matheed01.shtml,matheed01,29,MLN,10,152,151,152,151,0,0,0,0,151,0,0,0,0,0,1,0
1961,373,Nelson Mathews,/players/m/mathene01.shtml,mathene01,19,CHC,2,3,2,3,2,0,0,0,0,0,0,0,2,0,2,1,0
1961,374,Carl Mathias,/players/m/mathica01.shtml,mathica01,25,WSA,2,4,3,4,4,4,0,0,0,0,0,0,0,0,0,0,0
1961,375,Charlie Maxwell,/players/m/maxwech01.shtml,maxwech01,34,DET,11,79,22,79,25,0,0,0,0,0,0,22,0,4,25,56,0
1961,376,Lee Maye,/players/m/mayele01.shtml,mayele01,26,MLN,3,110,85,110,96,0,0,0,0,0,0,25,0,73,96,21,3
1961,377,Willie Mays,/players/m/mayswi01.shtml,mayswi01,30,SFG,10,154,151,154,153,0,0,0,0,0,0,0,153,0,153,1,0
1961,378,Bill Mazeroski,/players/m/mazerbi01.shtml,mazerbi01,24,PIT,6,152,151,152,152,0,0,0,152,0,0,0,0,0,0,0,0
1961,379,Jim McAnany,/players/m/mcanaji01.shtml,mcanaji01,24,CHC,4,11,0,11,1,0,0,0,0,0,0,0,0,1,1,11,0
1961,380,Dick McAuliffe,/players/m/mcauldi01.shtml,mcauldi01,21,DET,2,80,70,80,74,0,0,0,0,22,55,0,0,0,0,8,0
1961,381,Al McBean,/players/m/mcbeaal01.shtml,mcbeaal01,23,PIT,1st,28,2,28,27,27,0,0,0,0,0,0,0,0,0,0,1
1961,382,Ken McBride,/players/m/mcbrike01.shtml,mcbrike01,25,LAA,3,45,36,45,38,38,0,0,0,0,0,0,0,0,0,0,7
1961,383,Tim McCarver,/players/m/mccarti01.shtml,mccarti01,19,STL,3,22,17,22,20,0,20,0,0,0,0,0,0,0,0,2,3
1961,384,Joe McClain,/players/m/mcclajo01.shtml,mcclajo01,28,WSA,1st,33,29,33,33,33,0,0,0,0,0,0,0,0,0,0,0
1961,385,Mike McCormick,/players/m/mccormi03.shtml,mccormi03,22,SFG,6,40,35,40,40,40,0,0,0,0,0,0,0,0,0,0,0
1961,386,Willie McCovey,/players/m/mccovwi01.shtml,mccovwi01,23,SFG,3,106,79,106,84,0,0,84,0,0,0,0,0,0,0,23,0
1961,387,Lindy McDaniel,/players/m/mcdanli01.shtml,mcdanli01,25,STL,7,55,0,55,55,55,0,0,0,0,0,0,0,0,0,0,0
1961,388,Mickey McDermott,/players/m/mcdermi03.shtml,mcdermi03,32,2TM,12,29,0,29,23,23,0,0,0,0,0,0,0,0,0,10,0
1961,389,Danny McDevitt,/players/m/mcdevda01.shtml,mcdevda01,28,2TM,5,24,3,24,24,24,0,0,0,0,0,0,0,0,0,0,0
1961,390,Sam McDowell,/players/m/mcdowsa01.shtml,mcdowsa01,18,CLE,1st,1,1,1,1,1,0,0,0,0,0,0,0,0,0,0,0
1961,391,Cal McLish,/players/m/mclisca01.shtml,mclisca01,35,CHW,12,31,27,31,31,31,0,0,0,0,0,0,0,0,0,0,0
1961,392,Don McMahon,/players/m/mcmahdo02.shtml,mcmahdo02,31,MLN,5,53,0,53,53,53,0,0,0,0,0,0,0,0,0,0,0
1961,393,Roy McMillan,/players/m/mcmilro01.shtml,mcmilro01,31,MLN,11,154,154,154,154,0,0,0,0,0,154,0,0,0,0,0,0
1961,394,Roman Mejias,/players/m/mejiaro01.shtml,mejiaro01,30,PIT,6,4,0,4,2,0,0,0,0,0,0,2,0,0,2,1,2
1961,395,Jack Meyer,/players/m/meyerja01.shtml,meyerja01,29,PHI,7,1,0,1,1,1,0,0,0,0,0,0,0,0,0,0,0
1961,396,Bob Miller,/players/m/millebo04.shtml,millebo04,22,STL,4,35,5,35,34,34,0,0,0,0,0,0,0,0,0,0,1
1961,397,Stu Miller,/players/m/millest01.shtml,millest01,33,SFG,9,64,0,64,63,63,0,0,0,0,0,0,0,0,0,0,1
1961,398,Don Mincher,/players/m/minchdo01.shtml,minchdo01,23,MIN,2,35,24,35,29,0,0,29,0,0,0,0,0,0,0,11,0
1961,399,Minnie Minoso,/players/m/minosmi01.shtml,minosmi01,35,CHW,12,152,147,152,147,0,0,0,0,0,0,147,0,0,147,1,4
1961,400,Vinegar Bend Mizell,/players/m/mizelvi01.shtml,mizelvi01,30,PIT,8,25,17,25,25,25,0,0,0,0,0,0,0,0,0,0,0
1961,401,Ron Moeller,/players/m/moellro01.shtml,moellro01,22,LAA,3,35,18,35,33,33,0,0,0,0,0,0,0,0,0,0,2
1961,402,Bill Monbouquette,/players/m/monbobi01.shtml,monbobi01,24,BOS,4,33,32,33,32,32,0,0,0,0,0,0,0,0,0,0,1
1961,403,Manny Montejo,/players/m/montema01.shtml,montema01,25,DET,1st,12,0,12,12,12,0,0,0,0,0,0,0,0,0,0,0
1961,404,Wally Moon,/players/m/moonwa01.shtml,moonwa01,31,LAD,8,134,131,134,133,0,0,0,0,0,0,126,0,19,133,3,0
1961,405,Ray Moore,/players/m/moorera02.shtml,moorera02,35,MIN,9,46,0,46,46,46,0,0,0,0,0,0,0,0,0,0,0
1961,406,Billy Moran,/players/m/moranbi02.shtml,moranbi02,27,LAA,3,54,49,54,52,0,0,0,50,0,3,0,0,0,0,2,1
1961,407,Seth Morehead,/players/m/morehse01.shtml,morehse01,26,MLN,5,12,0,12,12,12,0,0,0,0,0,0,0,0,0,0,0
1961,408,Joe Morgan,/players/m/morgajo01.shtml,morgajo01,30,CLE,3,4,2,4,2,0,0,0,0,0,0,0,2,0,2,2,0
1961,409,Tom Morgan,/players/m/morgato01.shtml,morgato01,31,LAA,10,59,0,59,59,59,0,0,0,0,0,0,0,0,0,0,0
1961,410,Moe Morhardt,/players/m/morhamo01.shtml,morhamo01,24,CHC,1st,7,7,7,7,0,0,7,0,0,0,0,0,0,0,0,0
1961,411,Bubba Morton,/players/m/mortobu01.shtml,mortobu01,29,DET,1st,77,18,77,30,0,0,0,0,0,0,8,2,20,30,43,11
1961,412,Walt Moryn,/players/m/morynwa01.shtml,morynwa01,35,2TM,8,57,16,57,18,0,0,0,0,0,0,8,0,10,18,39,0
1961,413,Don Mossi,/players/m/mossido01.shtml,mossido01,32,DET,8,35,34,35,35,35,0,0,0,0,0,0,0,0,0,0,0
1961,414,Billy Muffett,/players/m/muffebi01.shtml,muffebi01,30,BOS,5,38,11,38,38,38,0,0,0,0,0,0,0,0,0,0,0
1961,415,Danny Murphy,/players/m/murphda04.shtml,murphda04,18,CHC,2,4,4,4,4,0,0,0,0,0,0,0,0,4,4,0,0
1961,416,Stan Musial,/players/m/musiast01.shtml,musiast01,40,STL,20,123,99,123,102,0,0,0,0,0,0,102,0,0,102,24,0
1961,417,Hal Naragon,/players/n/naragha01.shtml,naragha01,32,MIN,9,57,30,57,36,0,36,0,0,0,0,0,0,0,0,23,0
1961,418,Charlie Neal,/players/n/nealch01.shtml,nealch01,30,LAD,6,108,88,108,104,0,0,0,104,0,0,0,0,0,0,5,3
1961,419,Cal Neeman,/players/n/neemaca01.shtml,neemaca01,32,PHI,5,19,10,19,19,0,19,0,0,0,0,0,0,0,0,0,0
1961,420,Rocky Nelson,/players/n/nelsoro01.shtml,nelsoro01,36,PIT,9,75,23,75,35,0,0,35,0,0,0,0,0,0,0,41,1
1961,421,Chet Nichols,/players/n/nichoch02.shtml,nichoch02,30,BOS,6,26,2,26,26,26,0,0,0,0,0,0,0,0,0,0,0
1961,422,Bob Nieman,/players/n/niemabo01.shtml,niemabo01,34,2TM,11,45,15,45,16,0,0,0,0,0,0,11,0,5,16,30,0
1961,423,Ron Nischwitz,/players/n/nischro01.shtml,nischro01,23,DET,1st,6,1,6,6,6,0,0,0,0,0,0,0,0,0,0,0
1961,424,Russ Nixon,/players/n/nixonru01.shtml,nixonru01,26,BOS,5,87,59,87,66,0,66,0,0,0,0,0,0,0,0,22,0
1961,425,Don Nottebart,/players/n/nottedo01.shtml,nottedo01,25,MLN,2,38,11,38,38,38,0,0,0,0,0,0,0,0,0,0,0
1961,426,Howie Nunn,/players/n/nunnho01.shtml,nunnho01,25,CIN,2,24,0,24,24,24,0,0,0,0,0,0,0,0,0,0,0
1961,427,Joe Nuxhall,/players/n/nuxhajo01.shtml,nuxhajo01,32,KCA,11,56,13,56,37,37,0,0,0,0,0,0,0,0,0,26,0
1961,428,Danny O'Connell,/players/o/o'conda02.shtml,o'conda02,32,WSA,9,138,132,138,133,0,0,0,60,74,0,0,0,0,0,5,0
1961,429,Billy O'Dell,/players/o/o'delbi01.shtml,o'delbi01,28,SFG,7,49,14,49,46,46,0,0,0,0,0,0,0,0,0,0,3
1961,430,Jim O'Toole,/players/o/o'tooji01.shtml,o'tooji01,24,CIN,4,39,35,39,39,39,0,0,0,0,0,0,0,0,0,0,0
1961,431,Bob Oldis,/players/o/oldisbo01.shtml,oldisbo01,33,PIT,5,4,1,4,4,0,4,0,0,0,0,0,0,0,0,0,0
1961,432,Ed Olivares,/players/o/olivaed01.shtml,olivaed01,22,STL,2,21,5,21,10,0,0,0,0,0,0,5,0,5,10,11,0
1961,433,Gene Oliver,/players/o/olivege01.shtml,olivege01,26,STL,2,22,13,22,16,0,15,0,0,0,0,1,0,0,1,7,0
1961,434,Chi-Chi Olivo,/players/o/olivoch01.shtml,olivoch01,33,MLN,1st,3,0,3,3,3,0,0,0,0,0,0,0,0,0,0,0
1961,435,John Orsino,/players/o/orsinjo01.shtml,orsinjo01,23,SFG,1st,25,22,25,25,0,25,0,0,0,0,0,0,0,0,3,0
1961,436,Phil Ortega,/players/o/ortegph01.shtml,ortegph01,21,LAD,2,4,2,4,4,4,0,0,0,0,0,0,0,0,0,0,0
1961,437,Bobo Osborne,/players/o/osborbo02.shtml,osborbo02,25,DET,4,71,14,71,18,0,0,11,0,8,0,0,0,0,0,53,0
1961,438,Claude Osteen,/players/o/osteecl01.shtml,osteecl01,21,2TM,4,9,3,9,5,4,0,0,0,0,0,1,0,0,1,0,4
1961,439,Jim Owens,/players/o/owensji01.shtml,owensji01,27,PHI,6,21,18,21,21,20,0,0,0,0,0,0,0,1,1,0,0
1961,440,Jose Pagan,/players/p/paganjo01.shtml,paganjo01,26,SFG,3,134,128,134,134,0,0,0,0,0,132,3,0,2,4,1,3
1961,441,Jim Pagliaroni,/players/p/pagliji01.shtml,pagliji01,23,BOS,3,120,102,120,108,0,108,0,0,0,0,0,0,0,0,15,0
1961,442,Ed Palmquist,/players/p/palmqed01.shtml,palmqed01,28,2TM,2,14,2,14,14,14,0,0,0,0,0,0,0,0,0,0,0
1961,443,John Papa,/players/p/papajo01.shtml,papajo01,20,BAL,1st,2,0,2,2,2,0,0,0,0,0,0,0,0,0,0,0
1961,444,Milt Pappas,/players/p/pappami01.shtml,pappami01,22,BAL,5,26,23,26,26,26,0,0,0,0,0,0,0,0,0,0,0
1961,445,Camilo Pascual,/players/p/pascuca02.shtml,pascuca02,27,MIN,8,35,33,35,35,35,0,0,0,0,0,0,0,0,0,0,0
1961,446,Albie Pearson,/players/p/pearsal02.shtml,pearsal02,26,LAA,4,144,107,144,113,0,0,0,0,0,0,1,46,76,113,30,6
1961,447,Ron Perranoski,/players/p/perraro01.shtml,perraro01,25,LAD,1st,53,1,53,53,53,0,0,0,0,0,0,0,0,0,0,0
1961,448,Jim Perry,/players/p/perryji01.shtml,perryji01,25,CLE,3,35,35,35,35,35,0,0,0,0,0,0,0,0,0,0,0
1961,449,Gary Peters,/players/p/peterga01.shtml,peterga01,24,CHW,3,3,0,3,3,3,0,0,0,0,0,0,0,0,0,0,0
1961,450,Dan Pfister,/players/p/pfistda01.shtml,pfistda01,24,KCA,1st,2,0,2,2,2,0,0,0,0,0,0,0,0,0,0,0
1961,451,Dave Philley,/players/p/phillda01.shtml,phillda01,41,BAL,17,99,18,99,26,0,0,1,0,0,0,22,0,3,25,79,0
1961,452,Bubba Phillips,/players/p/phillbu02.shtml,phillbu02,33,CLE,7,143,143,143,143,0,0,0,0,143,0,0,0,0,0,0,0
1961,453,Ron Piche,/players/p/pichero01.shtml,pichero01,26,MLN,2,12,1,12,12,12,0,0,0,0,0,0,0,0,0,0,0
1961,454,Billy Pierce,/players/p/piercbi02.shtml,piercbi02,34,CHW,15,39,28,39,39,39,0,0,0,0,0,0,0,0,0,0,0
1961,455,Jim Piersall,/players/p/piersji01.shtml,piersji01,31,CLE,11,121,119,121,120,0,0,0,0,0,0,0,120,0,120,1,0
1961,456,Joe Pignatano,/players/p/pignajo01.shtml,pignajo01,31,KCA,5,92,74,92,85,0,83,0,0,2,0,0,0,0,0,8,4
1961,457,Al Pilarcik,/players/p/pilaral01.shtml,pilaral01,30,2TM,6,82,25,82,38,0,0,0,0,0,0,2,16,20,38,36,13
1961,458,Vada Pinson,/players/p/pinsova01.shtml,pinsova01,22,CIN,4,154,151,154,153,0,0,0,0,0,0,0,153,0,153,1,0
1961,459,Juan Pizarro,/players/p/pizarju01.shtml,pizarju01,24,CHW,5,40,25,40,39,39,0,0,0,0,0,0,0,0,0,0,1
1961,460,Bill Pleis,/players/p/pleisbi01.shtml,pleisbi01,23,MIN,1st,37,0,37,37,37,0,0,0,0,0,0,0,0,0,0,0
1961,461,Johnny Podres,/players/p/podrejo01.shtml,podrejo01,28,LAD,8,32,29,32,32,32,0,0,0,0,0,0,0,0,0,0,0
1961,462,Leo Posada,/players/p/posadle01.shtml,posadle01,25,KCA,2,116,93,116,103,0,0,0,0,0,0,72,20,27,103,17,3
1961,463,Wally Post,/players/p/postwa01.shtml,postwa01,31,CIN,12,99,72,99,81,0,0,0,0,0,0,44,0,37,81,25,0
1961,464,Boog Powell,/players/p/powelbo01.shtml,powelbo01,19,BAL,1st,4,3,4,3,0,0,0,0,0,0,3,0,0,3,1,0
1961,465,Vic Power,/players/p/powervi01.shtml,powervi01,33,CLE,8,147,146,147,147,0,0,141,7,0,0,0,0,0,0,0,0
1961,466,Bobby Prescott,/players/p/prescbo01.shtml,prescbo01,30,KCA,1st,10,2,10,2,0,0,0,0,0,0,2,0,0,2,7,1
1961,467,Bob Purkey,/players/p/purkebo01.shtml,purkebo01,31,CIN,8,36,34,36,36,36,0,0,0,0,0,0,0,0,0,0,0
1961,468,Ed Rakow,/players/r/rakowed01.shtml,rakowed01,26,KCA,2,45,11,45,45,45,0,0,0,0,0,0,0,0,0,0,0
1961,469,Pedro Ramos,/players/r/ramospe01.shtml,ramospe01,26,MIN,7,53,34,53,42,42,0,0,0,0,0,0,0,0,0,0,11
1961,470,Claude Raymond,/players/r/raymocl01.shtml,raymocl01,24,MLN,2,13,0,13,13,13,0,0,0,0,0,0,0,0,0,0,0
1961,471,Jack Reed,/players/r/reedja01.shtml,reedja01,28,NYY,1st,28,3,28,27,0,0,0,0,0,0,12,14,1,27,0,7
1961,472,Phil Regan,/players/r/reganph01.shtml,reganph01,24,DET,2,33,16,33,32,32,0,0,0,0,0,0,0,0,0,0,1
1961,473,Hal Reniff,/players/r/renifha01.shtml,renifha01,22,NYY,1st,25,0,25,25,25,0,0,0,0,0,0,0,0,0,0,0
1961,474,Rip Repulski,/players/r/repulri01.shtml,repulri01,32,BOS,9,15,4,15,4,0,0,0,0,0,0,4,0,0,4,11,0
1961,475,Ken Retzer,/players/r/retzeke01.shtml,retzeke01,27,WSA,1st,16,15,16,16,0,16,0,0,0,0,0,0,0,0,1,0
1961,476,Del Rice,/players/r/ricede01.shtml,ricede01,38,LAA,17,44,27,44,30,0,30,0,0,0,0,0,0,0,0,15,0
1961,477,Bobby Richardson,/players/r/richabo01.shtml,richabo01,25,NYY,7,162,160,162,161,0,0,0,161,0,0,0,0,0,0,1,0
1961,478,Jim Rivera,/players/r/riverji01.shtml,riverji01,39,2TM,10,65,34,65,43,0,0,0,0,0,0,0,7,36,43,26,2
1961,479,Mel Roach,/players/r/roachme01.shtml,roachme01,28,2TM,7,36,19,36,23,0,0,8,7,0,0,9,0,0,9,14,0
1961,480,Mike Roarke,/players/r/roarkmi01.shtml,roarkmi01,30,DET,1st,86,67,86,85,0,85,0,0,0,0,0,0,0,0,1,1
1961,481,Robin Roberts,/players/r/roberro01.shtml,roberro01,34,PHI,14,26,18,26,26,26,0,0,0,0,0,0,0,0,0,0,0
1961,482,Brooks Robinson,/players/r/robinbr01.shtml,robinbr01,24,BAL,7,163,162,163,163,0,0,0,2,163,1,0,0,0,0,0,0
1961,483,Earl Robinson,/players/r/robinea01.shtml,robinea01,24,BAL,2,96,53,96,82,0,0,0,0,0,0,6,1,78,82,22,6
1961,484,Floyd Robinson,/players/r/robinfl01.shtml,robinfl01,25,CHW,2,132,102,132,107,0,0,0,0,0,0,0,0,107,107,27,1
1961,485,Frank Robinson,/players/r/robinfr02.shtml,robinfr02,25,CIN,6,153,149,153,150,0,0,0,0,1,0,59,4,92,150,4,0
1961,486,Andre Rodgers,/players/r/rodgean01.shtml,rodgean01,26,CHC,5,73,57,73,66,0,0,43,1,0,24,0,0,2,2,8,1
1961,487,Buck Rodgers,/players/r/rodgebu01.shtml,rodgebu01,22,LAA,1st,16,13,16,14,0,14,0,0,0,0,0,0,0,0,3,0
1961,488,Ed Roebuck,/players/r/roebued01.shtml,roebued01,29,LAD,6,5,0,5,5,5,0,0,0,0,0,0,0,0,0,0,0
1961,489,Rich Rollins,/players/r/rolliri01.shtml,rolliri01,23,MIN,1st,13,4,13,9,0,0,0,5,4,0,0,0,0,0,4,1
1961,490,John Romano,/players/r/romanjo01.shtml,romanjo01,26,CLE,4,142,140,142,141,0,141,0,0,0,0,0,0,0,0,2,0
1961,491,Phil Roof,/players/r/roofph01.shtml,roofph01,20,MLN,1st,1,0,1,1,0,1,0,0,0,0,0,0,0,0,0,0
1961,492,John Roseboro,/players/r/rosebjo01.shtml,rosebjo01,28,LAD,5,128,117,128,125,0,125,0,0,0,0,0,0,0,0,9,0
1961,493,Bob Roselli,/players/r/roselbo01.shtml,roselbo01,29,CHW,4,22,7,22,10,0,10,0,0,0,0,0,0,0,0,13,0
1961,494,Pete Runnels,/players/r/runnepe01.shtml,runnepe01,33,BOS,11,143,88,143,121,0,0,113,6,11,1,0,0,0,0,31,6
1961,495,Ray Sadecki,/players/s/sadecra01.shtml,sadecra01,20,STL,2,36,31,36,31,31,0,0,0,0,0,0,0,0,0,1,4
1961,496,Bob Sadowski,/players/s/sadowbo01.shtml,sadowbo01,24,PHI,2,16,13,16,14,0,0,0,0,14,0,0,0,0,0,3,0
1961,497,Ed Sadowski,/players/s/sadowed01.shtml,sadowed01,30,LAA,2,69,44,69,56,0,56,0,0,0,0,0,0,0,0,9,5
1961,498,Ted Sadowski,/players/s/sadowte01.shtml,sadowte01,25,MIN,2,15,1,15,15,15,0,0,0,0,0,0,0,0,0,0,0
1961,499,Jack Sanford,/players/s/sanfoja02.shtml,sanfoja02,32,SFG,6,39,33,39,38,38,0,0,0,0,0,0,0,0,0,0,1
1961,500,Ron Santo,/players/s/santoro01.shtml,santoro01,21,CHC,2,154,152,154,153,0,0,0,0,153,0,0,0,0,0,1,0
1961,501,Tom Satriano,/players/s/satrito01.shtml,satrito01,20,LAA,1st,35,25,35,30,0,0,0,10,23,1,0,0,0,0,4,2
1961,502,Carl Sawatski,/players/s/sawatca01.shtml,sawatca01,33,STL,9,86,39,86,61,0,60,0,0,0,0,0,1,0,1,43,0
1961,503,Jimmie Schaffer,/players/s/schafji01.shtml,schafji01,25,STL,1st,68,45,68,68,0,68,0,0,0,0,0,0,0,0,3,5
1961,504,Joe Schaffernoth,/players/s/schafjo01.shtml,schafjo01,23,2TM,3,36,0,36,36,36,0,0,0,0,0,0,0,0,0,0,0
1961,505,Chuck Schilling,/players/s/schilch01.shtml,schilch01,23,BOS,1st,158,157,158,158,0,0,0,158,0,0,0,0,0,0,1,0
1961,506,Bob Schmidt,/players/s/schmibo02.shtml,schmibo02,28,2TM,4,29,24,29,29,0,29,0,0,0,0,0,0,0,0,0,0
1961,507,Red Schoendienst,/players/s/schoere01.shtml,schoere01,38,STL,17,72,14,72,32,0,0,0,32,0,0,0,0,0,0,54,0
1961,508,Dick Schofield,/players/s/schofdi01.shtml,schofdi01,26,PIT,9,60,15,60,28,0,0,0,6,11,8,2,0,2,3,20,15
1961,509,Al Schroll,/players/s/schroal01.shtml,schroal01,29,MIN,4,11,8,11,11,11,0,0,0,0,0,0,0,0,0,0,0
1961,510,Barney Schultz,/players/s/schulba01.shtml,schulba01,34,CHC,3,41,0,41,41,41,0,0,0,0,0,0,0,0,0,0,0
1961,511,Don Schwall,/players/s/schwado01.shtml,schwado01,25,BOS,1st,27,25,27,25,25,0,0,0,0,0,0,0,0,0,0,2
1961,512,Herb Score,/players/s/scorehe01.shtml,scorehe01,28,CHW,7,8,5,8,8,8,0,0,0,0,0,0,0,0,0,0,0
1961,513,Ray Semproch,/players/s/semprra01.shtml,semprra01,30,LAA,4,2,0,2,2,2,0,0,0,0,0,0,0,0,0,0,0
1961,514,Bobby Shantz,/players/s/shantbo01.shtml,shantbo01,35,PIT,13,44,6,44,43,43,0,0,0,0,0,0,0,0,0,0,1
1961,515,Bob Shaw,/players/s/shawbo01.shtml,shawbo01,28,2TM,5,42,34,42,40,40,0,0,0,0,0,0,0,0,0,0,2
1961,516,Rollie Sheldon,/players/s/sheldro01.shtml,sheldro01,24,NYY,1st,36,21,36,35,35,0,0,0,0,0,0,0,0,0,0,1
1961,517,Larry Sherry,/players/s/sherrla01.shtml,sherrla01,25,LAD,4,53,1,53,53,53,0,0,0,0,0,0,0,0,0,0,0
1961,518,Norm Sherry,/players/s/sherrno01.shtml,sherrno01,29,LAD,3,47,31,47,45,0,45,0,0,0,0,0,0,0,0,11,0
1961,519,Barry Shetrone,/players/s/shetrba01.shtml,shetrba01,22,BAL,3,3,1,3,2,0,0,0,0,0,0,0,2,0,2,1,0
1961,520,Charlie Shoemaker,/players/s/shoemch01.shtml,shoemch01,21,KCA,1st,7,6,7,6,0,0,0,6,0,0,0,0,0,0,1,0
1961,521,Chris Short,/players/s/shortch02.shtml,shortch02,23,PHI,3,40,17,40,40,39,1,0,0,0,0,0,0,0,0,0,0
1961,522,Norm Siebern,/players/s/siebeno01.shtml,siebeno01,27,KCA,5,153,151,153,152,0,0,109,0,0,0,47,0,0,47,2,0
1961,523,Roy Sievers,/players/s/sievero01.shtml,sievero01,34,CHW,13,141,129,141,132,0,0,132,0,0,0,0,0,0,0,12,0
1961,524,Curt Simmons,/players/s/simmocu01.shtml,simmocu01,32,STL,14,32,29,32,30,30,0,0,0,0,0,0,0,0,0,0,2
1961,525,Dave Sisler,/players/s/sisleda01.shtml,sisleda01,29,WSA,6,45,1,45,45,45,0,0,0,0,0,0,0,0,0,0,0
1961,526,Bob Skinner,/players/s/skinnbo01.shtml,skinnbo01,29,PIT,7,119,96,119,97,0,0,0,0,0,0,97,0,0,97,21,2
1961,527,Bill Skowron,/players/s/skowrbi01.shtml,skowrbi01,30,NYY,8,150,147,150,149,0,0,149,0,0,0,0,0,0,0,1,0
1961,528,Al Smith,/players/s/smithal04.shtml,smithal04,33,CHW,9,147,140,147,142,0,0,0,0,80,0,10,3,59,71,7,0
1961,529,Bobby Smith,/players/s/smithbo04.shtml,smithbo04,27,PHI,5,79,37,79,47,0,0,0,0,0,0,34,3,11,47,34,1
1961,530,Charley Smith,/players/s/smithch04.shtml,smithch04,23,2TM,2,121,112,121,113,0,0,0,0,98,17,0,0,0,0,5,3
1961,531,Hal Smith,/players/s/smithha08.shtml,smithha08,30,PIT,7,67,55,67,65,0,65,0,0,0,0,0,0,0,0,2,0
1961,532,Hal Smith,/players/s/smithha09.shtml,smithha09,30,STL,6,45,42,45,45,0,45,0,0,0,0,0,0,0,0,0,0
1961,533,Duke Snider,/players/s/snidedu01.shtml,snidedu01,34,LAD,15,85,57,85,66,0,0,0,0,0,0,0,24,51,66,23,2
1961,534,Jim Snyder,/players/s/snydeji02.shtml,snydeji02,28,MIN,1st,3,1,3,3,0,0,0,3,0,0,0,0,0,0,0,0
1961,535,Russ Snyder,/players/s/snyderu01.shtml,snyderu01,27,BAL,3,115,74,115,108,0,0,0,0,0,0,76,27,22,108,10,10
1961,536,Warren Spahn,/players/s/spahnwa01.shtml,spahnwa01,40,MLN,17,39,34,39,38,38,0,0,0,0,0,0,0,0,0,1,0
1961,537,Al Spangler,/players/s/spangal01.shtml,spangal01,27,MLN,3,68,19,68,44,0,0,0,0,0,0,23,21,1,44,21,13
1961,538,Daryl Spencer,/players/s/spencda01.shtml,spencda01,32,2TM,8,97,94,97,96,0,0,0,0,57,40,0,0,0,0,1,0
1961,539,Jack Spring,/players/s/sprinja01.shtml,sprinja01,28,LAA,4,18,4,18,18,18,0,0,0,0,0,0,0,0,0,0,0
1961,540,Bob Sprout,/players/s/sproubo01.shtml,sproubo01,19,LAA,1st,1,1,1,1,1,0,0,0,0,0,0,0,0,0,0,0
1961,541,Bill Stafford,/players/s/staffbi01.shtml,staffbi01,22,NYY,2,36,25,36,36,36,0,0,0,0,0,0,0,0,0,0,0
1961,542,Gerry Staley,/players/s/stalege01.shtml,stalege01,40,3TM,15,52,0,52,52,52,0,0,0,0,0,0,0,0,0,0,0
1961,543,Tracy Stallard,/players/s/stalltr01.shtml,stalltr01,23,BOS,2,43,14,43,43,43,0,0,0,0,0,0,0,0,0,0,0
1961,544,Lee Stange,/players/s/stangle01.shtml,stangle01,24,MIN,1st,7,0,7,7,7,0,0,0,0,0,0,0,0,0,0,0
1961,545,Gene Stephens,/players/s/stephge01.shtml,stephge01,28,2TM,9,94,65,94,85,0,0,0,0,0,0,33,34,31,85,13,2
1961,546,R C Stevens,/players/s/stever_01.shtml,stever_01,26,WSA,4,33,14,33,25,0,0,25,0,0,0,0,0,0,0,7,1
1961,547,Dick Stigman,/players/s/stigmdi01.shtml,stigmdi01,25,CLE,2,22,6,22,22,22,0,0,0,0,0,0,0,0,0,0,0
1961,548,Ron Stillwell,/players/s/stillro01.shtml,stillro01,21,WSA,1st,8,5,8,5,0,0,0,0,0,5,0,0,0,0,1,2
1961,549,Chuck Stobbs,/players/s/stobbch01.shtml,stobbch01,31,MIN,15,24,3,24,24,24,0,0,0,0,0,0,0,0,0,0,0
1961,550,Wes Stock,/players/s/stockwe01.shtml,stockwe01,27,BAL,3,35,1,35,35,35,0,0,0,0,0,0,0,0,0,0,0
1961,551,Dick Stuart,/players/s/stuardi01.shtml,stuardi01,28,PIT,4,138,131,138,132,0,0,131,0,0,0,1,0,0,1,6,0
1961,552,Tom Sturdivant,/players/s/sturdto01.shtml,sturdto01,31,2TM,7,28,21,28,28,28,0,0,0,0,0,0,0,0,0,0,0
1961,553,Frank Sullivan,/players/s/sullifr01.shtml,sullifr01,31,PHI,9,49,18,49,49,49,0,0,0,0,0,0,0,0,0,0,0
1961,554,Haywood Sullivan,/players/s/sulliha02.shtml,sulliha02,30,KCA,5,117,91,117,105,0,88,17,0,0,0,2,0,3,5,17,0
1961,555,Chuck Tanner,/players/t/tannech01.shtml,tannech01,32,LAA,7,7,1,7,1,0,0,0,0,0,0,0,0,1,1,6,0
1961,556,Willie Tasby,/players/t/tasbywi01.shtml,tasbywi01,28,WSA,4,141,134,141,139,0,0,0,0,0,0,0,138,1,139,2,3
1961,557,Don Taussig,/players/t/taussdo01.shtml,taussdo01,29,STL,2,98,47,98,87,0,0,0,0,0,0,47,22,29,87,9,15
1961,558,Hawk Taylor,/players/t/tayloha04.shtml,tayloha04,22,MLN,3,20,5,20,6,0,1,0,0,0,0,5,0,0,5,13,1
1961,559,Sammy Taylor,/players/t/taylosa02.shtml,taylosa02,28,CHC,4,89,61,89,75,0,75,0,0,0,0,0,0,0,0,21,0
1961,560,Tony Taylor,/players/t/tayloto02.shtml,tayloto02,25,PHI,4,106,93,106,94,0,0,0,91,3,0,0,0,0,0,13,0
1961,561,Johnny Temple,/players/t/templjo01.shtml,templjo01,33,CLE,10,129,129,129,129,0,0,0,129,0,0,0,0,0,0,0,0
1961,562,Ralph Terry,/players/t/terryra01.shtml,terryra01,25,NYY,6,31,27,31,31,31,0,0,0,0,0,0,0,0,0,0,0
1961,563,Moe Thacker,/players/t/thackmo01.shtml,thackmo01,27,CHC,3,25,11,25,25,0,25,0,0,0,0,0,0,0,0,0,0
1961,564,Frank Thomas,/players/t/thomafr03.shtml,thomafr03,32,2TM,11,139,125,139,128,0,0,17,0,0,0,118,0,1,119,13,0
1961,565,George Thomas,/players/t/thomage01.shtml,thomage01,23,2TM,3,96,73,96,81,0,0,0,0,38,1,24,17,6,47,5,11
1961,566,Lee Thomas,/players/t/thomale03.shtml,thomale03,25,2TM,1st,132,109,132,116,0,0,34,0,0,0,28,0,63,86,20,1
1961,567,Valmy Thomas,/players/t/thomava01.shtml,thomava01,35,CLE,5,27,21,27,27,0,27,0,0,0,0,0,0,0,0,0,0
1961,568,Faye Throneberry,/players/t/thronfa01.shtml,thronfa01,30,LAA,8,24,5,24,5,0,0,0,0,0,0,3,0,2,5,19,0
1961,569,Marv Throneberry,/players/t/thronma01.shtml,thronma01,27,2TM,5,96,54,96,64,0,0,41,0,0,0,0,0,25,25,35,0
1961,570,Bobby Tiefenauer,/players/t/tiefebo01.shtml,tiefebo01,31,STL,4,3,0,3,3,3,0,0,0,0,0,0,0,0,0,0,0
1961,571,Earl Torgeson,/players/t/torgeea01.shtml,torgeea01,37,2TM,15,42,3,42,9,0,0,9,0,0,0,0,0,0,0,30,3
1961,572,Joe Torre,/players/t/torrejo01.shtml,torrejo01,20,MLN,2,113,108,113,112,0,112,0,0,0,0,0,0,0,0,4,0
1961,573,Tom Tresh,/players/t/treshto01.shtml,treshto01,22,NYY,1st,9,1,9,3,0,0,0,0,0,3,0,0,0,0,3,3
1961,574,Gus Triandos,/players/t/triangu01.shtml,triangu01,30,BAL,9,115,108,115,114,0,114,0,0,0,0,0,0,0,0,4,0
1961,575,Bob Turley,/players/t/turlebo01.shtml,turlebo01,30,NYY,10,15,12,15,15,15,0,0,0,0,0,0,0,0,0,0,0
1961,576,Bill Tuttle,/players/t/tuttlbi01.shtml,tuttlbi01,31,2TM,9,138,127,138,138,0,0,0,2,85,0,0,88,6,89,3,2
1961,577,Jim Umbricht,/players/u/umbriji01.shtml,umbriji01,30,PIT,3,1,0,1,1,1,0,0,0,0,0,0,0,0,0,0,0
1961,578,Jose Valdivielso,/players/v/valdijo01.shtml,valdijo01,27,MIN,5,76,41,76,71,0,0,0,15,14,43,0,0,0,0,1,11
1961,579,Elmer Valo,/players/v/valoel01.shtml,valoel01,40,2TM,20,83,0,83,2,0,0,0,0,0,0,1,0,1,2,83,0
1961,580,Coot Veal,/players/v/vealco01.shtml,vealco01,28,WSA,4,69,57,69,63,0,0,0,0,0,63,0,0,0,0,4,4
1961,581,Zoilo Versalles,/players/v/versazo01.shtml,versazo01,21,MIN,3,129,126,129,129,0,0,0,0,0,129,0,0,0,0,0,0
1961,582,Bill Virdon,/players/v/virdobi01.shtml,virdobi01,30,PIT,7,146,144,146,145,0,0,0,0,0,0,0,145,0,145,1,0
1961,583,Ozzie Virgil,/players/v/virgioz01.shtml,virgioz01,29,2TM,5,31,7,31,21,0,6,0,1,13,1,0,0,0,0,12,2
1961,584,Leon Wagner,/players/w/wagnele01.shtml,wagnele01,27,LAA,4,133,113,133,116,0,0,0,0,0,0,104,0,14,116,18,0
1961,585,Jerry Walker,/players/w/walkeje01.shtml,walkeje01,22,KCA,5,45,24,45,36,36,0,0,0,0,0,0,0,0,0,6,4
1961,586,Lee Walls,/players/w/wallsle01.shtml,wallsle01,28,PHI,7,91,63,91,67,0,0,28,0,26,0,11,1,8,18,22,4
1961,587,Ken Walters,/players/w/walteke01.shtml,walteke01,27,PHI,2,86,41,86,61,0,0,6,0,0,0,0,5,53,56,21,13
1961,588,Carl Warwick,/players/w/warwica01.shtml,warwica01,24,2TM,1st,74,40,74,60,0,0,0,0,0,0,22,39,13,60,14,9
1961,589,Ray Washburn,/players/w/washbra01.shtml,washbra01,23,STL,1st,3,2,3,3,3,0,0,0,0,0,0,0,0,0,0,0
1961,590,Vic Wertz,/players/w/wertzvi01.shtml,wertzvi01,36,2TM,15,107,82,107,86,0,0,86,0,0,0,0,0,0,0,25,0
1961,591,Pete Whisenant,/players/w/whisepe01.shtml,whisepe01,31,2TM,8,36,0,36,19,0,1,0,0,1,0,15,0,2,17,16,9
1961,592,Bill White,/players/w/whitebi03.shtml,whitebi03,27,STL,5,153,149,153,151,0,0,151,0,0,0,0,0,0,0,4,0
1961,593,Sammy White,/players/w/whitesa02.shtml,whitesa02,33,MLN,10,21,18,21,20,0,20,0,0,0,0,0,0,0,0,1,0
1961,594,Dave Wickersham,/players/w/wickeda01.shtml,wickeda01,25,KCA,2,17,0,17,17,17,0,0,0,0,0,0,0,0,0,0,0
1961,595,Hoyt Wilhelm,/players/w/wilheho01.shtml,wilheho01,38,BAL,10,51,1,51,51,51,0,0,0,0,0,0,0,0,0,0,0
1961,596,Bob Will,/players/w/willbo01.shtml,willbo01,29,CHC,4,86,14,86,32,0,0,1,0,0,0,9,0,22,31,61,2
1961,597,Carl Willey,/players/w/willeca01.shtml,willeca01,30,MLN,4,35,22,35,35,35,0,0,0,0,0,0,0,0,0,0,0
1961,598,Billy Williams,/players/w/willibi01.shtml,willibi01,23,CHC,3,146,133,146,135,0,0,0,0,0,0,111,0,26,135,13,0
1961,599,Dick Williams,/players/w/willidi02.shtml,willidi02,32,BAL,10,103,75,103,90,0,0,20,0,2,0,75,2,1,75,21,4
1961,600,George Williams,/players/w/willige01.shtml,willige01,21,PHI,1st,17,10,17,15,0,0,0,15,0,0,0,0,0,0,1,3
1961,601,Stan Williams,/players/w/willist02.shtml,willist02,24,LAD,4,41,35,41,41,41,0,0,0,0,0,0,0,0,0,0,0
1961,602,Maury Wills,/players/w/willsma01.shtml,willsma01,28,LAD,3,148,146,148,148,0,0,0,0,0,148,0,0,0,0,1,0
1961,603,Ted Wills,/players/w/willste01.shtml,willste01,27,BOS,3,17,0,17,17,17,0,0,0,0,0,0,0,0,0,0,0
1961,604,Gordie Windhorn,/players/w/windhgo01.shtml,windhgo01,27,LAD,2,34,8,34,17,0,0,0,0,0,0,5,3,9,17,10,13
1961,605,Red Witt,/players/w/wittge01.shtml,wittge01,29,PIT,5,9,1,9,9,9,0,0,0,0,0,0,0,0,0,0,0
1961,606,Jake Wood,/players/w/woodja01.shtml,woodja01,24,DET,1st,162,160,162,162,0,0,0,162,0,0,0,0,0,0,1,0
1961,607,Wilbur Wood,/players/w/woodwi01.shtml,woodwi01,19,BOS,1st,6,1,6,6,6,0,0,0,0,0,0,0,0,0,0,0
1961,608,Hal Woodeshick,/players/w/woodeha01.shtml,woodeha01,28,2TM,5,19,8,19,19,19,0,0,0,0,0,0,0,0,0,0,0
1961,609,Gene Woodling,/players/w/woodlge01.shtml,woodlge01,38,WSA,16,110,89,110,90,0,0,0,0,0,0,16,0,76,90,21,0
1961,610,Jim Woods,/players/w/woodsji01.shtml,woodsji01,21,PHI,3,23,12,23,15,0,0,0,0,15,0,0,0,0,0,10,0
1961,611,Mel Wright,/players/w/wrighme01.shtml,wrighme01,33,CHC,4,11,0,11,11,11,0,0,0,0,0,0,0,0,0,0,0
1961,612,John Wyatt,/players/w/wyattjo02.shtml,wyattjo02,26,KCA,1st,5,0,5,5,5,0,0,0,0,0,0,0,0,0,0,0
1961,613,Early Wynn,/players/w/wynnea01.shtml,wynnea01,41,CHW,21,17,16,17,17,17,0,0,0,0,0,0,0,0,0,0,0
1961,614,Carl Yastrzemski,/players/y/yastrca01.shtml,yastrca01,21,BOS,1st,148,146,148,147,0,0,0,0,0,0,147,0,0,147,1,0
1961,615,Eddie Yost,/players/y/yosted01.shtml,yosted01,34,LAA,17,76,57,76,67,0,0,0,0,67,0,0,0,0,0,11,1
1961,616,Dom Zanni,/players/z/zannido01.shtml,zannido01,29,SFG,3,8,0,8,8,8,0,0,0,0,0,0,0,0,0,0,0
1961,617,Don Zimmer,/players/z/zimmedo01.shtml,zimmedo01,30,CHC,8,128,112,128,121,0,0,0,116,5,0,0,0,1,1,10,1
1961,618,Jerry Zimmerman,/players/z/zimmeje01.shtml,zimmeje01,26,CIN,1st,76,64,76,76,0,76,0,0,0,0,0,0,0,0,0,0
1961,619,Bud Zipfel,/players/z/zipfebu01.shtml,zipfebu01,22,WSA,1st,50,44,50,44,0,0,44,0,0,0,0,0,0,0,6,0
1961,620,Frank Zupo,/players/z/zupofr01.shtml,zupofr01,21,BAL,3,5,0,5,4,0,4,0,0,0,0,0,0,0,0,1,0
