1974,1,Hank Aaron,/players/a/aaronha01.shtml,aaronha01,40,ATL,21,112,89,112,89,0,0,0,0,0,0,89,0,0,89,0,23,0
1974,2,Glenn Abbott,/players/a/abbotgl01.shtml,abbotgl01,23,OAK,2,19,17,1,19,19,0,0,0,0,0,0,0,0,0,0,0,0
1974,3,Cy Acosta,/players/a/acostcy01.shtml,acostcy01,27,CHW,3,27,0,2,27,27,0,0,0,0,0,0,0,0,0,0,0,0
1974,4,Jack Aker,/players/a/akerja01.shtml,akerja01,33,2TM,11,41,0,41,41,41,0,0,0,0,0,0,0,0,0,0,0,0
1974,5,Vic Albury,/players/a/alburvi01.shtml,alburvi01,27,MIN,2,32,22,0,32,32,0,0,0,0,0,0,0,0,0,0,0,0
1974,6,Doyle Alexander,/players/a/alexado01.shtml,alexado01,23,BAL,4,30,12,0,30,30,0,0,0,0,0,0,0,0,0,0,0,0
1974,7,Matt Alexander,/players/a/alexama01.shtml,alexama01,27,CHC,2,45,13,45,24,0,0,0,2,19,0,0,3,1,4,0,13,13
1974,8,Dick Allen,/players/a/allendi01.shtml,allendi01,32,CHW,12,128,121,128,125,0,0,125,1,0,0,0,0,0,0,1,6,0
1974,9,Lloyd Allen,/players/a/allenll01.shtml,allenll01,24,2TM,6,20,2,0,20,20,0,0,0,0,0,0,0,0,0,0,0,0
1974,10,Bill Almon,/players/a/almonbi01.shtml,almonbi01,21,SDP,1st,16,12,16,14,0,0,0,0,0,14,0,0,0,0,0,0,2
1974,11,Sandy Alomar,/players/a/alomasa01.shtml,alomasa01,30,2TM,11,122,89,122,113,0,0,0,91,5,19,0,0,1,1,2,5,19
1974,12,Felipe Alou,/players/a/aloufe01.shtml,aloufe01,39,MIL,17,3,0,3,1,0,0,0,0,0,0,0,0,1,1,0,3,0
1974,13,Jesus Alou,/players/a/alouje01.shtml,alouje01,32,OAK,12,96,46,96,25,0,0,0,0,0,0,9,0,16,25,41,40,1
1974,14,Matty Alou,/players/a/alouma01.shtml,alouma01,35,SDP,15,48,12,48,15,0,0,2,0,0,0,13,0,0,13,0,34,2
1974,15,Luis Alvarado,/players/a/alvarlu01.shtml,alvarlu01,25,3TM,7,86,48,86,76,0,0,0,48,1,29,0,0,0,0,3,5,19
1974,16,Orlando Alvarez,/players/a/alvaror01.shtml,alvaror01,22,LAD,2,2,0,2,1,0,0,0,0,0,0,1,0,0,1,0,1,0
1974,17,Dwain Anderson,/players/a/anderdw01.shtml,anderdw01,26,CLE,4,2,0,2,1,0,0,0,1,0,0,0,0,0,0,0,0,1
1974,18,Larry Anderson,/players/a/anderla01.shtml,anderla01,21,MIL,1st,2,0,0,2,2,0,0,0,0,0,0,0,0,0,0,0,0
1974,19,Mike Anderson,/players/a/andermi01.shtml,andermi01,23,PHI,4,145,102,145,133,0,0,1,0,0,0,0,2,132,134,0,21,1
1974,20,Bob Apodaca,/players/a/apodabo01.shtml,apodabo01,24,NYM,2,35,8,35,35,35,0,0,0,0,0,0,0,0,0,0,0,0
1974,21,Steve Arlin,/players/a/arlinst01.shtml,arlinst01,28,2TM,6,27,22,16,27,27,0,0,0,0,0,0,0,0,0,0,0,0
1974,22,Ed Armbrister,/players/a/armbred01.shtml,armbred01,25,CIN,2,9,0,9,4,0,0,0,0,0,0,2,0,2,4,0,7,1
1974,23,Chris Arnold,/players/a/arnolch01.shtml,arnolch01,26,SFG,4,78,37,78,41,0,0,0,32,8,1,0,0,0,0,0,40,0
1974,24,Alan Ashby,/players/a/ashbyal01.shtml,ashbyal01,22,CLE,2,10,0,10,9,0,9,0,0,0,0,0,0,0,0,0,1,1
1974,25,Rick Auerbach,/players/a/auerbri01.shtml,auerbri01,24,LAD,4,45,18,45,36,0,0,0,15,3,19,0,0,0,0,0,4,16
1974,26,Dave Augustine,/players/a/augusda01.shtml,augusda01,24,PIT,2,18,4,18,11,0,0,0,0,0,0,2,6,3,11,0,0,9
1974,27,Benny Ayala,/players/a/ayalabe01.shtml,ayalabe01,23,NYM,1st,23,18,23,20,0,0,0,0,0,0,18,0,2,20,0,4,0
1974,28,Stan Bahnsen,/players/b/bahnsst01.shtml,bahnsst01,29,CHW,8,38,35,0,38,38,0,0,0,0,0,0,0,0,0,0,0,0
1974,29,Bob Bailey,/players/b/bailebo01.shtml,bailebo01,31,MON,13,152,144,152,145,0,0,0,0,66,0,81,0,0,81,0,8,0
1974,30,Dusty Baker,/players/b/bakerdu01.shtml,bakerdu01,25,ATL,7,149,148,149,148,0,0,0,0,0,0,0,101,114,215,0,1,0
1974,31,Frank Baker,/players/b/bakerfr03.shtml,bakerfr03,27,BAL,4,24,7,24,21,0,0,0,3,1,17,0,0,0,0,0,0,4
1974,32,John Balaz,/players/b/balazjo01.shtml,balazjo01,23,CAL,1st,14,12,14,12,0,0,0,0,0,0,12,0,0,12,1,2,0
1974,33,Sal Bando,/players/b/bandosa01.shtml,bandosa01,30,OAK,9,146,141,146,141,0,0,0,0,141,0,0,0,0,0,3,5,0
1974,34,Dick Baney,/players/b/baneydi01.shtml,baneydi01,27,CIN,3,22,1,22,22,22,0,0,0,0,0,0,0,0,0,0,0,0
1974,35,Alan Bannister,/players/b/bannial01.shtml,bannial01,22,PHI,1st,26,5,26,8,0,0,0,0,0,2,1,7,0,8,0,7,13
1974,36,Steve Barber,/players/b/barbest01.shtml,barbest01,36,SFG,15,13,0,13,13,13,0,0,0,0,0,0,0,0,0,0,0,0
1974,37,Ray Bare,/players/b/barera01.shtml,barera01,25,STL,2,10,3,10,10,10,0,0,0,0,0,0,0,0,0,0,0,0
1974,38,Jim Barr,/players/b/barrji01.shtml,barrji01,26,SFG,4,56,27,56,44,44,0,0,0,0,0,0,0,0,0,0,0,12
1974,39,Steve Barr,/players/b/barrst01.shtml,barrst01,22,BOS,1st,1,1,0,1,1,0,0,0,0,0,0,0,0,0,0,0,0
1974,40,Francisco Barrios,/players/b/barrifr01.shtml,barrifr01,21,CHW,1st,2,0,0,2,2,0,0,0,0,0,0,0,0,0,0,0,0
1974,41,Bob Barton,/players/b/bartobo01.shtml,bartobo01,32,SDP,10,30,28,30,29,0,29,0,0,0,0,0,0,0,0,0,1,0
1974,42,Don Baylor,/players/b/baylodo01.shtml,baylodo01,25,BAL,5,137,127,137,133,0,0,8,0,0,0,114,1,26,141,2,7,3
1974,43,Mike Beard,/players/b/beardmi01.shtml,beardmi01,24,ATL,1st,6,0,6,6,6,0,0,0,0,0,0,0,0,0,0,0,0
1974,44,Glenn Beckert,/players/b/beckegl01.shtml,beckegl01,33,SDP,10,64,36,64,37,0,0,0,36,1,0,0,0,0,0,0,28,0
1974,45,Fred Beene,/players/b/beenefr01.shtml,beenefr01,31,2TM,6,39,0,1,38,38,0,0,0,0,0,0,0,0,0,0,0,1
1974,46,Mark Belanger,/players/b/belanma01.shtml,belanma01,30,BAL,10,155,153,155,155,0,0,0,0,0,155,0,0,0,0,0,0,0
1974,47,Buddy Bell,/players/b/bellbu01.shtml,bellbu01,22,CLE,3,116,115,116,115,0,0,0,0,115,0,0,0,0,0,1,1,0
1974,48,Jerry Bell,/players/b/bellje01.shtml,bellje01,26,MIL,4,5,0,0,5,5,0,0,0,0,0,0,0,0,0,0,0,0
1974,49,Johnny Bench,/players/b/benchjo01.shtml,benchjo01,26,CIN,8,160,159,160,159,0,137,5,0,36,0,0,0,0,0,0,1,0
1974,50,Juan Beniquez,/players/b/beniqju01.shtml,beniqju01,24,BOS,3,106,89,106,97,0,0,0,0,0,0,7,91,0,98,4,9,7
1974,51,Ken Berry,/players/b/berryke01.shtml,berryke01,33,MIL,13,98,65,98,81,0,0,0,0,0,0,4,74,5,83,13,13,1
1974,52,Kurt Bevacqua,/players/b/bevacku01.shtml,bevacku01,27,2TM,4,57,25,57,42,0,0,14,7,21,2,1,0,0,1,4,16,9
1974,53,Jim Bibby,/players/b/bibbyji01.shtml,bibbyji01,29,TEX,3,41,41,0,41,41,0,0,0,0,0,0,0,0,0,0,0,0
1974,54,Larry Biittner,/players/b/biittla01.shtml,biittla01,28,MON,5,18,3,18,4,0,0,0,0,0,0,4,0,0,4,0,15,0
1974,55,Jack Billingham,/players/b/billija01.shtml,billija01,31,CIN,7,36,35,36,36,36,0,0,0,0,0,0,0,0,0,0,0,0
1974,56,Dick Billings,/players/b/billidi01.shtml,billidi01,31,2TM,7,17,10,17,15,0,14,0,0,0,0,1,0,0,1,1,2,0
1974,57,Doug Bird,/players/b/birddo01.shtml,birddo01,24,KCR,2,55,1,1,55,55,0,0,0,0,0,0,0,0,0,0,0,0
1974,58,Tim Blackwell,/players/b/blackti01.shtml,blackti01,21,BOS,1st,44,42,44,44,0,44,0,0,0,0,0,0,0,0,0,0,0
1974,59,Dennis Blair,/players/b/blairde01.shtml,blairde01,20,MON,1st,22,22,22,22,22,0,0,0,0,0,0,0,0,0,0,0,0
1974,60,Paul Blair,/players/b/blairpa01.shtml,blairpa01,30,BAL,11,151,136,151,151,0,0,0,0,0,0,0,151,0,151,0,5,1
1974,61,Damaso Blanco,/players/b/blancda01.shtml,blancda01,32,SFG,3,5,0,5,0,0,0,0,0,0,0,0,0,0,0,0,1,4
1974,62,Ossie Blanco,/players/b/blancos01.shtml,blancos01,28,CLE,2,18,11,18,16,0,0,16,0,0,0,0,0,0,0,1,1,1
1974,63,Larvell Blanks,/players/b/blankla01.shtml,blankla01,24,ATL,3,3,2,3,2,0,0,0,0,0,2,0,0,0,0,0,1,0
1974,64,Steve Blass,/players/b/blassst01.shtml,blassst01,32,PIT,10,1,0,1,1,1,0,0,0,0,0,0,0,0,0,0,0,0
1974,65,Ron Blomberg,/players/b/blombro01.shtml,blombro01,25,NYY,5,90,71,90,19,0,0,0,0,0,0,2,0,17,19,60,13,5
1974,66,Vida Blue,/players/b/bluevi01.shtml,bluevi01,24,OAK,6,40,40,3,40,40,0,0,0,0,0,0,0,0,0,0,0,0
1974,67,Bert Blyleven,/players/b/blylebe01.shtml,blylebe01,23,MIN,5,37,37,0,37,37,0,0,0,0,0,0,0,0,0,0,0,0
1974,68,John Boccabella,/players/b/boccajo01.shtml,boccajo01,33,SFG,12,29,21,29,26,0,26,0,0,0,0,0,0,0,0,0,4,0
1974,69,Bruce Bochte,/players/b/bochtbr01.shtml,bochtbr01,23,CAL,1st,57,55,57,57,0,0,24,0,0,0,32,5,3,40,0,1,1
1974,70,Bruce Boisclair,/players/b/boiscbr01.shtml,boiscbr01,21,NYM,1st,7,3,7,5,0,0,0,0,0,0,2,3,0,5,0,0,3
1974,71,Bobby Bonds,/players/b/bondsbo01.shtml,bondsbo01,28,SFG,7,150,146,150,148,0,0,0,0,0,0,0,8,141,149,0,3,0
1974,72,Bill Bonham,/players/b/bonhabi01.shtml,bonhabi01,25,CHC,4,48,36,48,44,44,0,0,0,0,0,0,0,0,0,0,0,4
1974,73,Bob Boone,/players/b/boonebo01.shtml,boonebo01,26,PHI,3,146,142,146,146,0,146,0,0,0,0,0,0,0,0,0,1,0
1974,74,Pedro Borbon,/players/b/borbope01.shtml,borbope01,27,CIN,6,73,0,73,73,73,0,0,0,0,0,0,0,0,0,0,0,0
1974,75,Glenn Borgmann,/players/b/borgmgl01.shtml,borgmgl01,24,MIN,3,128,103,128,128,0,128,0,0,0,0,0,0,0,0,0,4,0
1974,76,Dick Bosman,/players/b/bosmadi01.shtml,bosmadi01,30,CLE,9,25,18,0,25,25,0,0,0,0,0,0,0,0,0,0,0,0
1974,77,Ken Boswell,/players/b/bosweke01.shtml,bosweke01,28,NYM,8,96,46,96,53,0,0,0,28,20,0,2,0,5,7,0,47,0
1974,78,Pat Bourque,/players/b/bourqpa01.shtml,bourqpa01,27,2TM,4,96,35,96,60,0,0,60,0,0,0,0,0,0,0,8,44,0
1974,79,Larry Bowa,/players/b/bowala01.shtml,bowala01,28,PHI,5,162,161,162,162,0,0,0,0,0,162,0,0,0,0,0,0,1
1974,80,Buddy Bradford,/players/b/bradfbu01.shtml,bradfbu01,29,CHW,9,39,23,39,32,0,0,0,0,0,0,10,0,24,34,1,11,0
1974,81,Tom Bradley,/players/b/bradlto01.shtml,bradlto01,27,SFG,6,30,21,30,30,30,0,0,0,0,0,0,0,0,0,0,0,0
1974,82,Steve Braun,/players/b/braunst01.shtml,braunst01,26,MIN,4,129,120,129,123,0,0,0,0,17,0,108,0,0,108,0,7,0
1974,83,Hal Breeden,/players/b/breedha01.shtml,breedha01,30,MON,4,79,50,79,57,0,0,57,0,0,0,0,0,0,0,0,29,0
1974,84,George Brett,/players/b/brettge01.shtml,brettge01,21,KCR,2,133,128,133,133,0,0,0,0,132,1,0,0,0,0,0,2,1
1974,85,Ken Brett,/players/b/brettke01.shtml,brettke01,25,PIT,7,43,27,43,27,27,0,0,0,0,0,0,0,0,0,0,16,0
1974,86,Jim Brewer,/players/b/breweji01.shtml,breweji01,36,LAD,15,24,0,24,24,24,0,0,0,0,0,0,0,0,0,0,0,0
1974,87,John Briggs,/players/b/briggjo02.shtml,briggjo02,30,MIL,11,154,145,154,149,0,0,0,0,0,0,148,1,0,149,2,7,0
1974,88,Nelson Briles,/players/b/brilene01.shtml,brilene01,30,KCR,10,18,17,1,18,18,0,0,0,0,0,0,0,0,0,0,0,0
1974,89,Chuck Brinkman,/players/b/brinkch01.shtml,brinkch01,29,2TM,6,13,5,13,13,0,13,0,0,0,0,0,0,0,0,0,1,0
1974,90,Ed Brinkman,/players/b/brinked01.shtml,brinked01,32,DET,14,153,153,153,153,0,0,0,0,2,151,0,0,0,0,0,0,0
1974,91,Pete Broberg,/players/b/brobepe01.shtml,brobepe01,24,TEX,4,12,2,0,12,12,0,0,0,0,0,0,0,0,0,0,0,0
1974,92,Lou Brock,/players/b/brocklo01.shtml,brocklo01,35,STL,14,153,150,153,152,0,0,0,0,0,0,152,0,0,152,0,3,0
1974,93,Jack Brohamer,/players/b/brohaja01.shtml,brohaja01,24,CLE,3,101,88,101,99,0,0,0,99,0,0,0,0,0,0,0,10,0
1974,94,Gates Brown,/players/b/brownga01.shtml,brownga01,35,DET,12,73,13,73,0,0,0,0,0,0,0,0,0,0,0,13,60,0
1974,95,Ike Brown,/players/b/brownik01.shtml,brownik01,32,DET,6,2,0,2,2,0,0,0,0,2,0,0,0,0,0,0,0,0
1974,96,Jackie Brown,/players/b/brownja01.shtml,brownja01,31,TEX,4,35,26,0,35,35,0,0,0,0,0,0,0,0,0,0,0,0
1974,97,Larry Brown,/players/b/brownla01.shtml,brownla01,34,TEX,12,54,14,54,54,0,0,0,8,47,1,0,0,0,0,0,3,6
1974,98,Ollie Brown,/players/b/brownol02.shtml,brownol02,30,2TM,10,70,35,70,54,0,0,0,0,0,0,25,0,31,56,0,31,0
1974,99,Ron Bryant,/players/b/bryanro01.shtml,bryanro01,26,SFG,7,41,23,41,41,41,0,0,0,0,0,0,0,0,0,0,0,0
1974,100,Steve Brye,/players/b/bryest01.shtml,bryest01,25,MIN,5,135,114,135,129,0,0,0,0,0,0,0,128,1,129,0,7,1
1974,101,Bill Buckner,/players/b/bucknbi01.shtml,bucknbi01,24,LAD,6,145,134,145,141,0,0,6,0,0,0,134,0,3,137,0,9,0
1974,102,Al Bumbry,/players/b/bumbral01.shtml,bumbral01,27,BAL,3,94,68,94,67,0,0,0,0,0,0,67,0,0,67,11,9,16
1974,103,Tom Burgmeier,/players/b/burgmto01.shtml,burgmto01,30,MIN,7,51,0,1,50,50,0,0,0,0,0,0,0,0,0,0,0,1
1974,104,Rick Burleson,/players/b/burleri01.shtml,burleri01,23,BOS,1st,114,108,114,114,0,0,0,31,1,89,0,0,0,0,0,1,0
1974,105,Ray Burris,/players/b/burrira01.shtml,burrira01,23,CHC,2,41,5,41,40,40,0,0,0,0,0,0,0,0,0,0,0,1
1974,106,Jeff Burroughs,/players/b/burroje01.shtml,burroje01,23,TEX,5,152,152,152,151,0,0,2,0,0,0,0,0,150,150,1,0,0
1974,107,Steve Busby,/players/b/busbyst01.shtml,busbyst01,24,KCR,3,38,38,0,38,38,0,0,0,0,0,0,0,0,0,0,0,0
1974,108,Tom Buskey,/players/b/busketo01.shtml,busketo01,27,2TM,2,55,0,0,55,55,0,0,0,0,0,0,0,0,0,0,0,0
1974,109,Ray Busse,/players/b/bussera01.shtml,bussera01,25,HOU,3,19,6,19,8,0,0,0,0,8,0,0,0,0,0,0,12,0
1974,110,Bill Butler,/players/b/butlebi02.shtml,butlebi02,27,MIN,5,26,12,0,26,26,0,0,0,0,0,0,0,0,0,0,0,0
1974,111,Enos Cabell,/players/c/cabelen01.shtml,cabelen01,24,BAL,3,80,43,80,65,0,0,28,1,19,0,1,0,22,23,2,4,22
1974,112,Mike Caldwell,/players/c/caldwmi01.shtml,caldwmi01,25,SFG,4,31,27,31,31,31,0,0,0,0,0,0,0,0,0,0,0,0
1974,113,Bert Campaneris,/players/c/campabe01.shtml,campabe01,32,OAK,11,134,133,134,133,0,0,0,0,0,133,0,0,0,0,1,0,1
1974,114,Bill Campbell,/players/c/campbbi02.shtml,campbbi02,25,MIN,2,63,0,0,63,63,0,0,0,0,0,0,0,0,0,0,0,0
1974,115,Dave Campbell,/players/c/campbda01.shtml,campbda01,32,HOU,8,35,3,35,18,0,0,6,9,2,0,1,0,0,1,0,14,9
1974,116,Chris Cannizzaro,/players/c/cannich01.shtml,cannich01,36,SDP,13,26,23,26,26,0,26,0,0,0,0,0,0,0,0,0,0,0
1974,117,Buzz Capra,/players/c/caprabu01.shtml,caprabu01,26,ATL,4,39,27,39,39,39,0,0,0,0,0,0,0,0,0,0,0,0
1974,118,Bernie Carbo,/players/c/carbobe01.shtml,carbobe01,26,BOS,6,117,98,117,87,0,0,0,0,0,0,33,0,56,89,15,17,0
1974,119,Jose Cardenal,/players/c/cardejo02.shtml,cardejo02,30,CHC,12,143,135,143,137,0,0,0,0,0,0,33,1,107,141,0,8,0
1974,120,Leo Cardenas,/players/c/cardele01.shtml,cardele01,35,TEX,15,34,24,34,30,0,0,0,0,21,10,0,0,0,0,4,2,0
1974,121,Rod Carew,/players/c/carewro01.shtml,carewro01,28,MIN,8,153,147,153,148,0,0,0,148,0,0,0,0,0,0,0,6,0
1974,122,Steve Carlton,/players/c/carltst01.shtml,carltst01,29,PHI,10,39,39,39,39,39,0,0,0,0,0,0,0,0,0,0,0,0
1974,123,Don Carrithers,/players/c/carrido01.shtml,carrido01,24,MON,5,22,3,22,22,22,0,0,0,0,0,0,0,0,0,0,0,0
1974,124,Clay Carroll,/players/c/carrocl02.shtml,carrocl02,33,CIN,11,57,3,57,57,57,0,0,0,0,0,0,0,0,0,0,0,0
1974,125,Tom Carroll,/players/c/carroto02.shtml,carroto02,21,CIN,1st,16,13,16,16,16,0,0,0,0,0,0,0,0,0,0,0,0
1974,126,Gary Carter,/players/c/cartega01.shtml,cartega01,20,MON,1st,9,7,9,8,0,6,0,0,0,0,0,0,2,2,0,1,0
1974,127,Rico Carty,/players/c/cartyri01.shtml,cartyri01,34,CLE,10,33,19,33,8,0,0,8,0,0,0,0,0,0,0,14,14,0
1974,128,Paul Casanova,/players/c/casanpa01.shtml,casanpa01,32,ATL,10,42,29,42,33,0,33,0,0,0,0,0,0,0,0,0,10,0
1974,129,Dave Cash,/players/c/cashda01.shtml,cashda01,26,PHI,6,162,162,162,162,0,0,0,162,0,0,0,0,0,0,0,0,0
1974,130,Norm Cash,/players/c/cashno01.shtml,cashno01,39,DET,17,53,41,53,44,0,0,44,0,0,0,0,0,0,0,0,11,0
1974,131,Ron Cash,/players/c/cashro01.shtml,cashro01,24,DET,2,20,15,20,19,0,0,15,0,4,0,0,0,0,0,0,1,0
1974,132,Bill Castro,/players/c/castrbi01.shtml,castrbi01,22,MIL,1st,8,0,0,8,8,0,0,0,0,0,0,0,0,0,0,0,0
1974,133,Danny Cater,/players/c/caterda01.shtml,caterda01,34,BOS,11,56,28,56,23,0,0,23,0,0,0,0,0,0,0,14,25,0
1974,134,Cesar Cedeno,/players/c/cedence01.shtml,cedence01,23,HOU,5,160,157,160,157,0,0,0,0,0,0,0,157,0,157,0,3,0
1974,135,Orlando Cepeda,/players/c/cepedor01.shtml,cepedor01,36,KCR,17,33,25,33,0,0,0,0,0,0,0,0,0,0,0,26,8,0
1974,136,Ron Cey,/players/c/ceyro01.shtml,ceyro01,26,LAD,4,159,158,159,158,0,0,0,0,158,0,0,0,0,0,0,1,0
1974,137,Dave Chalk,/players/c/chalkda01.shtml,chalkda01,23,CAL,2,133,133,133,133,0,0,0,0,38,99,0,0,0,0,0,0,0
1974,138,Chris Chambliss,/players/c/chambch01.shtml,chambch01,25,2TM,4,127,120,127,123,0,0,123,0,0,0,0,0,0,0,1,4,0
1974,139,Bill Champion,/players/c/champbi01.shtml,champbi01,26,MIL,6,31,23,0,31,31,0,0,0,0,0,0,0,0,0,0,0,0
1974,140,Darrel Chaney,/players/c/chaneda01.shtml,chaneda01,26,CIN,6,117,32,117,117,0,0,0,38,81,12,0,0,0,0,0,0,18
1974,141,Larry Christenson,/players/c/chrisla01.shtml,chrisla01,20,PHI,2,10,1,10,10,10,0,0,0,0,0,0,0,0,0,0,0,0
1974,142,Horace Clarke,/players/c/clarkho01.shtml,clarkho01,34,2TM,10,66,23,66,41,0,0,0,41,0,0,0,0,0,0,2,39,2
1974,143,Lance Clemons,/players/c/clemola01.shtml,clemola01,26,BOS,3,6,0,0,6,6,0,0,0,0,0,0,0,0,0,0,0,0
1974,144,Reggie Cleveland,/players/c/clevere01.shtml,clevere01,26,BOS,6,41,27,0,41,41,0,0,0,0,0,0,0,0,0,0,0,0
1974,145,Gene Clines,/players/c/clinege01.shtml,clinege01,27,PIT,5,107,59,107,78,0,0,0,0,0,0,18,50,13,81,0,30,6
1974,146,David Clyde,/players/c/clydeda01.shtml,clydeda01,19,TEX,2,28,21,0,28,28,0,0,0,0,0,0,0,0,0,0,0,0
1974,147,Rich Coggins,/players/c/coggiri01.shtml,coggiri01,23,BAL,3,113,97,113,105,0,0,0,0,0,0,2,30,90,122,0,14,1
1974,148,Nate Colbert,/players/c/colbena01.shtml,colbena01,28,SDP,8,119,97,119,105,0,0,79,0,0,0,48,0,0,48,0,14,0
1974,149,Jim Colborn,/players/c/colboji01.shtml,colboji01,28,MIL,6,33,31,0,33,33,0,0,0,0,0,0,0,0,0,0,0,0
1974,150,Joe Coleman,/players/c/colemjo05.shtml,colemjo05,27,DET,10,41,41,0,41,41,0,0,0,0,0,0,0,0,0,0,0,0
1974,151,Bob Coluccio,/players/c/colucbo01.shtml,colucbo01,22,MIL,2,138,110,138,131,0,0,0,0,0,0,3,103,35,141,2,4,11
1974,152,Dave Concepcion,/players/c/conceda01.shtml,conceda01,26,CIN,5,160,155,160,160,0,0,0,0,0,160,0,1,0,1,0,2,2
1974,153,Cecil Cooper,/players/c/coopece01.shtml,coopece01,24,BOS,4,121,102,121,74,0,0,74,0,0,0,0,0,0,0,41,10,4
1974,154,Ray Corbin,/players/c/corbira01.shtml,corbira01,25,MIN,4,29,15,0,29,29,0,0,0,0,0,0,0,0,0,0,0,0
1974,155,Mike Corkins,/players/c/corkimi01.shtml,corkimi01,28,SDP,6,30,2,30,25,25,0,0,0,0,0,0,0,0,0,0,0,5
1974,156,Vic Correll,/players/c/correvi01.shtml,correvi01,28,ATL,2,73,57,73,59,0,59,0,0,0,0,0,0,0,0,0,14,0
1974,157,Mike Cosgrove,/players/c/cosgrmi01.shtml,cosgrmi01,23,HOU,3,45,0,45,45,45,0,0,0,0,0,0,0,0,0,0,0,0
1974,158,Al Cowens,/players/c/cowenal01.shtml,cowenal01,22,KCR,1st,110,64,110,103,0,0,0,0,2,0,7,24,75,106,4,9,8
1974,159,Jim Cox,/players/c/coxji01.shtml,coxji01,24,MON,2,77,68,77,72,0,0,0,72,0,0,0,0,0,0,0,2,4
1974,160,Larry Cox,/players/c/coxla01.shtml,coxla01,26,PHI,2,30,15,30,29,0,29,0,0,0,0,0,0,0,0,0,2,1
1974,161,Jerry Cram,/players/c/cramje01.shtml,cramje01,26,NYM,2,10,0,10,10,10,0,0,0,0,0,0,0,0,0,0,0,0
1974,162,Willie Crawford,/players/c/crawfwi01.shtml,crawfwi01,27,LAD,11,139,125,139,133,0,0,0,0,0,0,0,2,132,134,0,11,0
1974,163,Warren Cromartie,/players/c/cromawa01.shtml,cromawa01,20,MON,1st,8,6,8,6,0,0,0,0,0,0,6,0,0,6,0,1,1
1974,164,Ed Crosby,/players/c/crosbed01.shtml,crosbed01,25,CLE,4,37,16,37,34,0,0,0,3,18,13,0,0,0,0,0,11,2
1974,165,Terry Crowley,/players/c/crowlte01.shtml,crowlte01,27,CIN,6,84,24,84,29,0,0,7,0,0,0,1,0,21,22,0,58,0
1974,166,Jose Cruz,/players/c/cruzjo01.shtml,cruzjo01,26,STL,5,107,26,107,54,0,0,1,0,0,0,20,8,27,55,0,56,6
1974,167,Mike Cubbage,/players/c/cubbami01.shtml,cubbami01,23,TEX,1st,9,2,9,5,0,0,0,2,3,0,0,0,0,0,1,5,0
1974,168,Mike Cuellar,/players/c/cuellmi01.shtml,cuellmi01,37,BAL,12,38,38,0,38,38,0,0,0,0,0,0,0,0,0,0,0,0
1974,169,George Culver,/players/c/culvege01.shtml,culvege01,30,PHI,9,14,0,14,14,14,0,0,0,0,0,0,0,0,0,0,0,0
1974,170,John Cumberland,/players/c/cumbejo01.shtml,cumbejo01,27,CAL,6,17,0,0,17,17,0,0,0,0,0,0,0,0,0,0,0,0
1974,171,John Curtis,/players/c/curtijo01.shtml,curtijo01,26,STL,5,34,29,34,33,33,0,0,0,0,0,0,0,0,0,0,0,1
1974,172,John D'Acquisto,/players/d/d'acqjo01.shtml,d'acqjo01,22,SFG,2,39,36,39,38,38,0,0,0,0,0,0,0,0,0,0,0,1
1974,173,Bruce Dal Canton,/players/d/dalcabr01.shtml,dalcabr01,33,KCR,8,31,22,0,31,31,0,0,0,0,0,0,0,0,0,0,0,0
1974,174,Pat Darcy,/players/d/darcypa01.shtml,darcypa01,24,CIN,1st,6,2,6,6,6,0,0,0,0,0,0,0,0,0,0,0,0
1974,175,Bobby Darwin,/players/d/darwibo01.shtml,darwibo01,31,MIN,6,152,141,152,142,0,0,0,0,0,0,0,0,142,142,0,10,0
1974,176,Vic Davalillo,/players/d/davalvi01.shtml,davalvi01,37,OAK,12,17,2,17,6,0,0,0,0,0,0,2,2,2,6,4,12,0
1974,177,Jerry DaVanon,/players/d/davanje01.shtml,davanje01,28,STL,5,30,7,30,28,0,0,0,7,8,14,0,0,1,1,0,1,2
1974,178,Tommy Davis,/players/d/davisto02.shtml,davisto02,35,BAL,16,158,154,158,0,0,0,0,0,0,0,0,0,0,0,155,4,0
1974,179,Willie Davis,/players/d/daviswi02.shtml,daviswi02,34,MON,15,153,144,153,151,0,0,0,0,0,0,0,151,0,151,0,6,0
1974,180,Boots Day,/players/d/daybo01.shtml,daybo01,26,MON,6,52,10,52,16,0,0,0,0,0,0,14,0,2,16,0,35,1
1974,181,Ivan de Jesus,/players/d/dejesiv01.shtml,dejesiv01,21,LAD,1st,3,0,3,2,0,0,0,0,0,2,0,0,0,0,0,1,1
1974,182,Ramon de los Santos,/players/d/delosra01.shtml,delosra01,25,HOU,1st,12,0,12,12,12,0,0,0,0,0,0,0,0,0,0,0,0
1974,183,Doug DeCinces,/players/d/decindo01.shtml,decindo01,23,BAL,2,1,0,1,1,0,0,0,0,1,0,0,0,0,0,0,0,1
1974,184,Joe Decker,/players/d/deckejo01.shtml,deckejo01,27,MIN,6,37,37,0,37,37,0,0,0,0,0,0,0,0,0,0,0,0
1974,185,Jim Deidel,/players/d/deideji01.shtml,deideji01,25,NYY,1st,2,0,2,2,0,2,0,0,0,0,0,0,0,0,0,0,0
1974,186,Larry Demery,/players/d/demerla01.shtml,demerla01,21,PIT,1st,21,15,21,19,19,0,0,0,0,0,0,0,0,0,0,0,2
1974,187,Don DeMola,/players/d/demoldo01.shtml,demoldo01,21,MON,1st,25,1,25,25,25,0,0,0,0,0,0,0,0,0,0,0,0
1974,188,Rick Dempsey,/players/d/dempsri01.shtml,dempsri01,24,NYY,6,43,25,43,32,0,31,0,0,0,0,1,0,1,2,1,12,2
1974,189,John Denny,/players/d/dennyjo01.shtml,dennyjo01,21,STL,1st,2,0,2,2,2,0,0,0,0,0,0,0,0,0,0,0,0
1974,190,Bucky Dent,/players/d/dentbu01.shtml,dentbu01,22,CHW,2,154,153,154,154,0,0,0,0,0,154,0,0,0,0,0,0,0
1974,191,Tom Dettore,/players/d/dettoto01.shtml,dettoto01,26,CHC,2,16,9,16,16,16,0,0,0,0,0,0,0,0,0,0,0,0
1974,192,Bob Didier,/players/d/didiebo01.shtml,didiebo01,25,BOS,6,5,5,5,5,0,5,0,0,0,0,0,0,0,0,0,0,0
1974,193,Larry Dierker,/players/d/dierkla01.shtml,dierkla01,27,HOU,11,33,33,33,33,33,0,0,0,0,0,0,0,0,0,0,0,0
1974,194,Miguel Dilone,/players/d/dilonmi01.shtml,dilonmi01,19,PIT,1st,12,0,12,2,0,0,0,0,0,0,0,1,1,2,0,3,8
1974,195,Ron Diorio,/players/d/dioriro01.shtml,dioriro01,27,PHI,2,2,0,2,2,2,0,0,0,0,0,0,0,0,0,0,0,0
1974,196,Chuck Dobson,/players/d/dobsoch01.shtml,dobsoch01,30,CAL,8,5,5,0,5,5,0,0,0,0,0,0,0,0,0,0,0,0
1974,197,Pat Dobson,/players/d/dobsopa01.shtml,dobsopa01,32,NYY,8,39,39,0,39,39,0,0,0,0,0,0,0,0,0,0,0,0
1974,198,John Doherty,/players/d/doherjo01.shtml,doherjo01,22,CAL,1st,74,64,74,70,0,0,70,0,0,0,0,0,0,0,2,9,0
1974,199,John Donaldson,/players/d/donaljo01.shtml,donaljo01,31,OAK,6,10,3,10,9,0,0,0,7,3,0,0,0,0,0,0,1,0
1974,200,Al Downing,/players/d/downial01.shtml,downial01,33,LAD,14,21,16,21,21,21,0,0,0,0,0,0,0,0,0,0,0,0
1974,201,Brian Downing,/players/d/downibr01.shtml,downibr01,23,CHW,2,108,82,108,98,0,63,0,0,0,0,5,0,34,39,9,13,6
1974,202,Denny Doyle,/players/d/doylede01.shtml,doylede01,30,CAL,5,147,144,147,146,0,0,0,146,0,2,0,0,0,0,0,1,0
1974,203,Dick Drago,/players/d/dragodi01.shtml,dragodi01,29,BOS,6,33,18,0,33,33,0,0,0,0,0,0,0,0,0,0,0,0
1974,204,Dan Driessen,/players/d/driesda01.shtml,driesda01,22,CIN,2,150,127,150,142,0,0,50,0,126,0,0,0,3,3,0,14,3
1974,205,Frank Duffy,/players/d/duffyfr01.shtml,duffyfr01,27,CLE,5,158,156,158,158,0,0,0,0,0,158,0,0,0,0,0,0,0
1974,206,Dave Duncan,/players/d/duncada01.shtml,duncada01,28,CLE,9,136,129,136,134,0,134,3,0,0,0,0,0,0,0,1,2,0
1974,207,Ron Dunn,/players/d/dunnro01.shtml,dunnro01,24,CHC,1st,23,21,23,23,0,0,0,21,6,0,0,0,0,0,0,1,0
1974,208,Steve Dunning,/players/d/dunnist01.shtml,dunnist01,25,TEX,5,1,0,0,1,1,0,0,0,0,0,0,0,0,0,0,0,0
1974,209,Jim Dwyer,/players/d/dwyerji01.shtml,dwyerji01,24,STL,2,74,10,74,28,0,0,3,0,0,0,8,1,18,27,0,52,4
1974,210,Duffy Dyer,/players/d/dyerdu01.shtml,dyerdu01,28,NYM,7,63,35,63,45,0,45,0,0,0,0,0,0,0,0,0,21,0
1974,211,Mike Easler,/players/e/easlemi01.shtml,easlemi01,23,HOU,2,15,0,15,0,0,0,0,0,0,0,0,0,0,0,0,15,0
1974,212,Jamie Easterly,/players/e/easteja01.shtml,easteja01,21,ATL,1st,3,0,3,3,3,0,0,0,0,0,0,0,0,0,0,0,0
1974,213,Rawly Eastwick,/players/e/eastwra01.shtml,eastwra01,23,CIN,1st,8,0,8,8,8,0,0,0,0,0,0,0,0,0,0,0,0
1974,214,Johnny Edwards,/players/e/edwarjo01.shtml,edwarjo01,36,HOU,14,50,27,50,33,0,33,0,0,0,0,0,0,0,0,0,18,0
1974,215,Tom Egan,/players/e/eganto01.shtml,eganto01,28,CAL,9,43,35,43,41,0,41,0,0,0,0,0,0,0,0,0,2,0
1974,216,Bruce Ellingsen,/players/e/ellinbr01.shtml,ellinbr01,25,CLE,1st,16,2,0,16,16,0,0,0,0,0,0,0,0,0,0,0,0
1974,217,Randy Elliott,/players/e/elliora01.shtml,elliora01,23,SDP,2,13,10,13,11,0,0,1,0,0,0,7,0,4,11,0,2,1
1974,218,Dock Ellis,/players/e/ellisdo01.shtml,ellisdo01,29,PIT,7,30,26,30,26,26,0,0,0,0,0,0,0,0,0,0,0,4
1974,219,John Ellis,/players/e/ellisjo01.shtml,ellisjo01,25,CLE,6,128,123,128,104,0,42,69,0,0,0,0,0,0,0,21,4,0
1974,220,Rob Ellis,/players/e/ellisro01.shtml,ellisro01,23,MIL,2,22,13,22,12,0,0,0,0,1,0,4,0,8,12,9,5,1
1974,221,Terry Enyart,/players/e/enyarte01.shtml,enyarte01,23,MON,1st,2,0,2,2,2,0,0,0,0,0,0,0,0,0,0,0,0
1974,222,Mike Epstein,/players/e/epstemi01.shtml,epstemi01,31,CAL,9,18,18,18,18,0,0,18,0,0,0,0,0,0,0,0,0,0
1974,223,Nino Espinosa,/players/e/espinni01.shtml,espinni01,20,NYM,1st,2,1,2,2,2,0,0,0,0,0,0,0,0,0,0,0,0
1974,224,Jim Essian,/players/e/essiaji01.shtml,essiaji01,23,PHI,2,17,5,17,17,0,15,1,0,1,0,0,0,0,0,0,1,1
1974,225,Andy Etchebarren,/players/e/etchean01.shtml,etchean01,31,BAL,11,62,51,62,60,0,60,0,0,0,0,0,0,0,0,0,4,0
1974,226,Darrell Evans,/players/e/evansda01.shtml,evansda01,27,ATL,6,160,158,160,160,0,0,0,0,160,0,0,0,0,0,0,1,0
1974,227,Dwight Evans,/players/e/evansdw01.shtml,evansdw01,22,BOS,3,133,113,133,122,0,0,0,0,0,0,1,3,120,124,7,16,1
1974,228,Bill Fahey,/players/f/faheybi01.shtml,faheybi01,24,TEX,3,6,4,6,6,0,6,0,0,0,0,0,0,0,0,0,0,0
1974,229,Ron Fairly,/players/f/fairlro01.shtml,fairlro01,35,MON,17,101,81,101,86,0,0,67,0,0,0,19,0,1,20,0,20,0
1974,230,Carmen Fanzone,/players/f/fanzoca01.shtml,fanzoca01,32,CHC,5,65,35,65,51,0,0,7,10,35,0,1,0,0,1,0,15,1
1974,231,Ed Farmer,/players/f/farmeed01.shtml,farmeed01,24,PHI,4,14,3,14,14,14,0,0,0,0,0,0,0,0,0,0,0,0
1974,232,Joe Ferguson,/players/f/fergujo01.shtml,fergujo01,27,LAD,5,111,98,111,106,0,82,0,0,0,0,0,0,32,32,0,8,0
1974,233,Sergio Ferrer,/players/f/ferrese01.shtml,ferrese01,23,MIN,1st,24,15,24,21,0,0,0,1,0,20,0,0,0,0,1,1,4
1974,234,Danny Fife,/players/f/fifeda01.shtml,fifeda01,24,MIN,2,4,0,0,4,4,0,0,0,0,0,0,0,0,0,0,0,0
1974,235,Ed Figueroa,/players/f/figueed01.shtml,figueed01,25,CAL,1st,25,12,0,25,25,0,0,0,0,0,0,0,0,0,0,0,0
1974,236,Rollie Fingers,/players/f/fingero01.shtml,fingero01,27,OAK,7,76,0,6,76,76,0,0,0,0,0,0,0,0,0,0,0,0
1974,237,Carlton Fisk,/players/f/fiskca01.shtml,fiskca01,26,BOS,5,52,51,52,50,0,50,0,0,0,0,0,0,0,0,2,0,0
1974,238,Al Fitzmorris,/players/f/fitzmal01.shtml,fitzmal01,28,KCR,6,34,27,0,34,34,0,0,0,0,0,0,0,0,0,0,0,0
1974,239,Bobby Floyd,/players/f/floydbo01.shtml,floydbo01,30,KCR,7,10,3,10,8,0,0,0,5,2,1,0,0,0,0,1,0,3
1974,240,Tim Foli,/players/f/foliti01.shtml,foliti01,23,MON,5,121,118,121,120,0,0,0,0,1,120,0,0,0,0,0,1,0
1974,241,Rich Folkers,/players/f/folkeri01.shtml,folkeri01,27,STL,4,55,0,55,55,55,0,0,0,0,0,0,0,0,0,0,0,0
1974,242,Barry Foote,/players/f/footeba01.shtml,footeba01,22,MON,2,125,119,125,122,0,122,0,0,0,0,0,0,0,0,0,3,0
1974,243,Bob Forsch,/players/f/forscbo01.shtml,forscbo01,24,STL,1st,20,14,20,19,19,0,0,0,0,0,0,0,0,0,0,0,1
1974,244,Ken Forsch,/players/f/forscke01.shtml,forscke01,27,HOU,5,70,0,70,70,70,0,0,0,0,0,0,0,0,0,0,0,0
1974,245,Terry Forster,/players/f/forstte01.shtml,forstte01,22,CHW,4,59,1,5,59,59,0,0,0,0,0,0,0,0,0,0,0,0
1974,246,Ray Fosse,/players/f/fossera01.shtml,fossera01,27,OAK,8,69,64,69,68,0,68,0,0,0,0,0,0,0,0,1,1,0
1974,247,Alan Foster,/players/f/fosteal01.shtml,fosteal01,27,STL,8,33,25,33,31,31,0,0,0,0,0,0,0,0,0,0,0,2
1974,248,George Foster,/players/f/fostege01.shtml,fostege01,25,CIN,6,106,65,106,97,0,0,0,0,0,0,6,45,71,122,0,20,7
1974,249,Leo Foster,/players/f/fostele01.shtml,fostele01,23,ATL,3,72,23,72,54,0,0,0,9,3,44,0,0,1,1,0,12,18
1974,250,Steve Foucault,/players/f/foucast01.shtml,foucast01,24,TEX,2,69,0,1,69,69,0,0,0,0,0,0,0,0,0,0,0,0
1974,251,Ken Frailing,/players/f/frailke01.shtml,frailke01,26,CHC,3,58,16,58,55,55,0,0,0,0,0,0,0,0,0,0,0,3
1974,252,Roger Freed,/players/f/freedro01.shtml,freedro01,28,CIN,4,6,0,6,1,0,0,1,0,0,0,0,0,0,0,0,6,0
1974,253,Bill Freehan,/players/f/freehbi01.shtml,freehbi01,32,DET,13,130,124,130,127,0,63,65,0,0,0,0,0,0,0,1,3,0
1974,254,Jim Fregosi,/players/f/fregoji01.shtml,fregoji01,32,TEX,14,78,71,78,76,0,0,47,0,32,0,0,0,0,0,0,4,1
1974,255,Dave Freisleben,/players/f/freisda01.shtml,freisda01,22,SDP,1st,33,31,33,33,33,0,0,0,0,0,0,0,0,0,0,0,0
1974,256,Pepe Frias,/players/f/friaspe01.shtml,friaspe01,25,MON,2,76,29,76,73,0,0,0,15,29,30,1,0,2,3,0,4,4
1974,257,Danny Frisella,/players/f/friseda01.shtml,friseda01,28,ATL,8,36,1,36,36,36,0,0,0,0,0,0,0,0,0,0,0,0
1974,258,Woodie Fryman,/players/f/frymawo01.shtml,frymawo01,34,DET,9,27,22,0,27,27,0,0,0,0,0,0,0,0,0,0,0,0
1974,259,Tito Fuentes,/players/f/fuentti01.shtml,fuentti01,30,SFG,9,108,94,108,103,0,0,0,103,0,0,0,0,0,0,0,7,1
1974,260,Jim Fuller,/players/f/fulleji01.shtml,fulleji01,23,BAL,2,64,50,64,62,0,0,4,0,0,0,4,0,56,60,2,6,0
1974,261,John Fuller,/players/f/fullejo01.shtml,fullejo01,24,ATL,1st,3,0,3,1,0,0,0,0,0,0,0,1,0,1,0,2,0
1974,262,Phil Gagliano,/players/g/gagliph01.shtml,gagliph01,32,CIN,12,46,0,46,4,0,0,1,2,1,0,0,0,0,0,0,45,0
1974,263,Bob Gallagher,/players/g/gallabo01.shtml,gallabo01,25,HOU,3,102,5,102,65,0,0,4,0,0,0,5,4,53,62,0,43,21
1974,264,Oscar Gamble,/players/g/gamblos01.shtml,gamblos01,24,CLE,6,135,124,135,13,0,0,0,0,0,0,12,0,1,13,115,10,0
1974,265,Gene Garber,/players/g/garbege01.shtml,garbege01,26,2TM,5,51,0,35,51,51,0,0,0,0,0,0,0,0,0,0,0,0
1974,266,Pedro Garcia,/players/g/garcipe01.shtml,garcipe01,24,MIL,2,141,136,141,140,0,0,0,140,0,0,0,0,0,0,0,0,2
1974,267,Ralph Garcia,/players/g/garcira02.shtml,garcira02,25,SDP,2,8,0,8,8,8,0,0,0,0,0,0,0,0,0,0,0,0
1974,268,Wayne Garland,/players/g/garlawa01.shtml,garlawa01,23,BAL,2,20,6,0,20,20,0,0,0,0,0,0,0,0,0,0,0,0
1974,269,Mike Garman,/players/g/garmami01.shtml,garmami01,24,STL,5,64,0,64,64,64,0,0,0,0,0,0,0,0,0,0,0,0
1974,270,Phil Garner,/players/g/garneph01.shtml,garneph01,25,OAK,2,30,6,30,28,0,0,0,3,19,8,0,0,0,0,2,1,4
1974,271,Ralph Garr,/players/g/garrra01.shtml,garrra01,28,ATL,7,143,139,143,138,0,0,0,0,0,0,110,0,79,189,0,4,0
1974,272,Adrian Garrett,/players/g/garread01.shtml,garread01,31,CHC,6,10,0,10,5,0,3,1,0,0,0,1,0,0,1,0,7,0
1974,273,Wayne Garrett,/players/g/garrewa01.shtml,garrewa01,26,NYM,6,151,142,151,149,0,0,0,0,144,9,0,0,0,0,0,4,0
1974,274,Steve Garvey,/players/g/garvest01.shtml,garvest01,25,LAD,6,156,156,156,156,0,0,156,0,0,0,0,0,0,0,0,0,0
1974,275,Rod Gaspar,/players/g/gasparo01.shtml,gasparo01,28,SDP,4,33,0,33,10,0,0,2,0,0,0,2,5,1,8,0,15,12
1974,276,Cito Gaston,/players/g/gastoci01.shtml,gastoci01,30,SDP,7,106,57,106,63,0,0,0,0,0,0,18,0,50,68,0,44,2
1974,277,Bob Gebhard,/players/g/gebhabo01.shtml,gebhabo01,31,MON,3,1,0,1,1,1,0,0,0,0,0,0,0,0,0,0,0,0
1974,278,Gary Gentry,/players/g/gentrga01.shtml,gentrga01,27,ATL,6,3,1,3,3,3,0,0,0,0,0,0,0,0,0,0,0,0
1974,279,Rusty Gerhardt,/players/g/gerharu01.shtml,gerharu01,23,SDP,1st,23,1,23,23,23,0,0,0,0,0,0,0,0,0,0,0,0
1974,280,Cesar Geronimo,/players/g/geronce01.shtml,geronce01,26,CIN,6,150,114,150,145,0,0,0,0,0,0,0,145,0,145,0,9,3
1974,281,Bob Gibson,/players/g/gibsobo01.shtml,gibsobo01,38,STL,16,33,33,33,33,33,0,0,0,0,0,0,0,0,0,0,0,0
1974,282,Rod Gilbreath,/players/g/gilbrro01.shtml,gilbrro01,21,ATL,3,3,2,3,2,0,0,0,2,0,0,0,0,0,0,0,0,1
1974,283,Bill Gilbreth,/players/g/gilbrbi01.shtml,gilbrbi01,26,CAL,3,3,0,0,3,3,0,0,0,0,0,0,0,0,0,0,0,0
1974,284,Dave Giusti,/players/g/giustda01.shtml,giustda01,34,PIT,12,64,2,64,64,64,0,0,0,0,0,0,0,0,0,0,0,0
1974,285,Danny Godby,/players/g/godbyda01.shtml,godbyda01,27,STL,1st,13,2,13,4,0,0,0,0,0,0,2,0,2,4,0,9,0
1974,286,Chuck Goggin,/players/g/goggich01.shtml,goggich01,28,BOS,3,2,0,2,2,0,0,0,2,0,0,0,0,0,0,0,0,0
1974,287,Bill Gogolewski,/players/g/gogolbi01.shtml,gogolbi01,26,CLE,5,5,0,0,5,5,0,0,0,0,0,0,0,0,0,0,0,0
1974,288,Dave Goltz,/players/g/goltzda01.shtml,goltzda01,25,MIN,3,28,24,1,28,28,0,0,0,0,0,0,0,0,0,0,0,0
1974,289,Luis Gomez,/players/g/gomezlu01.shtml,gomezlu01,22,MIN,1st,82,61,82,76,0,0,0,2,0,74,0,0,0,0,3,1,11
1974,290,Fernando Gonzalez,/players/g/gonzafe01.shtml,gonzafe01,24,2TM,3,60,40,60,58,0,0,0,42,15,3,0,0,0,0,1,3,4
1974,291,Ed Goodson,/players/g/goodsed01.shtml,goodsed01,26,SFG,5,98,75,98,81,0,0,73,0,8,0,0,0,0,0,0,21,0
1974,292,Jim Gosger,/players/g/gosgeji01.shtml,gosgeji01,31,NYM,10,26,6,26,24,0,0,0,0,0,0,9,11,4,24,0,3,3
1974,293,Rich Gossage,/players/g/gossari01.shtml,gossari01,22,CHW,3,39,3,0,39,39,0,0,0,0,0,0,0,0,0,0,0,0
1974,294,Billy Grabarkewitz,/players/g/grababi01.shtml,grababi01,28,2TM,6,87,37,87,58,0,0,0,45,7,7,5,0,0,5,0,18,17
1974,295,Wayne Granger,/players/g/grangwa01.shtml,grangwa01,30,CHW,7,5,0,0,5,5,0,0,0,0,0,0,0,0,0,0,0,0
1974,296,Dick Green,/players/g/greendi01.shtml,greendi01,33,OAK,12,100,95,100,100,0,0,0,100,0,0,0,0,0,0,0,0,0
1974,297,Bill Greif,/players/g/greifbi01.shtml,greifbi01,24,SDP,4,46,35,46,43,43,0,0,0,0,0,0,0,0,0,0,0,3
1974,298,Bobby Grich,/players/g/grichbo01.shtml,grichbo01,25,BAL,5,160,160,160,160,0,0,0,160,0,0,0,0,0,0,0,0,0
1974,299,Tom Grieve,/players/g/grievto01.shtml,grievto01,26,TEX,4,84,68,84,39,0,0,1,0,0,0,31,0,7,38,40,13,0
1974,300,Ken Griffey,/players/g/griffke01.shtml,griffke01,24,CIN,2,88,66,88,71,0,0,0,0,0,0,2,0,69,71,0,17,3
1974,301,Doug Griffin,/players/g/griffdo01.shtml,griffdo01,27,BOS,5,93,89,93,91,0,0,0,91,0,1,0,0,0,0,0,2,2
1974,302,Tom Griffin,/players/g/griffto02.shtml,griffto02,26,HOU,6,37,34,37,34,34,0,0,0,0,0,0,0,0,0,0,1,2
1974,303,Ross Grimsley,/players/g/grimsro02.shtml,grimsro02,24,BAL,4,40,39,0,40,40,0,0,0,0,0,0,0,0,0,0,0,0
1974,304,Greg Gross,/players/g/grossgr01.shtml,grossgr01,21,HOU,2,156,145,156,151,0,0,0,0,0,0,56,0,143,199,0,7,1
1974,305,Jerry Grote,/players/g/groteje01.shtml,groteje01,31,NYM,11,97,92,97,94,0,94,0,0,0,0,0,0,0,0,0,4,0
1974,306,Johnny Grubb,/players/g/grubbjo01.shtml,grubbjo01,25,SDP,3,140,111,140,122,0,0,0,0,2,0,8,114,0,122,0,19,1
1974,307,Mario Guerrero,/players/g/guerrma01.shtml,guerrma01,24,BOS,2,93,81,93,93,0,0,0,0,0,93,0,0,0,0,0,1,0
1974,308,Don Gullett,/players/g/gulledo01.shtml,gulledo01,23,CIN,5,39,35,39,36,36,0,0,0,0,0,0,0,0,0,0,1,2
1974,309,Larry Gura,/players/g/gurala01.shtml,gurala01,26,NYY,5,8,8,0,8,8,0,0,0,0,0,0,0,0,0,0,0,0
1974,310,Don Hahn,/players/h/hahndo01.shtml,hahndo01,25,NYM,6,110,84,110,106,0,0,0,0,0,0,0,104,2,106,0,10,2
1974,311,Jerry Hairston,/players/h/hairsje01.shtml,hairsje01,22,CHW,2,45,24,45,22,0,0,0,0,0,0,19,0,3,22,10,15,2
1974,312,John Hale,/players/h/halejo01.shtml,halejo01,20,LAD,1st,4,0,4,3,0,0,0,0,0,0,0,0,3,3,0,1,1
1974,313,Ed Halicki,/players/h/haliced01.shtml,haliced01,23,SFG,1st,16,11,16,16,16,0,0,0,0,0,0,0,0,0,0,0,0
1974,314,Tom Hall,/players/h/hallto01.shtml,hallto01,26,CIN,7,40,1,40,40,40,0,0,0,0,0,0,0,0,0,0,0,0
1974,315,Dave Hamilton,/players/h/hamilda01.shtml,hamilda01,26,OAK,3,29,18,2,29,29,0,0,0,0,0,0,0,0,0,0,0,0
1974,316,Ike Hampton,/players/h/hamptik01.shtml,hamptik01,22,NYM,1st,4,0,4,1,0,1,0,0,0,0,0,0,0,0,0,4,0
1974,317,Bill Hands,/players/h/handsbi01.shtml,handsbi01,34,2TM,10,37,12,0,37,37,0,0,0,0,0,0,0,0,0,0,0,0
1974,318,Larry Haney,/players/h/haneyla01.shtml,haneyla01,31,OAK,8,76,40,76,76,0,73,1,0,3,0,0,0,0,0,0,2,0
1974,319,Bob Hansen,/players/h/hansebo01.shtml,hansebo01,26,MIL,1st,58,13,58,3,0,0,3,0,0,0,0,0,0,0,19,43,0
1974,320,Larry Hardy,/players/h/hardyla01.shtml,hardyla01,26,SDP,1st,76,1,76,76,76,0,0,0,0,0,0,0,0,0,0,0,0
1974,321,Steve Hargan,/players/h/hargast01.shtml,hargast01,31,TEX,9,37,27,0,37,37,0,0,0,0,0,0,0,0,0,0,0,0
1974,322,Mike Hargrove,/players/h/hargrmi01.shtml,hargrmi01,24,TEX,1st,131,102,131,94,0,0,91,0,0,0,6,0,0,6,32,17,0
1974,323,Terry Harmon,/players/h/harmote01.shtml,harmote01,30,PHI,7,27,1,27,9,0,0,0,5,0,7,0,0,0,0,0,11,9
1974,324,Tommy Harper,/players/h/harpeto01.shtml,harpeto01,33,BOS,13,118,107,118,61,0,0,0,0,0,0,61,0,0,61,51,6,5
1974,325,Toby Harrah,/players/h/harrato01.shtml,harrato01,25,TEX,5,161,160,161,161,0,0,0,0,3,158,0,0,0,0,0,0,0
1974,326,Bud Harrelson,/players/h/harrebu01.shtml,harrebu01,30,NYM,10,106,92,106,96,0,0,0,0,0,96,0,0,0,0,0,2,10
1974,327,Vic Harris,/players/h/harrivi01.shtml,harrivi01,24,CHC,3,62,50,62,56,0,0,0,56,0,0,0,0,0,0,0,8,1
1974,328,Roric Harrison,/players/h/harriro01.shtml,harriro01,27,ATL,3,20,20,20,20,20,0,0,0,0,0,0,0,0,0,0,0,0
1974,329,Jim Ray Hart,/players/h/hartji01.shtml,hartji01,32,NYY,12,10,4,10,0,0,0,0,0,0,0,0,0,0,0,4,6,0
1974,330,Andy Hassler,/players/h/hasslan01.shtml,hasslan01,22,CAL,3,23,22,0,23,23,0,0,0,0,0,0,0,0,0,0,0,0
1974,331,Fran Healy,/players/h/healyfr02.shtml,healyfr02,27,KCR,5,139,129,139,138,0,138,0,0,0,0,0,0,0,0,0,6,1
1974,332,Richie Hebner,/players/h/hebneri01.shtml,hebneri01,26,PIT,7,146,139,146,140,0,0,0,0,140,0,0,0,0,0,0,7,0
1974,333,Mike Hegan,/players/h/heganmi01.shtml,heganmi01,31,2TM,9,107,69,107,51,0,0,34,0,0,0,4,0,13,17,36,29,3
1974,334,Jack Heidemann,/players/h/heideja01.shtml,heideja01,24,2TM,5,59,13,59,58,0,0,1,1,7,49,0,0,0,0,0,7,4
1974,335,Tom Heintzelman,/players/h/heintto01.shtml,heintto01,27,STL,2,38,19,38,32,0,0,0,29,2,1,0,0,0,0,0,8,2
1974,336,Bob Heise,/players/h/heisebo01.shtml,heisebo01,27,2TM,8,32,21,32,28,0,0,0,20,6,3,0,0,0,0,0,1,4
1974,337,Tommy Helms,/players/h/helmsto01.shtml,helmsto01,33,HOU,11,137,130,137,133,0,0,0,133,0,0,0,0,0,0,0,6,0
1974,338,Joe Henderson,/players/h/hendejo01.shtml,hendejo01,27,CHW,1st,5,3,1,5,5,0,0,0,0,0,0,0,0,0,0,0,0
1974,339,Ken Henderson,/players/h/hendeke01.shtml,hendeke01,28,CHW,10,162,159,162,162,0,0,0,0,0,0,0,162,0,162,0,0,0
1974,340,George Hendrick,/players/h/hendrge01.shtml,hendrge01,24,CLE,4,139,133,139,133,0,0,0,0,0,0,1,132,0,133,1,6,0
1974,341,Elrod Hendricks,/players/h/hendrel01.shtml,hendrel01,33,BAL,7,66,41,66,55,0,54,1,0,0,0,0,0,0,0,1,16,1
1974,342,Remy Hermoso,/players/h/hermore01.shtml,hermore01,26,CLE,4,48,38,48,46,0,0,0,46,0,0,0,0,0,0,0,3,2
1974,343,Jesus Hernaiz,/players/h/hernaje01.shtml,hernaje01,29,PHI,1st,27,0,27,27,27,0,0,0,0,0,0,0,0,0,0,0,0
1974,344,Enzo Hernandez,/players/h/hernaen01.shtml,hernaen01,25,SDP,4,147,144,147,145,0,0,0,0,0,145,0,0,0,0,0,2,1
1974,345,Keith Hernandez,/players/h/hernake01.shtml,hernake01,20,STL,1st,14,8,14,9,0,0,9,0,0,0,0,0,0,0,0,5,0
1974,346,Ramon Hernandez,/players/h/hernara01.shtml,hernara01,33,PIT,6,58,0,58,58,58,0,0,0,0,0,0,0,0,0,0,0,0
1974,347,Larry Herndon,/players/h/herndla01.shtml,herndla01,20,STL,1st,12,0,12,1,0,0,0,0,0,0,0,1,0,1,0,0,11
1974,348,Ed Herrmann,/players/h/herrmed01.shtml,herrmed01,27,CHW,7,107,107,107,107,0,107,0,0,0,0,0,0,0,0,0,0,0
1974,349,Jim Hickman,/players/h/hickmji02.shtml,hickmji02,37,STL,13,50,6,50,15,0,0,14,0,1,0,0,0,0,0,0,38,0
1974,350,Tom Hilgendorf,/players/h/hilgeto01.shtml,hilgeto01,32,CLE,5,35,0,0,35,35,0,0,0,0,0,0,0,0,0,0,0,0
1974,351,Marc Hill,/players/h/hillma01.shtml,hillma01,22,STL,2,10,6,10,9,0,9,0,0,0,0,0,0,0,0,0,1,0
1974,352,John Hiller,/players/h/hillejo01.shtml,hillejo01,31,DET,9,59,0,0,59,59,0,0,0,0,0,0,0,0,0,0,0,0
1974,353,Dave Hilton,/players/h/hiltoda01.shtml,hiltoda01,23,SDP,3,74,57,74,66,0,0,0,15,55,0,0,0,0,0,0,10,1
1974,354,Gene Hiser,/players/h/hiserge01.shtml,hiserge01,25,CHC,4,12,2,12,8,0,0,0,0,0,0,6,1,1,8,0,5,2
1974,355,Larry Hisle,/players/h/hislela01.shtml,hislela01,27,MIN,6,143,127,143,137,0,0,0,0,0,0,74,52,27,153,0,12,1
1974,356,Ron Hodges,/players/h/hodgero01.shtml,hodgero01,25,NYM,2,59,35,59,45,0,45,0,0,0,0,0,0,0,0,0,16,0
1974,357,Joe Hoerner,/players/h/hoernjo01.shtml,hoernjo01,37,KCR,11,30,0,1,30,30,0,0,0,0,0,0,0,0,0,0,0,0
1974,358,Fred Holdsworth,/players/h/holdsfr01.shtml,holdsfr01,22,DET,3,8,5,0,8,8,0,0,0,0,0,0,0,0,0,0,0,0
1974,359,Jim Holt,/players/h/holtji01.shtml,holtji01,30,2TM,7,109,54,109,88,0,0,84,0,0,0,2,0,3,5,3,32,5
1974,360,Ken Holtzman,/players/h/holtzke01.shtml,holtzke01,28,OAK,10,39,38,1,39,39,0,0,0,0,0,0,0,0,0,0,0,0
1974,361,Don Hood,/players/h/hooddo01.shtml,hooddo01,24,BAL,2,25,2,5,20,20,0,0,0,0,0,0,0,0,0,0,0,5
1974,362,Leon Hooten,/players/h/hootele01.shtml,hootele01,26,OAK,1st,6,0,0,6,6,0,0,0,0,0,0,0,0,0,0,0,0
1974,363,Burt Hooton,/players/h/hootobu01.shtml,hootobu01,24,CHC,4,48,21,48,48,48,0,0,0,0,0,0,0,0,0,0,0,0
1974,364,Gail Hopkins,/players/h/hopkiga01.shtml,hopkiga01,31,LAD,7,15,1,15,3,0,2,2,0,0,0,0,0,0,0,0,14,0
1974,365,Willie Horton,/players/h/hortowi01.shtml,hortowi01,31,DET,12,72,65,72,64,0,0,0,0,0,0,64,0,0,64,1,7,0
1974,366,Tim Hosley,/players/h/hosleti01.shtml,hosleti01,27,OAK,4,11,0,11,9,0,8,1,0,0,0,0,0,0,0,0,6,2
1974,367,Charlie Hough,/players/h/houghch01.shtml,houghch01,26,LAD,5,49,0,49,49,49,0,0,0,0,0,0,0,0,0,0,0,0
1974,368,Tom House,/players/h/houseto01.shtml,houseto01,27,ATL,4,56,0,56,56,56,0,0,0,0,0,0,0,0,0,0,0,0
1974,369,Doug Howard,/players/h/howardo01.shtml,howardo01,26,CAL,3,22,9,22,13,0,0,5,0,0,0,2,6,0,8,4,11,1
1974,370,Wilbur Howard,/players/h/howarwi01.shtml,howarwi01,25,HOU,2,64,23,64,50,0,0,0,0,0,0,41,6,4,51,0,9,21
1974,371,Jim Howarth,/players/h/howarji01.shtml,howarji01,27,SFG,4,6,0,6,1,0,0,0,0,0,0,1,0,0,1,0,4,1
1974,372,Art Howe,/players/h/howear01.shtml,howear01,27,PIT,1st,29,16,29,22,0,0,0,0,20,2,0,0,0,0,0,10,0
1974,373,Roy Howell,/players/h/howelro02.shtml,howelro02,20,TEX,1st,13,12,13,12,0,0,0,0,12,0,0,0,0,0,0,1,0
1974,374,Al Hrabosky,/players/h/hraboal01.shtml,hraboal01,24,STL,5,66,0,66,65,65,0,0,0,0,0,0,0,0,0,0,0,1
1974,375,Rex Hudson,/players/h/hudsore01.shtml,hudsore01,20,LAD,1st,1,0,1,1,1,0,0,0,0,0,0,0,0,0,0,0,0
1974,376,Jim Hughes,/players/h/hugheji03.shtml,hugheji03,22,MIN,1st,2,2,0,2,2,0,0,0,0,0,0,0,0,0,0,0,0
1974,377,Terry Hughes,/players/h/hughete01.shtml,hughete01,25,BOS,3,41,21,41,36,0,0,0,0,36,0,0,0,0,0,1,1,10
1974,378,Terry Humphrey,/players/h/humphte01.shtml,humphte01,24,MON,4,20,16,20,17,0,17,0,0,0,0,0,0,0,0,0,3,0
1974,379,Randy Hundley,/players/h/hundlra01.shtml,hundlra01,32,MIN,11,32,24,32,28,0,28,0,0,0,0,0,0,0,0,1,3,2
1974,380,Ron Hunt,/players/h/huntro01.shtml,huntro01,33,2TM,12,127,107,127,110,0,0,0,36,75,1,0,0,0,0,0,20,0
1974,381,Catfish Hunter,/players/h/hunteca01.shtml,hunteca01,28,OAK,10,41,41,2,41,41,0,0,0,0,0,0,0,0,0,0,0,0
1974,382,Herb Hutson,/players/h/hutsohe01.shtml,hutsohe01,24,CHC,1st,20,2,20,20,20,0,0,0,0,0,0,0,0,0,0,0,0
1974,383,Tom Hutton,/players/h/huttoto01.shtml,huttoto01,28,PHI,5,96,56,96,72,0,0,39,0,0,0,34,0,0,34,0,29,1
1974,384,Mike Ivie,/players/i/iviemi01.shtml,iviemi01,21,SDP,2,12,9,12,11,0,0,11,0,0,0,0,0,0,0,0,1,0
1974,385,Grant Jackson,/players/j/jacksgr01.shtml,jacksgr01,31,BAL,10,49,0,0,49,49,0,0,0,0,0,0,0,0,0,0,0,0
1974,386,Reggie Jackson,/players/j/jacksre01.shtml,jacksre01,28,OAK,8,148,145,148,127,0,0,0,0,0,0,0,3,126,129,19,3,0
1974,387,Sonny Jackson,/players/j/jacksso01.shtml,jacksso01,29,ATL,12,5,1,5,1,0,0,0,0,0,0,0,0,1,1,0,4,0
1974,388,Jesse Jefferson,/players/j/jeffeje01.shtml,jeffeje01,25,BAL,2,20,2,0,20,20,0,0,0,0,0,0,0,0,0,0,0,0
1974,389,Fergie Jenkins,/players/j/jenkife01.shtml,jenkife01,31,TEX,10,41,41,1,41,41,0,0,0,0,0,0,0,0,0,0,0,0
1974,390,Johnny Jeter,/players/j/jeterjo01.shtml,jeterjo01,29,CLE,6,6,4,6,6,0,0,0,0,0,0,5,1,0,6,0,1,1
1974,391,Juan Jimenez,/players/j/jimenju01.shtml,jimenju01,25,PIT,1st,4,0,4,4,4,0,0,0,0,0,0,0,0,0,0,0,0
1974,392,Tommy John,/players/j/johnto01.shtml,johnto01,31,LAD,12,22,22,22,22,22,0,0,0,0,0,0,0,0,0,0,0,0
1974,393,Alex Johnson,/players/j/johnsal01.shtml,johnsal01,31,2TM,11,124,114,124,82,0,0,0,0,0,0,82,0,0,82,36,7,1
1974,394,Bart Johnson,/players/j/johnsba01.shtml,johnsba01,24,CHW,6,18,18,0,18,18,0,0,0,0,0,0,0,0,0,0,0,0
1974,395,Bob Johnson,/players/j/johnsbo03.shtml,johnsbo03,31,CLE,6,14,10,0,14,14,0,0,0,0,0,0,0,0,0,0,0,0
1974,396,Cliff Johnson,/players/j/johnscl01.shtml,johnscl01,26,HOU,3,83,38,83,47,0,28,21,0,0,0,0,0,0,0,0,41,1
1974,397,Dave Johnson,/players/j/johnsda03.shtml,johnsda03,25,BAL,1st,11,0,0,11,11,0,0,0,0,0,0,0,0,0,0,0,0
1974,398,Davey Johnson,/players/j/johnsda02.shtml,johnsda02,31,ATL,10,136,132,136,134,0,0,73,71,0,0,0,0,0,0,0,4,0
1974,399,Deron Johnson,/players/j/johnsde01.shtml,johnsde01,35,3TM,14,110,98,110,30,0,0,30,0,0,0,0,0,0,0,77,11,0
1974,400,Jerry Johnson,/players/j/johnsje01.shtml,johnsje01,30,HOU,7,34,0,34,34,34,0,0,0,0,0,0,0,0,0,0,0,0
1974,401,Lamar Johnson,/players/j/johnsla02.shtml,johnsla02,23,CHW,1st,10,8,10,7,0,0,7,0,0,0,0,0,0,0,3,1,0
1974,402,Larry Johnson,/players/j/johnsla01.shtml,johnsla01,23,CLE,2,1,0,1,0,0,0,0,0,0,0,0,0,0,0,0,0,1
1974,403,Mike Johnson,/players/j/johnsmi01.shtml,johnsmi01,23,SDP,1st,18,0,18,18,18,0,0,0,0,0,0,0,0,0,0,0,0
1974,404,Tim Johnson,/players/j/johnsti01.shtml,johnsti01,24,MIL,2,93,63,93,88,0,0,0,26,1,64,1,0,0,1,1,8,7
1974,405,Tom Johnson,/players/j/johnsto02.shtml,johnsto02,23,MIN,1st,4,0,1,4,4,0,0,0,0,0,0,0,0,0,0,0,0
1974,406,Jay Johnstone,/players/j/johnsja01.shtml,johnsja01,28,PHI,9,64,56,64,59,0,0,0,0,0,0,31,1,42,74,0,7,0
1974,407,Bob Jones,/players/j/jonesbo02.shtml,jonesbo02,24,TEX,1st,2,1,2,2,0,0,0,0,0,0,2,0,0,2,0,0,0
1974,408,Cleon Jones,/players/j/jonescl01.shtml,jonescl01,31,NYM,11,124,116,124,120,0,0,0,0,0,0,117,3,3,123,0,6,1
1974,409,Randy Jones,/players/j/jonesra01.shtml,jonesra01,24,SDP,2,46,34,46,40,40,0,0,0,0,0,0,0,0,0,0,0,6
1974,410,Mike Jorgensen,/players/j/jorgemi01.shtml,jorgemi01,25,MON,6,131,72,131,113,0,0,91,0,0,0,28,0,2,30,0,32,11
1974,411,Von Joshua,/players/j/joshuvo01.shtml,joshuvo01,26,LAD,5,81,18,81,35,0,0,0,0,0,0,11,17,7,35,0,51,2
1974,412,Skip Jutze,/players/j/jutzesk01.shtml,jutzesk01,28,HOU,3,8,4,8,7,0,7,0,0,0,0,0,0,0,0,0,0,3
1974,413,Jim Kaat,/players/k/kaatji01.shtml,kaatji01,35,CHW,16,42,39,1,42,42,0,0,0,0,0,0,0,0,0,0,0,0
1974,414,Al Kaline,/players/k/kalinal01.shtml,kalinal01,39,DET,22,147,144,147,0,0,0,0,0,0,0,0,0,0,0,146,3,0
1974,415,Mick Kelleher,/players/k/kellemi02.shtml,kellemi02,26,HOU,3,19,16,19,18,0,0,0,0,0,18,0,0,0,0,0,0,1
1974,416,Pat Kelly,/players/k/kellypa01.shtml,kellypa01,29,CHW,8,122,105,122,53,0,0,0,0,0,0,1,0,52,53,67,7,5
1974,417,Fred Kendall,/players/k/kendafr01.shtml,kendafr01,25,SDP,6,141,111,141,133,0,133,0,0,0,0,0,0,0,0,0,22,0
1974,418,John Kennedy,/players/k/kennejo03.shtml,kennejo03,33,BOS,12,10,3,10,10,0,0,0,6,4,0,0,0,0,0,0,0,2
1974,419,Junior Kennedy,/players/k/kenneju01.shtml,kenneju01,23,CIN,1st,22,4,22,21,0,0,0,17,5,0,0,0,0,0,0,2,1
1974,420,Jim Kern,/players/k/kernji01.shtml,kernji01,25,CLE,1st,4,3,0,4,4,0,0,0,0,0,0,0,0,0,0,0,0
1974,421,Don Kessinger,/players/k/kessido01.shtml,kessido01,31,CHC,11,153,147,153,150,0,0,0,0,0,150,0,0,0,0,0,3,0
1974,422,Harmon Killebrew,/players/k/killeha01.shtml,killeha01,38,MIN,21,122,84,122,33,0,0,33,0,0,0,0,0,0,0,57,38,0
1974,423,Hal King,/players/k/kingha01.shtml,kingha01,30,CIN,7,20,1,20,5,0,5,0,0,0,0,0,0,0,0,0,17,0
1974,424,Dave Kingman,/players/k/kingmda01.shtml,kingmda01,25,SFG,4,121,91,121,112,0,0,91,0,21,0,1,0,2,3,0,12,8
1974,425,Clay Kirby,/players/k/kirbycl01.shtml,kirbycl01,26,CIN,6,36,35,36,36,36,0,0,0,0,0,0,0,0,0,0,0,0
1974,426,Ed Kirkpatrick,/players/k/kirkped01.shtml,kirkped01,29,PIT,13,116,66,116,80,0,5,60,0,0,0,1,3,11,15,0,42,0
1974,427,Don Kirkwood,/players/k/kirkwdo01.shtml,kirkwdo01,24,CAL,1st,3,0,0,3,3,0,0,0,0,0,0,0,0,0,0,0,0
1974,428,Bruce Kison,/players/k/kisonbr01.shtml,kisonbr01,24,PIT,4,40,16,40,40,40,0,0,0,0,0,0,0,0,0,0,0,0
1974,429,Steve Kline,/players/k/klinest01.shtml,klinest01,26,2TM,5,20,15,0,20,20,0,0,0,0,0,0,0,0,0,0,0,0
1974,430,Ray Knight,/players/k/knighra01.shtml,knighra01,21,CIN,1st,14,1,14,14,0,0,0,0,14,0,0,0,0,0,0,0,0
1974,431,Darold Knowles,/players/k/knowlda01.shtml,knowlda01,32,OAK,10,45,1,5,45,45,0,0,0,0,0,0,0,0,0,0,0,0
1974,432,John Knox,/players/k/knoxjo01.shtml,knoxjo01,25,DET,3,55,17,55,34,0,0,0,32,2,0,0,0,0,0,4,4,22
1974,433,Kevin Kobel,/players/k/kobelke01.shtml,kobelke01,20,MIL,2,34,24,0,34,34,0,0,0,0,0,0,0,0,0,0,0,0
1974,434,Doug Konieczny,/players/k/koniedo01.shtml,koniedo01,22,HOU,2,6,3,6,6,6,0,0,0,0,0,0,0,0,0,0,0,0
1974,435,Jerry Koosman,/players/k/koosmje01.shtml,koosmje01,31,NYM,8,35,35,35,35,35,0,0,0,0,0,0,0,0,0,0,0,0
1974,436,Andy Kosco,/players/k/koscoan01.shtml,koscoan01,32,CIN,10,33,5,33,10,0,0,0,0,8,0,1,0,1,2,0,24,0
1974,437,Ed Kranepool,/players/k/kraneed01.shtml,kraneed01,29,NYM,13,94,49,94,56,0,0,23,0,0,0,33,0,1,34,0,41,0
1974,438,Lew Krausse,/players/k/krausle02.shtml,krausle02,31,ATL,12,29,4,29,29,29,0,0,0,0,0,0,0,0,0,0,0,0
1974,439,Jim Kremmel,/players/k/kremmji01.shtml,kremmji01,25,CHC,2,23,2,23,23,23,0,0,0,0,0,0,0,0,0,0,0,0
1974,440,Ted Kubiak,/players/k/kubiate01.shtml,kubiate01,32,OAK,8,99,66,99,95,0,0,0,71,14,19,0,0,0,0,2,6,1
1974,441,Jack Kucek,/players/k/kucekja01.shtml,kucekja01,21,CHW,1st,9,7,0,9,9,0,0,0,0,0,0,0,0,0,0,0,0
1974,442,Duane Kuiper,/players/k/kuipedu01.shtml,kuipedu01,24,CLE,1st,10,5,10,8,0,0,0,8,0,0,0,0,0,0,0,1,2
1974,443,Craig Kusick,/players/k/kusiccr01.shtml,kusiccr01,25,MIN,2,76,57,76,75,0,0,75,0,0,0,0,0,0,0,0,8,1
1974,444,Pete LaCock,/players/l/lacocpe01.shtml,lacocpe01,22,CHC,3,35,26,35,33,0,0,11,0,0,0,0,0,23,23,0,6,0
1974,445,Lee Lacy,/players/l/lacyle01.shtml,lacyle01,26,LAD,3,48,17,48,35,0,0,0,34,1,0,0,0,0,0,0,11,9
1974,446,Lerrin LaGrow,/players/l/lagrole01.shtml,lagrole01,25,DET,4,37,34,0,37,37,0,0,0,0,0,0,0,0,0,0,0,0
1974,447,Joe Lahoud,/players/l/lahoujo01.shtml,lahoujo01,27,CAL,7,127,85,127,106,0,0,0,0,0,0,70,0,39,109,10,19,4
1974,448,Gene Lamont,/players/l/lamonge01.shtml,lamonge01,27,DET,4,60,29,60,60,0,60,0,0,0,0,0,0,0,0,0,0,0
1974,449,Marv Lane,/players/l/lanema01.shtml,lanema01,24,DET,4,50,29,50,46,0,0,0,0,0,0,40,2,6,48,1,8,3
1974,450,Dick Lange,/players/l/langedi01.shtml,langedi01,25,CAL,3,29,18,8,21,21,0,0,0,0,0,0,0,0,0,2,0,8
1974,451,Dave LaRoche,/players/l/larocda01.shtml,larocda01,26,CHC,5,50,4,50,49,49,0,0,0,0,0,0,0,0,0,0,1,0
1974,452,Gary Lavelle,/players/l/lavelga01.shtml,lavelga01,25,SFG,1st,10,0,10,10,10,0,0,0,0,0,0,0,0,0,0,0,0
1974,453,Bill Laxton,/players/l/laxtobi01.shtml,laxtobi01,26,SDP,3,30,1,30,30,30,0,0,0,0,0,0,0,0,0,0,0,0
1974,454,Bill Lee,/players/l/leebi03.shtml,leebi03,27,BOS,6,38,37,0,38,38,0,0,0,0,0,0,0,0,0,0,0,0
1974,455,Leron Lee,/players/l/leele02.shtml,leele02,26,CLE,6,79,55,79,62,0,0,0,0,0,0,60,0,2,62,2,20,0
1974,456,Ron LeFlore,/players/l/lefloro01.shtml,lefloro01,26,DET,1st,59,59,59,59,0,0,0,0,0,0,0,59,0,59,0,0,0
1974,457,Dave Lemanczyk,/players/l/lemanda01.shtml,lemanda01,23,DET,2,22,3,0,22,22,0,0,0,0,0,0,0,0,0,0,0,0
1974,458,Eddie Leon,/players/l/leoned01.shtml,leoned01,27,CHW,7,31,13,31,30,0,0,0,7,2,21,0,0,0,0,1,0,1
1974,459,Max Leon,/players/l/leonma01.shtml,leonma01,24,ATL,2,34,2,34,34,34,0,0,0,0,0,0,0,0,0,0,0,0
1974,460,Dennis Leonard,/players/l/leonade01.shtml,leonade01,23,KCR,1st,5,4,0,5,5,0,0,0,0,0,0,0,0,0,0,0,0
1974,461,Barry Lersch,/players/l/lerscba01.shtml,lerscba01,29,STL,6,1,0,1,1,1,0,0,0,0,0,0,0,0,0,0,0,0
1974,462,Sixto Lezcano,/players/l/lezcasi01.shtml,lezcasi01,20,MIL,1st,15,14,15,15,0,0,0,0,0,0,0,0,15,15,0,0,1
1974,463,Jack Lind,/players/l/lindja01.shtml,lindja01,28,MIL,1st,9,5,9,9,0,0,0,4,0,5,0,0,0,0,0,0,0
1974,464,Paul Lindblad,/players/l/lindbpa01.shtml,lindbpa01,32,OAK,10,45,2,3,45,45,0,0,0,0,0,0,0,0,0,0,0,0
1974,465,Larry Lintz,/players/l/lintzla01.shtml,lintzla01,24,MON,2,113,81,113,98,0,0,0,65,2,31,0,0,0,0,0,2,20
1974,466,Frank Linzy,/players/l/linzyfr01.shtml,linzyfr01,33,PHI,11,22,0,22,22,22,0,0,0,0,0,0,0,0,0,0,0,0
1974,467,Joe Lis,/players/l/lisjo01.shtml,lisjo01,27,2TM,5,81,39,81,59,0,0,49,0,9,0,1,0,0,1,9,21,0
1974,468,Winston Llenas,/players/l/llenawi01.shtml,llenawi01,30,CAL,5,72,25,72,49,0,0,0,15,2,0,25,0,7,32,10,41,0
1974,469,Gene Locklear,/players/l/locklge01.shtml,locklge01,24,SDP,2,39,11,39,12,0,0,0,0,0,0,8,0,4,12,0,28,0
1974,470,Skip Lockwood,/players/l/lockwsk01.shtml,lockwsk01,27,CAL,7,37,2,0,37,37,0,0,0,0,0,0,0,0,0,0,0,0
1974,471,Mickey Lolich,/players/l/lolicmi01.shtml,lolicmi01,33,DET,12,41,41,0,41,41,0,0,0,0,0,0,0,0,0,0,0,0
1974,472,Jim Lonborg,/players/l/lonboji01.shtml,lonboji01,32,PHI,10,39,39,39,39,39,0,0,0,0,0,0,0,0,0,0,0,0
1974,473,Davey Lopes,/players/l/lopesda01.shtml,lopesda01,29,LAD,3,145,133,145,143,0,0,0,143,0,0,0,0,0,0,0,0,5
1974,474,Aurelio Lopez,/players/l/lopezau01.shtml,lopezau01,25,KCR,1st,8,1,0,8,8,0,0,0,0,0,0,0,0,0,0,0,0
1974,475,Joe Lovitto,/players/l/lovitjo01.shtml,lovitjo01,23,TEX,3,113,77,113,109,0,0,5,0,0,0,0,106,1,107,0,2,4
1974,476,John Lowenstein,/players/l/lowenjo01.shtml,lowenjo01,27,CLE,5,140,132,140,137,0,0,12,4,28,0,89,8,6,103,1,2,2
1974,477,Mike Lum,/players/l/lummi01.shtml,lummi01,28,ATL,8,106,92,106,99,0,0,59,0,0,0,23,9,26,58,0,12,0
1974,478,Tom Lundstedt,/players/l/lundsto01.shtml,lundsto01,25,CHC,2,22,9,22,22,0,22,0,0,0,0,0,0,0,0,0,0,0
1974,479,Greg Luzinski,/players/l/luzingr01.shtml,luzingr01,23,PHI,5,85,81,85,82,0,0,0,0,0,0,82,0,0,82,0,4,0
1974,480,Sparky Lyle,/players/l/lylesp01.shtml,lylesp01,29,NYY,8,66,0,4,66,66,0,0,0,0,0,0,0,0,0,0,0,0
1974,481,Fred Lynn,/players/l/lynnfr01.shtml,lynnfr01,22,BOS,1st,15,12,15,12,0,0,0,0,0,0,6,4,2,12,1,2,1
1974,482,Jim Lyttle,/players/l/lyttlji01.shtml,lyttlji01,28,MON,6,25,0,25,19,0,0,0,0,0,0,18,1,0,19,0,8,1
1974,483,Ken Macha,/players/m/machake01.shtml,machake01,23,PIT,1st,5,0,5,1,0,1,0,0,0,0,0,0,0,0,0,5,0
1974,484,Pete Mackanin,/players/m/mackape01.shtml,mackape01,22,TEX,2,2,0,2,2,0,0,0,0,0,2,0,0,0,0,0,1,0
1974,485,Elliott Maddox,/players/m/maddoel01.shtml,maddoel01,26,NYY,5,137,115,137,135,0,0,0,2,1,0,0,112,25,137,0,3,3
1974,486,Garry Maddox,/players/m/maddoga01.shtml,maddoga01,24,SFG,3,135,127,135,131,0,0,0,0,0,0,0,131,0,131,0,6,0
1974,487,Bill Madlock,/players/m/madlobi01.shtml,madlobi01,23,CHC,2,128,120,128,121,0,0,0,0,121,0,0,0,0,0,0,8,0
1974,488,Angel Mangual,/players/m/manguan01.shtml,manguan01,27,OAK,5,115,94,115,74,0,0,0,0,1,0,26,28,29,83,37,13,0
1974,489,Pepe Mangual,/players/m/mangupe01.shtml,mangupe01,22,MON,3,23,14,23,22,0,0,0,0,0,0,19,3,7,29,0,4,1
1974,490,Charlie Manuel,/players/m/manuech01.shtml,manuech01,30,LAD,5,4,0,4,0,0,0,0,0,0,0,0,0,0,0,0,4,0
1974,491,Juan Marichal,/players/m/maricju01.shtml,maricju01,36,BOS,15,11,9,0,11,11,0,0,0,0,0,0,0,0,0,0,0,0
1974,492,Gonzalo Marquez,/players/m/marqugo01.shtml,marqugo01,34,CHC,3,11,0,11,1,0,0,1,0,0,0,0,0,0,0,0,11,0
1974,493,Mike Marshall,/players/m/marshmi01.shtml,marshmi01,31,LAD,7,106,0,106,106,106,0,0,0,0,0,0,0,0,0,0,0,0
1974,494,Jerry Martin,/players/m/martije01.shtml,martije01,25,PHI,1st,13,2,13,12,0,0,0,0,0,0,6,4,3,13,0,4,3
1974,495,Buck Martinez,/players/m/martibu01.shtml,martibu01,25,KCR,5,43,31,43,38,0,38,0,0,0,0,0,0,0,0,0,5,0
1974,496,Ted Martinez,/players/m/martite01.shtml,martite01,26,NYM,5,116,90,116,103,0,0,0,11,12,75,0,10,0,10,0,8,12
1974,497,Tippy Martinez,/players/m/martiti01.shtml,martiti01,24,NYY,1st,10,0,0,10,10,0,0,0,0,0,0,0,0,0,0,0,0
1974,498,Jim Mason,/players/m/masonji01.shtml,masonji01,23,NYY,4,152,144,152,152,0,0,0,0,0,152,0,0,0,0,0,0,0
1974,499,Jon Matlack,/players/m/matlajo01.shtml,matlajo01,24,NYM,4,34,34,34,34,34,0,0,0,0,0,0,0,0,0,0,0,0
1974,500,Gary Matthews,/players/m/matthga01.shtml,matthga01,23,SFG,3,154,144,154,151,0,0,0,0,0,0,151,0,0,151,0,5,2
1974,501,Dal Maxvill,/players/m/maxvida01.shtml,maxvida01,35,2TM,13,68,28,68,68,0,0,0,30,1,37,0,0,0,0,0,0,1
1974,502,Carlos May,/players/m/mayca01.shtml,mayca01,26,CHW,7,149,137,149,129,0,0,0,0,0,0,129,0,0,129,13,12,0
1974,503,Dave May,/players/m/mayda01.shtml,mayda01,30,MIL,8,135,120,135,121,0,0,0,0,0,0,4,17,108,129,7,14,0
1974,504,Lee May,/players/m/mayle01.shtml,mayle01,31,HOU,10,152,143,152,144,0,0,144,0,0,0,0,0,0,0,0,9,0
1974,505,Milt May,/players/m/maymi01.shtml,maymi01,23,HOU,5,127,109,127,116,0,116,0,0,0,0,0,0,0,0,0,13,0
1974,506,Rudy May,/players/m/mayru01.shtml,mayru01,29,2TM,7,35,18,0,35,35,0,0,0,0,0,0,0,0,0,0,0,0
1974,507,John Mayberry,/players/m/maybejo01.shtml,maybejo01,25,KCR,7,126,116,126,106,0,0,106,0,0,0,0,0,0,0,16,9,0
1974,508,Ernie McAnally,/players/m/mcanaer01.shtml,mcanaer01,27,MON,4,25,21,25,25,25,0,0,0,0,0,0,0,0,0,0,0,0
1974,509,Jim McAndrew,/players/m/mcandji01.shtml,mcandji01,30,SDP,7,15,5,15,15,15,0,0,0,0,0,0,0,0,0,0,0,0
1974,510,Dick McAuliffe,/players/m/mcauldi01.shtml,mcauldi01,34,BOS,15,100,72,100,87,0,0,0,53,40,3,0,0,0,0,3,15,4
1974,511,Bake McBride,/players/m/mcbriba01.shtml,mcbriba01,25,STL,2,150,138,150,144,0,0,0,0,0,0,0,144,0,144,0,8,1
1974,512,Tim McCarver,/players/m/mccarti01.shtml,mccarti01,32,2TM,15,85,27,85,34,0,28,6,0,0,0,0,0,0,0,2,57,0
1974,513,Willie McCovey,/players/m/mccovwi01.shtml,mccovwi01,36,SDP,16,128,103,128,104,0,0,104,0,0,0,0,0,0,0,0,24,0
1974,514,Tommy McCraw,/players/m/mccrato01.shtml,mccrato01,33,2TM,12,101,56,101,79,0,0,67,0,0,0,7,1,5,13,2,26,6
1974,515,Lindy McDaniel,/players/m/mcdanli01.shtml,mcdanli01,38,KCR,20,38,5,0,38,38,0,0,0,0,0,0,0,0,0,0,0,0
1974,516,Sam McDowell,/players/m/mcdowsa01.shtml,mcdowsa01,31,NYY,14,13,7,0,13,13,0,0,0,0,0,0,0,0,0,0,0,0
1974,517,Will McEnaney,/players/m/mcenawi01.shtml,mcenawi01,22,CIN,1st,24,0,24,24,24,0,0,0,0,0,0,0,0,0,0,0,0
1974,518,Lynn McGlothen,/players/m/mcgloly01.shtml,mcgloly01,24,STL,3,31,31,31,31,31,0,0,0,0,0,0,0,0,0,0,0,0
1974,519,Tug McGraw,/players/m/mcgratu01.shtml,mcgratu01,29,NYM,9,41,4,41,41,41,0,0,0,0,0,0,0,0,0,0,0,0
1974,520,Joe McIntosh,/players/m/mcintjo01.shtml,mcintjo01,22,SDP,1st,10,5,10,10,10,0,0,0,0,0,0,0,0,0,0,0,0
1974,521,Rich McKinney,/players/m/mckinri01.shtml,mckinri01,27,OAK,5,5,1,5,3,0,0,0,3,0,0,0,0,0,0,0,3,0
1974,522,Don McMahon,/players/m/mcmahdo02.shtml,mcmahdo02,44,SFG,18,9,0,9,9,9,0,0,0,0,0,0,0,0,0,0,0,0
1974,523,Ken McMullen,/players/m/mcmulke01.shtml,mcmulke01,32,LAD,13,44,6,44,10,0,0,0,3,7,0,0,0,0,0,0,36,0
1974,524,Dave McNally,/players/m/mcnalda01.shtml,mcnalda01,31,BAL,13,39,37,0,39,39,0,0,0,0,0,0,0,0,0,0,0,0
1974,525,Mike McQueen,/players/m/mcquemi01.shtml,mcquemi01,23,CIN,5,10,0,10,10,10,0,0,0,0,0,0,0,0,0,0,0,0
1974,526,Hal McRae,/players/m/mcraeha01.shtml,mcraeha01,28,KCR,6,148,145,148,57,0,0,0,0,2,0,40,0,20,60,90,3,0
1974,527,Doc Medich,/players/m/medicdo01.shtml,medicdo01,25,NYY,3,39,38,1,38,38,0,0,0,0,0,0,0,0,0,0,0,1
1974,528,Luis Melendez,/players/m/melenlu01.shtml,melenlu01,24,STL,5,83,26,83,47,0,0,0,0,0,1,14,22,12,48,0,34,8
1974,529,Bill Melton,/players/m/meltobi01.shtml,meltobi01,28,CHW,7,136,132,136,123,0,0,0,0,123,0,0,0,0,0,11,4,0
1974,530,Mario Mendoza,/players/m/mendoma01.shtml,mendoma01,23,PIT,1st,91,48,91,87,0,0,0,0,0,87,0,0,0,0,0,1,9
1974,531,Denis Menke,/players/m/menkede01.shtml,menkede01,33,HOU,13,30,5,30,23,0,0,12,3,7,2,0,0,0,0,0,9,0
1974,532,Rudy Meoli,/players/m/meoliru01.shtml,meoliru01,23,CAL,3,36,24,36,29,0,0,0,1,20,8,0,0,0,0,2,6,3
1974,533,Jim Merritt,/players/m/merriji01.shtml,merriji01,30,TEX,10,26,1,0,26,26,0,0,0,0,0,0,0,0,0,0,0,0
1974,534,Andy Messersmith,/players/m/messean01.shtml,messean01,28,LAD,7,39,39,39,39,39,0,0,0,0,0,0,0,0,0,0,0,0
1974,535,Butch Metzger,/players/m/metzgbu01.shtml,metzgbu01,22,SFG,1st,10,0,10,10,10,0,0,0,0,0,0,0,0,0,0,0,0
1974,536,Roger Metzger,/players/m/metzgro01.shtml,metzgro01,26,HOU,5,143,143,143,142,0,0,0,0,0,142,0,0,0,0,0,0,0
1974,537,Dan Meyer,/players/m/meyerda01.shtml,meyerda01,21,DET,1st,13,12,13,12,0,0,0,0,0,0,12,0,0,12,0,1,0
1974,538,Gene Michael,/players/m/michage01.shtml,michage01,36,NYY,9,81,52,81,80,0,0,0,45,2,39,0,0,0,0,0,2,2
1974,539,Larry Milbourne,/players/m/milbola01.shtml,milbola01,23,HOU,1st,112,32,112,97,0,0,0,85,0,10,4,0,0,4,0,2,47
1974,540,Felix Millan,/players/m/millafe01.shtml,millafe01,30,NYM,9,136,128,136,134,0,0,0,134,0,0,0,0,0,0,0,1,1
1974,541,Bob Miller,/players/m/millebo04.shtml,millebo04,35,NYM,17,58,0,58,58,58,0,0,0,0,0,0,0,0,0,0,0,0
1974,542,Bruce Miller,/players/m/millebr01.shtml,millebr01,27,SFG,2,73,48,73,62,0,0,0,9,42,13,0,0,0,0,0,14,1
1974,543,Norm Miller,/players/m/milleno01.shtml,milleno01,28,ATL,10,42,2,42,4,0,0,0,0,0,0,1,0,4,5,0,39,0
1974,544,Rick Miller,/players/m/milleri01.shtml,milleri01,26,BOS,4,114,74,114,105,0,0,0,0,0,0,21,77,7,105,0,4,13
1974,545,Roger Miller,/players/m/millero04.shtml,millero04,19,MIL,1st,2,0,0,2,2,0,0,0,0,0,0,0,0,0,0,0,0
1974,546,John Milner,/players/m/milnejo01.shtml,milnejo01,24,NYM,4,137,131,137,133,0,0,133,0,0,0,0,0,0,0,0,3,2
1974,547,Steve Mingori,/players/m/mingost01.shtml,mingost01,30,KCR,5,36,0,1,36,36,0,0,0,0,0,0,0,0,0,0,0,0
1974,548,Jim Minshall,/players/m/minshji01.shtml,minshji01,26,PIT,1st,5,0,5,5,5,0,0,0,0,0,0,0,0,0,0,0,0
1974,549,Bobby Mitchell,/players/m/mitchbo02.shtml,mitchbo02,30,MIL,4,88,43,88,26,0,0,0,0,0,0,10,2,14,26,53,22,20
1974,550,George Mitterwald,/players/m/mittege01.shtml,mittege01,29,CHC,8,78,57,78,68,0,68,0,0,0,0,0,0,0,0,0,14,0
1974,551,Dave Moates,/players/m/moateda01.shtml,moateda01,26,TEX,1st,1,0,1,0,0,0,0,0,0,0,0,0,0,0,1,0,1
1974,552,Randy Moffitt,/players/m/moffira01.shtml,moffira01,25,SFG,3,61,1,61,61,61,0,0,0,0,0,0,0,0,0,0,0,0
1974,553,Rick Monday,/players/m/mondari01.shtml,mondari01,28,CHC,9,142,135,142,139,0,0,0,0,0,0,0,139,0,139,0,4,0
1974,554,Don Money,/players/m/moneydo01.shtml,moneydo01,27,MIL,7,159,156,159,157,0,0,0,1,157,0,0,0,0,0,2,0,1
1974,555,John Montague,/players/m/montajo01.shtml,montajo01,26,MON,2,46,1,46,46,46,0,0,0,0,0,0,0,0,0,0,0,0
1974,556,Willie Montanez,/players/m/montawi01.shtml,montawi01,26,PHI,6,143,136,143,137,0,0,137,0,0,0,0,0,1,1,0,7,0
1974,557,John Montefusco,/players/m/montejo01.shtml,montejo01,24,SFG,1st,7,5,7,7,7,0,0,0,0,0,0,0,0,0,0,0,0
1974,558,Bob Montgomery,/players/m/montgbo01.shtml,montgbo01,30,BOS,5,88,64,88,79,0,79,0,0,0,0,0,0,0,0,5,8,0
1974,559,Balor Moore,/players/m/mooreba02.shtml,mooreba02,23,MON,4,8,2,8,8,8,0,0,0,0,0,0,0,0,0,0,0,0
1974,560,Charlie Moore,/players/m/moorech02.shtml,moorech02,21,MIL,2,72,53,72,61,0,61,0,0,0,0,0,0,0,0,6,10,1
1974,561,Bob Moose,/players/m/moosebo01.shtml,moosebo01,26,PIT,8,7,6,7,7,7,0,0,0,0,0,0,0,0,0,0,0,0
1974,562,Jerry Morales,/players/m/moralje01.shtml,moralje01,25,CHC,6,151,132,151,143,0,0,0,0,0,0,81,30,42,153,0,8,3
1974,563,Jose Morales,/players/m/moraljo01.shtml,moraljo01,29,MON,2,25,1,25,2,0,2,0,0,0,0,0,0,0,0,0,23,0
1974,564,Rich Morales,/players/m/moralri01.shtml,moralri01,30,SDP,8,54,13,54,52,0,0,1,18,6,29,0,0,0,0,0,2,10
1974,565,Bill Moran,/players/m/moranbi03.shtml,moranbi03,23,CHW,1st,15,5,0,15,15,0,0,0,0,0,0,0,0,0,0,0,0
1974,566,Roger Moret,/players/m/moretro01.shtml,moretro01,24,BOS,5,31,21,1,31,31,0,0,0,0,0,0,0,0,0,0,0,0
1974,567,Joe Morgan,/players/m/morgajo02.shtml,morgajo02,30,CIN,12,149,140,149,142,0,0,0,142,0,0,0,0,0,0,0,7,2
1974,568,John Morlan,/players/m/morlajo01.shtml,morlajo01,26,PIT,2,39,0,39,39,39,0,0,0,0,0,0,0,0,0,0,0,0
1974,569,John Morris,/players/m/morrijo06.shtml,morrijo06,32,SFG,8,17,0,17,17,17,0,0,0,0,0,0,0,0,0,0,0,0
1974,570,Carl Morton,/players/m/mortoca01.shtml,mortoca01,30,ATL,6,38,38,38,38,38,0,0,0,0,0,0,0,0,0,0,0,0
1974,571,Jerry Moses,/players/m/mosesje01.shtml,mosesje01,27,DET,8,74,64,74,74,0,74,0,0,0,0,0,0,0,0,0,2,0
1974,572,Manny Mota,/players/m/motama01.shtml,motama01,36,LAD,13,66,1,66,3,0,0,0,0,0,0,3,0,0,3,0,64,0
1974,573,Curt Motton,/players/m/mottocu01.shtml,mottocu01,33,BAL,8,7,1,7,2,0,0,0,0,0,0,0,0,2,2,1,5,1
1974,574,Jerry Mumphrey,/players/m/mumphje01.shtml,mumphje01,21,STL,1st,5,0,5,1,0,0,0,0,0,0,1,0,0,1,0,0,4
1974,575,Thurman Munson,/players/m/munsoth01.shtml,munsoth01,27,NYY,6,144,140,144,136,0,136,0,0,0,0,0,0,0,0,4,3,1
1974,576,Bobby Murcer,/players/m/murcebo01.shtml,murcebo01,28,NYY,8,156,153,156,156,0,0,0,0,0,0,0,59,102,161,0,1,0
1974,577,Tom Murphy,/players/m/murphto02.shtml,murphto02,28,MIL,7,70,0,1,70,70,0,0,0,0,0,0,0,0,0,0,0,0
1974,578,Dale Murray,/players/m/murrada01.shtml,murrada01,24,MON,1st,32,0,32,32,32,0,0,0,0,0,0,0,0,0,0,0,0
1974,579,Larry Murray,/players/m/murrala01.shtml,murrala01,21,NYY,1st,6,0,6,3,0,0,0,0,0,0,1,1,2,4,0,0,3
1974,580,Ivan Murrell,/players/m/murreiv01.shtml,murreiv01,31,ATL,10,73,27,73,45,0,0,13,0,0,0,12,9,14,35,0,33,1
1974,581,Tony Muser,/players/m/muserto01.shtml,muserto01,26,CHW,5,103,44,103,80,0,0,80,0,0,0,0,0,0,0,13,18,3
1974,582,Mike Nagy,/players/n/nagymi01.shtml,nagymi01,26,HOU,6,9,0,9,9,9,0,0,0,0,0,0,0,0,0,0,0,0
1974,583,Dave Nelson,/players/n/nelsoda01.shtml,nelsoda01,30,TEX,7,121,119,121,120,0,0,0,120,0,0,0,0,0,0,1,0,1
1974,584,Roger Nelson,/players/n/nelsoro02.shtml,nelsoro02,30,CIN,8,14,12,14,14,14,0,0,0,0,0,0,0,0,0,0,0,0
1974,585,Graig Nettles,/players/n/nettlgr01.shtml,nettlgr01,29,NYY,8,155,154,155,154,0,0,0,0,154,1,0,0,0,0,0,1,0
1974,586,Jim Nettles,/players/n/nettlji01.shtml,nettlji01,27,DET,4,43,39,43,41,0,0,0,0,0,0,8,4,30,42,0,2,1
1974,587,Morris Nettles,/players/n/nettlmo01.shtml,nettlmo01,22,CAL,1st,56,43,56,54,0,0,0,0,0,0,3,37,14,54,0,2,3
1974,588,Don Newhauser,/players/n/newhado01.shtml,newhado01,26,BOS,3,2,0,0,2,2,0,0,0,0,0,0,0,0,0,0,0,0
1974,589,Joe Niekro,/players/n/niekrjo01.shtml,niekrjo01,29,ATL,8,27,2,27,27,27,0,0,0,0,0,0,0,0,0,0,0,0
1974,590,Phil Niekro,/players/n/niekrph01.shtml,niekrph01,35,ATL,11,41,39,41,41,41,0,0,0,0,0,0,0,0,0,0,0,0
1974,591,Tim Nordbrook,/players/n/nordbti01.shtml,nordbti01,24,BAL,1st,6,4,6,6,0,0,0,1,0,5,0,0,0,0,0,0,0
1974,592,Fred Norman,/players/n/normafr01.shtml,normafr01,31,CIN,10,35,26,35,35,35,0,0,0,0,0,0,0,0,0,0,0,0
1974,593,Bill North,/players/n/northbi01.shtml,northbi01,26,OAK,4,149,141,149,138,0,0,0,0,0,0,0,138,0,138,8,2,2
1974,594,Jim Northrup,/players/n/northji01.shtml,northji01,34,3TM,11,126,110,126,116,0,0,0,0,0,0,11,2,105,118,1,11,0
1974,595,Nyls Nyman,/players/n/nymanny01.shtml,nymanny01,20,CHW,1st,5,3,5,3,0,0,0,0,0,0,3,0,0,3,1,1,1
1974,596,Johnny Oates,/players/o/oatesjo01.shtml,oatesjo01,28,ATL,4,100,77,100,91,0,91,0,0,0,0,0,0,0,0,0,16,1
1974,597,Blue Moon Odom,/players/o/odombl01.shtml,odombl01,29,OAK,11,43,5,12,34,34,0,0,0,0,0,0,0,0,0,3,0,9
1974,598,Rowland Office,/players/o/officro01.shtml,officro01,21,ATL,2,131,51,131,120,0,0,0,0,0,0,0,120,0,120,0,11,22
1974,599,Ben Oglivie,/players/o/oglivbe01.shtml,oglivbe01,25,DET,4,92,63,92,72,0,0,10,0,0,0,61,0,2,63,5,22,1
1974,600,Tony Oliva,/players/o/olivato01.shtml,olivato01,35,MIN,13,127,110,127,0,0,0,0,0,0,0,0,0,0,0,112,17,0
1974,601,Al Oliver,/players/o/oliveal01.shtml,oliveal01,27,PIT,7,147,144,147,145,0,0,49,0,0,0,0,98,0,98,0,2,0
1974,602,Bob Oliver,/players/o/olivebo01.shtml,olivebo01,31,2TM,7,119,90,119,109,0,0,61,0,46,0,1,0,3,4,2,27,0
1974,603,Steve Ontiveros,/players/o/ontivst01.shtml,ontivst01,22,SFG,2,120,91,120,97,0,0,19,0,75,0,1,0,2,3,0,27,0
1974,604,Jorge Orta,/players/o/ortajo01.shtml,ortajo01,23,CHW,3,139,126,139,125,0,0,0,123,0,3,0,0,0,0,10,8,3
1974,605,Pat Osburn,/players/o/osburpa01.shtml,osburpa01,25,CIN,1st,6,0,6,6,6,0,0,0,0,0,0,0,0,0,0,0,0
1974,606,Claude Osteen,/players/o/osteecl01.shtml,osteecl01,34,2TM,17,31,23,31,31,31,0,0,0,0,0,0,0,0,0,0,0,0
1974,607,Amos Otis,/players/o/otisam01.shtml,otisam01,27,KCR,7,146,142,146,143,0,0,0,0,0,0,0,143,0,143,2,3,0
1974,608,Ed Ott,/players/o/otted01.shtml,otted01,22,PIT,1st,7,0,7,2,0,0,0,0,0,0,0,0,2,2,0,5,1
1974,609,Jim Otten,/players/o/ottenji01.shtml,ottenji01,22,CHW,1st,5,1,0,5,5,0,0,0,0,0,0,0,0,0,0,0,0
1974,610,Tom Paciorek,/players/p/pacioto01.shtml,pacioto01,27,LAD,5,85,38,85,77,0,0,1,0,0,0,44,22,17,83,0,19,3
1974,611,Dennis Paepke,/players/p/paepkde01.shtml,paepkde01,29,KCR,4,6,3,6,5,0,4,0,0,0,0,0,0,1,1,0,1,0
1974,612,Dave Pagan,/players/p/paganda01.shtml,paganda01,24,NYY,2,16,6,0,16,16,0,0,0,0,0,0,0,0,0,0,0,0
1974,613,Jim Palmer,/players/p/palmeji01.shtml,palmeji01,28,BAL,9,26,26,0,26,26,0,0,0,0,0,0,0,0,0,0,0,0
1974,614,Lowell Palmer,/players/p/palmelo01.shtml,palmelo01,26,SDP,5,23,8,23,22,22,0,0,0,0,0,0,0,0,0,0,0,1
1974,615,Stan Papi,/players/p/papist01.shtml,papist01,23,STL,1st,8,0,8,8,0,0,0,1,0,7,0,0,0,0,0,1,0
1974,616,Dave Parker,/players/p/parkeda01.shtml,parkeda01,23,PIT,2,73,47,73,54,0,0,6,0,0,0,10,15,28,53,0,21,2
1974,617,Harry Parker,/players/p/parkeha01.shtml,parkeha01,26,NYM,4,40,16,40,40,40,0,0,0,0,0,0,0,0,0,0,0,0
1974,618,Larry Parrish,/players/p/parrila01.shtml,parrila01,20,MON,1st,25,21,25,24,0,0,0,0,24,0,0,0,0,0,0,1,0
1974,619,Bill Parsons,/players/p/parsobi01.shtml,parsobi01,25,OAK,4,4,0,0,4,4,0,0,0,0,0,0,0,0,0,0,0,0
1974,620,Kevin Pasley,/players/p/pasleke01.shtml,pasleke01,20,LAD,1st,1,0,1,1,0,1,0,0,0,0,0,0,0,0,0,0,0
1974,621,Freddie Patek,/players/p/patekfr01.shtml,patekfr01,29,KCR,7,149,145,149,149,0,0,0,0,0,149,0,0,0,0,0,0,2
1974,622,Daryl Patterson,/players/p/patteda02.shtml,patteda02,30,PIT,5,14,0,14,14,14,0,0,0,0,0,0,0,0,0,0,0,0
1974,623,Marty Pattin,/players/p/pattima01.shtml,pattima01,31,KCR,7,25,11,1,25,25,0,0,0,0,0,0,0,0,0,0,0,0
1974,624,Mike Paul,/players/p/paulmi01.shtml,paulmi01,29,CHC,7,2,0,2,2,2,0,0,0,0,0,0,0,0,0,0,0,0
1974,625,Brock Pemberton,/players/p/pembebr01.shtml,pembebr01,20,NYM,1st,11,3,11,4,0,0,4,0,0,0,0,0,0,0,0,7,0
1974,626,Orlando Pena,/players/p/penaor01.shtml,penaor01,40,2TM,13,46,0,42,46,46,0,0,0,0,0,0,0,0,0,0,0,0
1974,627,Marty Perez,/players/p/perezma01.shtml,perezma01,28,ATL,6,127,104,127,116,0,0,0,102,6,14,0,0,0,0,0,12,0
1974,628,Tony Perez,/players/p/perezto01.shtml,perezto01,32,CIN,11,158,157,158,157,0,0,157,0,0,0,0,0,0,0,0,1,0
1974,629,Gaylord Perry,/players/p/perryga01.shtml,perryga01,35,CLE,13,37,37,0,37,37,0,0,0,0,0,0,0,0,0,0,0,0
1974,630,Jim Perry,/players/p/perryji01.shtml,perryji01,38,CLE,16,36,36,0,36,36,0,0,0,0,0,0,0,0,0,0,0,0
1974,631,Stan Perzanowski,/players/p/perzast01.shtml,perzast01,23,CHW,2,2,1,0,2,2,0,0,0,0,0,0,0,0,0,0,0,0
1974,632,Fritz Peterson,/players/p/peterfr01.shtml,peterfr01,32,2TM,9,32,30,0,32,32,0,0,0,0,0,0,0,0,0,0,0,0
1974,633,Rico Petrocelli,/players/p/petrori01.shtml,petrori01,31,BOS,11,129,124,129,116,0,0,0,0,116,0,0,0,0,0,9,5,0
1974,634,Mike Phillips,/players/p/phillmi01.shtml,phillmi01,23,SFG,2,100,70,100,85,0,0,0,30,34,23,0,0,0,0,0,13,6
1974,635,Jack Pierce,/players/p/piercja01.shtml,piercja01,25,ATL,2,6,2,6,2,0,0,2,0,0,0,0,0,0,0,0,4,0
1974,636,Horacio Pina,/players/p/pinaho01.shtml,pinaho01,29,2TM,7,45,0,34,45,45,0,0,0,0,0,0,0,0,0,0,0,0
1974,637,Lou Piniella,/players/p/pinielo01.shtml,pinielo01,30,NYY,8,140,134,140,130,0,0,1,0,0,0,99,0,34,133,6,4,0
1974,638,Vada Pinson,/players/p/pinsova01.shtml,pinsova01,35,KCR,17,115,102,115,111,0,0,1,0,0,0,14,6,91,111,2,11,1
1974,639,Skip Pitlock,/players/p/pitlosk01.shtml,pitlosk01,26,CHW,2,40,5,2,40,40,0,0,0,0,0,0,0,0,0,0,0,0
1974,640,Gaylen Pitts,/players/p/pittsga01.shtml,pittsga01,28,OAK,1st,18,11,18,17,0,0,1,6,11,0,0,0,0,0,0,1,0
1974,641,Juan Pizarro,/players/p/pizarju01.shtml,pizarju01,37,PIT,18,7,2,7,7,7,0,0,0,0,0,0,0,0,0,0,0,0
1974,642,Bill Plummer,/players/p/plummbi01.shtml,plummbi01,27,CIN,6,50,33,50,50,0,49,0,0,1,0,0,0,0,0,0,1,0
1974,643,Dick Pole,/players/p/poledi01.shtml,poledi01,23,BOS,2,15,2,0,15,15,0,0,0,0,0,0,0,0,0,0,0,0
1974,644,Paul Popovich,/players/p/popovpa01.shtml,popovpa01,33,PIT,10,59,9,59,22,0,0,0,12,0,10,0,0,0,0,0,43,1
1974,645,Darrell Porter,/players/p/porteda02.shtml,porteda02,22,MIL,4,131,120,131,117,0,117,0,0,0,0,0,0,0,0,10,10,0
1974,646,Boog Powell,/players/p/powelbo01.shtml,powelbo01,32,BAL,14,110,94,110,102,0,0,102,0,0,0,0,0,0,0,1,15,0
1974,647,Rich Puig,/players/p/puigri01.shtml,puigri01,21,NYM,1st,4,3,4,4,0,0,0,3,1,0,0,0,0,0,0,0,0
1974,648,Luis Quintana,/players/q/quintlu01.shtml,quintlu01,22,CAL,1st,18,0,0,18,18,0,0,0,0,0,0,0,0,0,0,0,0
1974,649,Dave Rader,/players/r/raderda01.shtml,raderda01,25,SFG,4,113,88,113,110,0,110,0,0,0,0,0,0,0,0,0,14,1
1974,650,Doug Rader,/players/r/raderdo02.shtml,raderdo02,29,HOU,8,152,152,152,152,0,0,0,0,152,0,0,0,0,0,0,0,0
1974,651,Orlando Ramirez,/players/r/ramiror01.shtml,ramiror01,22,CAL,1st,31,31,31,31,0,0,0,0,0,31,0,0,0,0,0,0,0
1974,652,Lenny Randle,/players/r/randlle01.shtml,randlle01,25,TEX,4,151,140,151,142,0,0,0,40,89,0,12,5,3,20,2,2,7
1974,653,Doug Rau,/players/r/raudo01.shtml,raudo01,25,LAD,3,36,35,36,36,36,0,0,0,0,0,0,0,0,0,0,0,0
1974,654,Jim Ray,/players/r/rayji01.shtml,rayji01,29,DET,9,28,0,0,28,28,0,0,0,0,0,0,0,0,0,0,0,0
1974,655,Barry Raziano,/players/r/raziaba01.shtml,raziaba01,27,CAL,2,13,0,0,13,13,0,0,0,0,0,0,0,0,0,0,0,0
1974,656,Glenn Redmon,/players/r/redmogl01.shtml,redmogl01,26,SFG,1st,7,4,7,4,0,0,0,4,0,0,0,0,0,0,0,3,0
1974,657,Ron Reed,/players/r/reedro01.shtml,reedro01,31,ATL,9,28,28,28,28,28,0,0,0,0,0,0,0,0,0,0,0,0
1974,658,Rick Reichardt,/players/r/reichri01.shtml,reichri01,31,KCR,11,1,0,1,0,0,0,0,0,0,0,0,0,0,0,0,1,0
1974,659,Mike Reinbach,/players/r/reinbmi01.shtml,reinbmi01,24,BAL,1st,12,4,12,3,0,0,0,0,0,0,1,0,2,3,3,8,0
1974,660,Ken Reitz,/players/r/reitzke01.shtml,reitzke01,23,STL,3,154,148,154,152,0,0,0,1,151,3,0,0,0,0,0,3,0
1974,661,Steve Renko,/players/r/renkost01.shtml,renkost01,29,MON,6,37,35,37,37,37,0,0,0,0,0,0,0,0,0,0,0,0
1974,662,Merv Rettenmund,/players/r/retteme01.shtml,retteme01,31,CIN,7,80,58,80,69,0,0,0,0,0,0,0,8,64,72,0,20,0
1974,663,Rick Reuschel,/players/r/reuscri01.shtml,reuscri01,25,CHC,3,41,38,41,41,41,0,0,0,0,0,0,0,0,0,0,0,0
1974,664,Jerry Reuss,/players/r/reussje01.shtml,reussje01,25,PIT,6,35,35,35,35,35,0,0,0,0,0,0,0,0,0,0,0,0
1974,665,Bob Reynolds,/players/r/reynobo01.shtml,reynobo01,27,BAL,5,54,0,0,54,54,0,0,0,0,0,0,0,0,0,0,0,0
1974,666,Rick Rhoden,/players/r/rhoderi01.shtml,rhoderi01,21,LAD,1st,4,0,4,4,4,0,0,0,0,0,0,0,0,0,0,0,0
1974,667,Jim Rice,/players/r/riceji01.shtml,riceji01,21,BOS,1st,24,15,24,3,0,0,0,0,0,0,3,0,0,3,16,9,0
1974,668,J.R. Richard,/players/r/richaj.01.shtml,richaj.01,24,HOU,4,15,9,15,15,15,0,0,0,0,0,0,0,0,0,0,0,0
1974,669,Lee Richard,/players/r/richale01.shtml,richale01,25,CHW,3,32,20,32,22,0,0,0,3,12,7,0,0,1,1,5,0,7
1974,670,Pete Richert,/players/r/richepe01.shtml,richepe01,34,2TM,13,34,0,34,34,34,0,0,0,0,0,0,0,0,0,0,0,0
1974,671,Mickey Rivers,/players/r/rivermi01.shtml,rivermi01,25,CAL,5,118,114,118,116,0,0,0,0,0,0,0,116,0,116,0,1,2
1974,672,Dave Roberts,/players/r/roberda06.shtml,roberda06,23,SDP,3,113,92,113,107,0,0,0,0,103,3,1,0,0,1,0,4,8
1974,673,Dave Roberts,/players/r/roberda05.shtml,roberda05,29,HOU,6,35,30,35,34,34,0,0,0,0,0,0,0,0,0,0,1,0
1974,674,Leon Roberts,/players/r/roberle01.shtml,roberle01,23,DET,1st,17,15,17,17,0,0,0,0,0,0,0,1,16,17,0,2,0
1974,675,Bob Robertson,/players/r/roberbo01.shtml,roberbo01,27,PIT,7,91,56,91,63,0,0,63,0,0,0,0,0,0,0,0,30,0
1974,676,Bill Robinson,/players/r/robinbi02.shtml,robinbi02,31,PHI,7,100,66,100,87,0,0,0,0,0,0,40,40,21,101,0,23,1
1974,677,Brooks Robinson,/players/r/robinbr01.shtml,robinbr01,37,BAL,20,153,151,153,153,0,0,0,0,153,0,0,0,0,0,0,0,0
1974,678,Craig Robinson,/players/r/robincr01.shtml,robincr01,25,ATL,3,145,138,145,142,0,0,0,0,0,142,0,0,0,0,0,1,4
1974,679,Frank Robinson,/players/r/robinfr02.shtml,robinfr02,38,2TM,19,144,135,144,5,0,0,4,0,0,0,1,0,0,1,134,9,0
1974,680,Tom Robson,/players/r/robsoto01.shtml,robsoto01,28,TEX,1st,6,4,6,1,0,0,1,0,0,0,0,0,0,0,5,1,0
1974,681,Aurelio Rodriguez,/players/r/rodriau01.shtml,rodriau01,26,DET,8,159,157,159,159,0,0,0,0,159,0,0,0,0,0,0,0,0
1974,682,Eduardo Rodriguez,/players/r/rodried01.shtml,rodried01,22,MIL,2,43,6,2,43,43,0,0,0,0,0,0,0,0,0,0,0,0
1974,683,Ellie Rodriguez,/players/r/rodriel01.shtml,rodriel01,28,CAL,7,140,125,140,137,0,137,0,0,0,0,0,0,0,0,1,6,0
1974,684,Steve Rogers,/players/r/rogerst01.shtml,rogerst01,24,MON,2,38,38,38,38,38,0,0,0,0,0,0,0,0,0,0,0,0
1974,685,Mike Rogodzinski,/players/r/rogodmi01.shtml,rogodmi01,26,PHI,2,17,0,17,1,0,0,0,0,0,0,0,0,1,1,0,17,0
1974,686,Cookie Rojas,/players/r/rojasco01.shtml,rojasco01,35,KCR,13,144,133,144,141,0,0,0,141,0,0,0,0,0,0,0,8,0
1974,687,Vicente Romo,/players/r/romovi01.shtml,romovi01,31,SDP,7,54,1,54,54,54,0,0,0,0,0,0,0,0,0,0,0,0
1974,688,Phil Roof,/players/r/roofph01.shtml,roofph01,33,MIN,12,44,36,44,44,0,44,0,0,0,0,0,0,0,0,0,0,0
1974,689,Jim Rooker,/players/r/rookeji01.shtml,rookeji01,31,PIT,7,33,33,33,33,33,0,0,0,0,0,0,0,0,0,0,0,0
1974,690,Don Rose,/players/r/rosedo01.shtml,rosedo01,27,SFG,3,2,0,2,2,2,0,0,0,0,0,0,0,0,0,0,0,0
1974,691,Pete Rose,/players/r/rosepe01.shtml,rosepe01,33,CIN,12,163,163,163,163,0,0,0,0,0,0,163,0,0,163,0,0,0
1974,692,Dave Rosello,/players/r/roselda01.shtml,roselda01,24,CHC,3,62,40,62,59,0,0,0,49,0,12,0,0,0,0,0,3,1
1974,693,Gary Ross,/players/r/rossga01.shtml,rossga01,26,SDP,7,9,0,9,9,9,0,0,0,0,0,0,0,0,0,0,0,0
1974,694,Jerry Royster,/players/r/roystje01.shtml,roystje01,21,LAD,2,6,0,6,2,0,0,0,1,1,0,0,0,1,1,0,0,5
1974,695,Joe Rudi,/players/r/rudijo01.shtml,rudijo01,27,OAK,8,158,157,158,155,0,0,27,0,0,0,140,0,0,140,2,1,0
1974,696,Ken Rudolph,/players/r/rudolke01.shtml,rudolke01,27,SFG,6,57,53,57,56,0,56,0,0,0,0,0,0,0,0,0,1,0
1974,697,Vern Ruhle,/players/r/ruhleve01.shtml,ruhleve01,23,DET,1st,5,3,0,5,5,0,0,0,0,0,0,0,0,0,0,0,0
1974,698,Bill Russell,/players/r/russebi01.shtml,russebi01,25,LAD,6,160,154,160,160,0,0,0,0,0,160,0,0,1,1,0,1,0
1974,699,Dick Ruthven,/players/r/ruthvdi01.shtml,ruthvdi01,23,PHI,2,35,35,35,35,35,0,0,0,0,0,0,0,0,0,0,0,0
1974,700,Mike Ryan,/players/r/ryanmi02.shtml,ryanmi02,32,PIT,11,15,10,15,15,0,15,0,0,0,0,0,0,0,0,0,0,0
1974,701,Nolan Ryan,/players/r/ryanno01.shtml,ryanno01,27,CAL,8,42,41,0,42,42,0,0,0,0,0,0,0,0,0,0,0,0
1974,702,Ray Sadecki,/players/s/sadecra01.shtml,sadecra01,33,NYM,15,34,10,34,34,34,0,0,0,0,0,0,0,0,0,0,0,0
1974,703,Jim Sadowski,/players/s/sadowji01.shtml,sadowji01,22,PIT,1st,4,0,4,4,4,0,0,0,0,0,0,0,0,0,0,0,0
1974,704,Ken Sanders,/players/s/sandeke01.shtml,sandeke01,32,2TM,8,18,0,0,18,18,0,0,0,0,0,0,0,0,0,0,0,0
1974,705,Reggie Sanders,/players/s/sandere01.shtml,sandere01,24,DET,1st,26,25,26,25,0,0,25,0,0,0,0,0,0,0,1,0,1
1974,706,Charlie Sands,/players/s/sandsch01.shtml,sandsch01,26,CAL,5,43,24,43,5,0,5,0,0,0,0,0,0,0,0,21,18,0
1974,707,Manny Sanguillen,/players/s/sanguma01.shtml,sanguma01,30,PIT,7,151,147,151,151,0,151,0,0,0,0,0,0,0,0,0,3,0
1974,708,Ron Santo,/players/s/santoro01.shtml,santoro01,34,CHW,15,117,99,117,67,0,0,3,39,28,1,0,0,0,0,47,14,0
1974,709,Rick Sawyer,/players/s/sawyeri01.shtml,sawyeri01,26,NYY,1st,1,0,0,1,1,0,0,0,0,0,0,0,0,0,0,0,0
1974,710,Pat Scanlon,/players/s/scanlpa02.shtml,scanlpa02,21,MON,1st,2,1,2,1,0,0,0,0,1,0,0,0,0,0,0,1,0
1974,711,Mac Scarce,/players/s/scarcma01.shtml,scarcma01,25,PHI,3,58,0,58,58,58,0,0,0,0,0,0,0,0,0,0,0,0
1974,712,Paul Schaal,/players/s/schaapa01.shtml,schaapa01,31,2TM,11,65,56,65,63,0,0,0,0,63,0,0,0,0,0,0,4,0
1974,713,Richie Scheinblum,/players/s/scheiri01.shtml,scheiri01,31,3TM,8,52,20,52,10,0,0,0,0,0,0,6,0,5,11,18,31,1
1974,714,Fred Scherman,/players/s/scherfr01.shtml,scherfr01,29,HOU,6,53,0,53,53,53,0,0,0,0,0,0,0,0,0,0,0,0
1974,715,Mike Schmidt,/players/s/schmimi01.shtml,schmimi01,24,PHI,3,162,161,162,162,0,0,0,0,162,0,0,0,0,0,0,0,0
1974,716,Dave Schneck,/players/s/schneda02.shtml,schneda02,25,NYM,3,93,64,93,83,0,0,0,0,0,0,24,59,10,93,0,7,5
1974,717,Ron Schueler,/players/s/schuero01.shtml,schuero01,26,PHI,3,44,27,44,44,44,0,0,0,0,0,0,0,0,0,0,0,0
1974,718,George Scott,/players/s/scottge02.shtml,scottge02,30,MIL,9,158,157,158,148,0,0,148,0,0,0,0,0,0,0,9,1,0
1974,719,John Scott,/players/s/scottjo01.shtml,scottjo01,22,SDP,1st,14,3,14,8,0,0,0,0,0,0,5,2,1,8,0,0,7
1974,720,Tony Scott,/players/s/scottto01.shtml,scottto01,22,MON,2,19,1,19,16,0,0,0,0,0,0,2,1,14,17,0,1,4
1974,721,Tom Seaver,/players/s/seaveto01.shtml,seaveto01,29,NYM,8,32,32,32,32,32,0,0,0,0,0,0,0,0,0,0,0,0
1974,722,Chuck Seelbach,/players/s/seelbch01.shtml,seelbch01,26,DET,4,4,0,0,4,4,0,0,0,0,0,0,0,0,0,0,0,0
1974,723,Diego Segui,/players/s/seguidi01.shtml,seguidi01,36,BOS,13,58,0,0,58,58,0,0,0,0,0,0,0,0,0,0,0,0
1974,724,Dave Sells,/players/s/sellsda01.shtml,sellsda01,27,CAL,3,20,0,0,20,20,0,0,0,0,0,0,0,0,0,0,0,0
1974,725,Dick Selma,/players/s/selmadi01.shtml,selmadi01,30,2TM,10,20,0,0,20,20,0,0,0,0,0,0,0,0,0,0,0,0
1974,726,Greg Shanahan,/players/s/shanagr01.shtml,shanagr01,26,LAD,2,4,0,4,4,4,0,0,0,0,0,0,0,0,0,0,0,0
1974,727,Dick Sharon,/players/s/sharodi01.shtml,sharodi01,24,DET,2,60,33,60,56,0,0,0,0,0,0,23,14,19,56,0,7,9
1974,728,Bill Sharp,/players/s/sharpbi01.shtml,sharpbi01,24,CHW,2,100,87,100,99,0,0,0,0,0,0,14,7,85,106,0,4,3
1974,729,Bob Sheldon,/players/s/sheldbo01.shtml,sheldbo01,23,MIL,1st,10,4,10,3,0,0,0,3,0,0,0,0,0,0,4,3,1
1974,730,Jim Shellenback,/players/s/shellji01.shtml,shellji01,30,TEX,8,11,0,0,11,11,0,0,0,0,0,0,0,0,0,0,0,0
1974,731,Paul Siebert,/players/s/siebepa01.shtml,siebepa01,21,HOU,1st,5,5,5,5,5,0,0,0,0,0,0,0,0,0,0,0,0
1974,732,Sonny Siebert,/players/s/siebeso01.shtml,siebeso01,37,STL,11,28,20,28,28,28,0,0,0,0,0,0,0,0,0,0,0,0
1974,733,Ted Simmons,/players/s/simmote01.shtml,simmote01,24,STL,7,152,150,152,152,0,141,12,0,0,0,0,0,0,0,0,2,0
1974,734,Duke Sims,/players/s/simsdu01.shtml,simsdu01,33,2TM,11,44,31,44,32,0,31,0,0,0,0,0,0,1,1,5,9,0
1974,735,Bill Singer,/players/s/singebi01.shtml,singebi01,30,CAL,11,14,14,0,14,14,0,0,0,0,0,0,0,0,0,0,0,0
1974,736,Ken Singleton,/players/s/singlke01.shtml,singlke01,27,MON,5,148,142,148,143,0,0,0,0,0,0,0,0,143,143,0,6,0
1974,737,Ted Sizemore,/players/s/sizemte01.shtml,sizemte01,29,STL,6,129,126,129,128,0,0,0,128,0,1,0,0,1,1,0,2,0
1974,738,Jim Slaton,/players/s/slatoji01.shtml,slatoji01,24,MIL,4,40,35,0,40,40,0,0,0,0,0,0,0,0,0,0,0,0
1974,739,Bill Slayback,/players/s/slaybbi01.shtml,slaybbi01,26,DET,3,16,4,0,16,16,0,0,0,0,0,0,0,0,0,0,0,0
1974,740,Reggie Smith,/players/s/smithre06.shtml,smithre06,29,STL,9,143,133,143,133,0,0,1,0,0,0,0,0,132,132,0,10,0
1974,741,Tommy Smith,/players/s/smithto04.shtml,smithto04,25,CLE,2,23,6,23,17,0,0,0,0,0,0,9,4,4,17,2,2,6
1974,742,Eric Soderholm,/players/s/soderer01.shtml,soderer01,25,MIN,4,141,123,141,131,0,0,0,0,130,1,0,0,0,0,3,6,7
1974,743,Tony Solaita,/players/s/solaito01.shtml,solaito01,27,KCR,2,96,66,96,65,0,0,65,0,0,0,0,0,0,0,14,18,2
1974,744,Eddie Solomon,/players/s/solomed01.shtml,solomed01,23,LAD,2,4,0,4,4,4,0,0,0,0,0,0,0,0,0,0,0,0
1974,745,Elias Sosa,/players/s/sosael01.shtml,sosael01,24,SFG,3,68,0,68,68,68,0,0,0,0,0,0,0,0,0,0,0,0
1974,746,Chris Speier,/players/s/speiech01.shtml,speiech01,24,SFG,4,141,134,141,139,0,0,0,4,0,135,0,0,0,0,0,4,0
1974,747,Jim Spencer,/players/s/spencji01.shtml,spencji01,26,TEX,7,118,93,118,60,0,0,60,0,0,0,0,0,0,0,54,11,0
1974,748,Rob Sperring,/players/s/sperrro01.shtml,sperrro01,24,CHC,1st,42,32,42,42,0,0,0,35,0,8,0,0,0,0,0,1,0
1974,749,Charlie Spikes,/players/s/spikech01.shtml,spikech01,23,CLE,3,155,154,155,154,0,0,0,0,0,0,0,0,154,154,0,1,0
1974,750,Dan Spillner,/players/s/spillda01.shtml,spillda01,22,SDP,1st,30,25,30,30,30,0,0,0,0,0,0,0,0,0,0,0,0
1974,751,Paul Splittorff,/players/s/splitpa01.shtml,splitpa01,27,KCR,5,37,36,1,36,36,0,0,0,0,0,0,0,0,0,0,0,1
1974,752,Ed Sprague,/players/s/spraged01.shtml,spraged01,28,MIL,6,20,10,1,20,20,0,0,0,0,0,0,0,0,0,0,0,0
1974,753,Don Stanhouse,/players/s/stanhdo01.shtml,stanhdo01,23,TEX,3,18,0,0,18,18,0,0,0,0,0,0,0,0,0,0,0,0
1974,754,Fred Stanley,/players/s/stanlfr01.shtml,stanlfr01,26,NYY,6,33,12,33,33,0,0,0,15,0,19,0,0,0,0,0,1,1
1974,755,Mickey Stanley,/players/s/stanlmi01.shtml,stanlmi01,31,DET,11,99,96,99,99,0,0,12,1,0,0,1,90,0,91,0,1,0
1974,756,Leroy Stanton,/players/s/stantle01.shtml,stantle01,28,CAL,5,118,109,118,114,0,0,0,0,0,0,0,10,110,120,0,8,0
1974,757,Willie Stargell,/players/s/stargwi01.shtml,stargwi01,34,PIT,13,140,136,140,136,0,0,1,0,0,0,135,0,0,135,0,4,0
1974,758,Rusty Staub,/players/s/staubru01.shtml,staubru01,30,NYM,12,151,146,151,147,0,0,0,0,0,0,0,0,147,147,0,5,0
1974,759,John Stearns,/players/s/stearjo01.shtml,stearjo01,22,PHI,1st,1,0,1,1,0,1,0,0,0,0,0,0,0,0,0,1,0
1974,760,Bill Stein,/players/s/steinbi02.shtml,steinbi02,27,CHW,3,13,12,13,11,0,0,0,0,11,0,0,0,0,0,2,0,0
1974,761,Rick Stelmaszek,/players/s/stelmri01.shtml,stelmri01,25,CHC,3,25,11,25,16,0,16,0,0,0,0,0,0,0,0,0,11,0
1974,762,Rennie Stennett,/players/s/stennre01.shtml,stennre01,23,PIT,4,157,155,157,156,0,0,0,154,0,0,0,0,2,2,0,2,0
1974,763,Randy Sterling,/players/s/sterlra01.shtml,sterlra01,23,NYM,1st,3,2,3,3,3,0,0,0,0,0,0,0,0,0,0,0,0
1974,764,Bob Stinson,/players/s/stinsbo01.shtml,stinsbo01,28,MON,6,38,20,38,29,0,29,0,0,0,0,0,0,0,0,0,15,0
1974,765,George Stone,/players/s/stonege02.shtml,stonege02,27,NYM,8,15,13,15,15,15,0,0,0,0,0,0,0,0,0,0,0,0
1974,766,Steve Stone,/players/s/stonest01.shtml,stonest01,26,CHC,4,42,23,42,38,38,0,0,0,0,0,0,0,0,0,0,0,4
1974,767,Bill Stoneman,/players/s/stonebi01.shtml,stonebi01,30,CAL,8,13,11,0,13,13,0,0,0,0,0,0,0,0,0,0,0,0
1974,768,Mel Stottlemyre,/players/s/stottme01.shtml,stottme01,32,NYY,11,19,15,3,16,16,0,0,0,0,0,0,0,0,0,0,0,3
1974,769,John Strohmayer,/players/s/strohjo01.shtml,strohjo01,27,NYM,5,1,0,1,1,1,0,0,0,0,0,0,0,0,0,0,0,0
1974,770,Bill Sudakis,/players/s/sudakbi01.shtml,sudakbi01,28,NYY,7,89,67,89,36,0,1,33,0,3,0,0,0,0,0,39,18,0
1974,771,Champ Summers,/players/s/summech01.shtml,summech01,28,OAK,1st,20,1,20,12,0,0,0,0,0,0,8,0,4,12,2,10,0
1974,772,Jim Sundberg,/players/s/sundbji01.shtml,sundbji01,23,TEX,1st,132,121,132,132,0,132,0,0,0,0,0,0,0,0,0,1,1
1974,773,Gary Sutherland,/players/s/suthega01.shtml,suthega01,29,DET,9,149,147,149,149,0,0,0,147,4,10,0,0,0,0,0,2,0
1974,774,Don Sutton,/players/s/suttodo01.shtml,suttodo01,29,LAD,9,40,40,40,40,40,0,0,0,0,0,0,0,0,0,0,0,0
1974,775,Craig Swan,/players/s/swancr01.shtml,swancr01,23,NYM,2,7,5,7,7,7,0,0,0,0,0,0,0,0,0,0,0,0
1974,776,Steve Swisher,/players/s/swishst01.shtml,swishst01,22,CHC,1st,90,85,90,90,0,90,0,0,0,0,0,0,0,0,0,0,0
1974,777,Frank Tanana,/players/t/tananfr01.shtml,tananfr01,20,CAL,2,39,35,0,39,39,0,0,0,0,0,0,0,0,0,0,0,0
1974,778,Ken Tatum,/players/t/tatumke01.shtml,tatumke01,30,CHW,6,10,1,1,10,10,0,0,0,0,0,0,0,0,0,0,0,0
1974,779,Frank Taveras,/players/t/taverfr01.shtml,taverfr01,24,PIT,3,126,107,126,124,0,0,0,0,0,124,0,0,0,0,0,0,7
1974,780,Chuck Taylor,/players/t/tayloch02.shtml,tayloch02,32,MON,6,61,0,61,61,61,0,0,0,0,0,0,0,0,0,0,0,0
1974,781,Tony Taylor,/players/t/tayloto02.shtml,tayloto02,38,PHI,17,62,2,62,14,0,0,7,4,5,0,0,0,0,0,0,54,1
1974,782,Kent Tekulve,/players/t/tekulke01.shtml,tekulke01,27,PIT,1st,8,0,8,8,8,0,0,0,0,0,0,0,0,0,0,0,0
1974,783,Gene Tenace,/players/t/tenacge01.shtml,tenacge01,27,OAK,6,158,155,158,158,0,79,106,2,0,0,0,0,0,0,0,0,0
1974,784,Frank Tepedino,/players/t/tepedfr01.shtml,tepedfr01,26,ATL,7,78,31,78,46,0,0,46,0,0,0,0,0,0,0,0,41,0
1974,785,Jeff Terpko,/players/t/terpkje01.shtml,terpkje01,23,TEX,1st,3,0,0,3,3,0,0,0,0,0,0,0,0,0,0,0,0
1974,786,Jerry Terrell,/players/t/terreje01.shtml,terreje01,27,MIN,2,116,53,116,80,0,0,2,26,21,34,3,0,0,3,20,7,42
1974,787,George Theodore,/players/t/theodge01.shtml,theodge01,27,NYM,2,60,13,60,26,0,0,14,0,0,0,8,0,4,12,0,35,4
1974,788,Derrel Thomas,/players/t/thomade01.shtml,thomade01,23,SDP,4,141,135,141,137,0,0,0,103,23,5,1,19,0,20,0,5,1
1974,789,Gorman Thomas,/players/t/thomago01.shtml,thomago01,23,MIL,2,17,13,17,13,0,0,0,0,0,0,4,1,8,13,2,3,0
1974,790,Stan Thomas,/players/t/thomast01.shtml,thomast01,24,TEX,1st,12,0,0,12,12,0,0,0,0,0,0,0,0,0,0,0,0
1974,791,Erskine Thomason,/players/t/thomaer01.shtml,thomaer01,25,PHI,1st,1,0,1,1,1,0,0,0,0,0,0,0,0,0,0,0,0
1974,792,Gary Thomasson,/players/t/thomaga01.shtml,thomaga01,22,SFG,3,120,73,120,88,0,0,15,0,0,0,19,34,26,79,0,36,3
1974,793,Danny Thompson,/players/t/thompda01.shtml,thompda01,27,MIN,5,97,74,97,93,0,0,0,0,5,88,0,0,0,0,1,6,4
1974,794,Mike Thompson,/players/t/thompmi01.shtml,thompmi01,24,2TM,3,20,5,20,20,20,0,0,0,0,0,0,0,0,0,0,0,0
1974,795,Andre Thornton,/players/t/thornan01.shtml,thornan01,24,CHC,2,107,76,107,89,0,0,89,0,1,0,0,0,0,0,0,21,1
1974,796,Luis Tiant,/players/t/tiantlu01.shtml,tiantlu01,33,BOS,11,38,38,1,38,38,0,0,0,0,0,0,0,0,0,0,0,0
1974,797,Dick Tidrow,/players/t/tidrodi01.shtml,tidrodi01,27,2TM,3,37,29,0,37,37,0,0,0,0,0,0,0,0,0,0,0,0
1974,798,Tom Timmermann,/players/t/timmeto01.shtml,timmeto01,34,CLE,6,4,0,0,4,4,0,0,0,0,0,0,0,0,0,0,0,0
1974,799,Jim Todd,/players/t/toddji01.shtml,toddji01,26,CHC,1st,43,6,43,43,43,0,0,0,0,0,0,0,0,0,0,0,0
1974,800,Bobby Tolan,/players/t/tolanbo01.shtml,tolanbo01,28,SDP,9,95,84,95,88,0,0,0,0,0,0,0,10,84,94,0,9,0
1974,801,Dave Tomlin,/players/t/tomlida01.shtml,tomlida01,25,SDP,3,47,0,47,47,47,0,0,0,0,0,0,0,0,0,0,0,0
1974,802,Joe Torre,/players/t/torrejo01.shtml,torrejo01,33,STL,15,147,141,147,146,0,0,139,0,18,0,0,0,0,0,0,4,0
1974,803,Rusty Torres,/players/t/torreru01.shtml,torreru01,25,CLE,4,109,27,109,95,0,0,0,0,0,0,35,38,24,97,2,14,9
1974,804,Mike Torrez,/players/t/torremi01.shtml,torremi01,27,MON,8,36,30,36,32,32,0,0,0,0,0,0,0,0,0,0,0,4
1974,805,Cesar Tovar,/players/t/tovarce01.shtml,tovarce01,33,TEX,10,138,136,138,135,0,0,0,0,0,0,68,88,12,168,3,1,0
1974,806,Bill Travers,/players/t/travebi01.shtml,travebi01,21,MIL,1st,23,1,0,23,23,0,0,0,0,0,0,0,0,0,0,0,0
1974,807,Manny Trillo,/players/t/trillma01.shtml,trillma01,23,OAK,2,21,12,21,21,0,0,0,21,0,0,0,0,0,0,0,0,1
1974,808,Rich Troedson,/players/t/troedri01.shtml,troedri01,24,SDP,2,15,1,15,15,15,0,0,0,0,0,0,0,0,0,0,0,0
1974,809,Jerry Turner,/players/t/turneje01.shtml,turneje01,20,SDP,1st,17,11,17,13,0,0,0,0,0,0,13,0,0,13,0,6,0
1974,810,Wayne Twitchell,/players/t/twitcwa01.shtml,twitcwa01,26,PHI,5,25,18,25,25,25,0,0,0,0,0,0,0,0,0,0,0,0
1974,811,Jim Tyrone,/players/t/tyronji01.shtml,tyronji01,25,CHC,2,57,9,57,34,0,0,0,0,1,0,21,1,13,35,0,31,7
1974,812,Mike Tyson,/players/t/tysonmi01.shtml,tysonmi01,24,STL,3,151,142,151,151,0,0,0,12,0,143,0,0,0,0,0,0,0
1974,813,Tom Underwood,/players/u/underto01.shtml,underto01,20,PHI,1st,7,0,7,7,7,0,0,0,0,0,0,0,0,0,0,0,0
1974,814,Del Unser,/players/u/unserde01.shtml,unserde01,29,PHI,7,142,120,142,135,0,0,0,0,0,0,0,135,0,135,0,16,0
1974,815,Cecil Upshaw,/players/u/upshace01.shtml,upshace01,31,2TM,8,43,0,1,43,43,0,0,0,0,0,0,0,0,0,0,0,0
1974,816,Bobby Valentine,/players/v/valenbo02.shtml,valenbo02,24,CAL,5,117,100,117,107,0,0,0,1,15,36,61,0,0,61,5,10,1
1974,817,Pete Varney,/players/v/varnepe01.shtml,varnepe01,25,CHW,2,9,7,9,9,0,9,0,0,0,0,0,0,0,0,0,0,0
1974,818,Bob Veale,/players/v/vealebo01.shtml,vealebo01,38,BOS,13,18,0,0,18,18,0,0,0,0,0,0,0,0,0,0,0,0
1974,819,Otto Velez,/players/v/velezot01.shtml,velezot01,23,NYY,2,27,22,27,25,0,0,21,0,2,0,0,0,3,3,0,2,0
1974,820,Tom Veryzer,/players/v/veryzto01.shtml,veryzto01,21,DET,2,22,11,22,20,0,0,0,0,0,20,0,0,0,0,0,2,2
1974,821,John Vukovich,/players/v/vukovjo01.shtml,vukovjo01,26,MIL,4,38,24,38,38,0,0,4,11,12,12,0,0,0,0,0,1,0
1974,822,Luke Walker,/players/w/walkelu01.shtml,walkelu01,30,DET,9,28,9,0,28,28,0,0,0,0,0,0,0,0,0,0,0,0
1974,823,Tom Walker,/players/w/walketo02.shtml,walketo02,25,MON,3,33,8,33,33,33,0,0,0,0,0,0,0,0,0,0,0,0
1974,824,Dave Wallace,/players/w/wallada01.shtml,wallada01,26,PHI,2,3,0,3,3,3,0,0,0,0,0,0,0,0,0,0,0,0
1974,825,Mike Wallace,/players/w/wallami01.shtml,wallami01,23,2TM,2,31,1,8,31,31,0,0,0,0,0,0,0,0,0,0,0,0
1974,826,Chris Ward,/players/w/wardch02.shtml,wardch02,25,CHC,2,92,24,92,28,0,0,6,0,0,0,21,0,1,22,0,64,1
1974,827,Claudell Washington,/players/w/washicl01.shtml,washicl01,19,OAK,1st,73,55,73,32,0,0,0,0,0,0,14,10,10,34,38,16,0
1974,828,Herb Washington,/players/w/washihe01.shtml,washihe01,22,OAK,1st,92,0,92,0,0,0,0,0,0,0,0,0,0,0,28,0,92
1974,829,Bob Watson,/players/w/watsobo01.shtml,watsobo01,28,HOU,9,150,141,150,142,0,0,35,0,0,0,140,0,0,140,0,9,0
1974,830,Eddie Watt,/players/w/watted01.shtml,watted01,33,PHI,9,42,0,42,42,42,0,0,0,0,0,0,0,0,0,0,0,0
1974,831,Hank Webb,/players/w/webbha01.shtml,webbha01,24,NYM,3,3,2,3,3,3,0,0,0,0,0,0,0,0,0,0,0,0
1974,832,Frank White,/players/w/whitefr01.shtml,whitefr01,23,KCR,2,99,52,99,88,0,0,0,50,16,29,0,0,0,0,4,4,14
1974,833,Jerry White,/players/w/whiteje01.shtml,whiteje01,21,MON,1st,9,4,9,7,0,0,0,0,0,0,5,2,0,7,0,0,3
1974,834,Roy White,/players/w/whitero01.shtml,whitero01,30,NYY,10,136,115,136,67,0,0,0,0,0,0,67,0,0,67,53,21,0
1974,835,Terry Whitfield,/players/w/whitfte01.shtml,whitfte01,21,NYY,1st,2,1,2,1,0,0,0,0,0,0,0,1,0,1,0,1,0
1974,836,Milt Wilcox,/players/w/wilcomi01.shtml,wilcomi01,24,CLE,5,41,2,0,41,41,0,0,0,0,0,0,0,0,0,0,0,0
1974,837,Bernie Williams,/players/w/willibe01.shtml,willibe01,25,SDP,4,14,2,14,3,0,0,0,0,0,0,1,2,0,3,0,9,3
1974,838,Billy Williams,/players/w/willibi01.shtml,willibi01,36,CHC,16,117,105,117,106,0,0,65,0,0,0,43,0,0,43,0,12,0
1974,839,Charlie Williams,/players/w/willich01.shtml,willich01,26,SFG,4,39,7,39,39,39,0,0,0,0,0,0,0,0,0,0,0,0
1974,840,Earl Williams,/players/w/williea02.shtml,williea02,25,BAL,5,118,113,118,116,0,75,47,0,0,0,0,0,0,0,1,5,0
1974,841,Walt Williams,/players/w/williwa02.shtml,williwa02,30,NYY,9,43,6,43,24,0,0,0,0,0,0,13,0,13,26,5,16,9
1974,842,Jim Willoughby,/players/w/willoji01.shtml,willoji01,25,SFG,4,20,4,20,18,18,0,0,0,0,0,0,0,0,0,0,0,2
1974,843,Don Wilson,/players/w/wilsodo01.shtml,wilsodo01,29,HOU,9,33,27,33,33,33,0,0,0,0,0,0,0,0,0,0,0,0
1974,844,Dave Winfield,/players/w/winfida01.shtml,winfida01,22,SDP,2,145,121,145,131,0,0,0,0,0,0,78,29,38,145,0,16,4
1974,845,Rick Wise,/players/w/wiseri01.shtml,wiseri01,28,BOS,10,9,9,0,9,9,0,0,0,0,0,0,0,0,0,0,0,0
1974,846,John Wockenfuss,/players/w/wockejo01.shtml,wockejo01,25,DET,1st,13,10,13,13,0,13,0,0,0,0,0,0,0,0,0,0,0
1974,847,Jim Wohlford,/players/w/wohlfji01.shtml,wohlfji01,23,KCR,3,143,125,143,138,0,0,0,0,0,0,125,0,18,143,1,11,0
1974,848,Wilbur Wood,/players/w/woodwi01.shtml,woodwi01,32,CHW,13,42,42,1,42,42,0,0,0,0,0,0,0,0,0,0,0,0
1974,849,Ron Woods,/players/w/woodsro01.shtml,woodsro01,31,MON,6,90,21,90,62,0,0,0,0,0,0,42,19,5,66,0,39,11
1974,850,Dick Woodson,/players/w/woodsdi01.shtml,woodsdi01,29,2TM,5,13,7,0,13,13,0,0,0,0,0,0,0,0,0,0,0,0
1974,851,Clyde Wright,/players/w/wrighcl01.shtml,wrighcl01,33,MIL,9,38,32,0,38,38,0,0,0,0,0,0,0,0,0,0,0,0
1974,852,Ken Wright,/players/w/wrighke01.shtml,wrighke01,27,NYY,5,3,0,0,3,3,0,0,0,0,0,0,0,0,0,0,0,0
1974,853,Jim Wynn,/players/w/wynnji01.shtml,wynnji01,32,LAD,12,150,147,150,148,0,0,0,0,0,0,0,148,0,148,0,3,0
1974,854,Hugh Yancy,/players/y/yancyhu01.shtml,yancyhu01,23,CHW,2,1,0,1,0,0,0,0,0,0,0,0,0,0,0,1,1,0
1974,855,Carl Yastrzemski,/players/y/yastrca01.shtml,yastrca01,34,BOS,14,148,148,148,144,0,0,84,0,0,0,63,0,0,63,4,0,0
1974,856,Steve Yeager,/players/y/yeagest01.shtml,yeagest01,25,LAD,3,94,92,94,93,0,93,0,0,0,0,0,0,0,0,0,1,0
1974,857,Jim York,/players/y/yorkji01.shtml,yorkji01,26,HOU,5,28,0,28,28,28,0,0,0,0,0,0,0,0,0,0,0,0
1974,858,Robin Yount,/players/y/yountro01.shtml,yountro01,18,MIL,1st,107,102,107,107,0,0,0,0,0,107,0,0,0,0,0,0,2
1974,859,Geoff Zahn,/players/z/zahnge01.shtml,zahnge01,28,LAD,2,21,10,21,21,21,0,0,0,0,0,0,0,0,0,0,0,0
1974,860,Oscar Zamora,/players/z/zamoros01.shtml,zamoros01,29,CHC,1st,56,0,56,56,56,0,0,0,0,0,0,0,0,0,0,0,0
1974,861,Richie Zisk,/players/z/ziskri01.shtml,ziskri01,25,PIT,4,149,137,149,141,0,0,0,0,0,0,12,0,131,143,0,11,0
