1962,1,Hank Aaron,/players/a/aaronha01.shtml,aaronha01,28,MLN,9,156,153,156,153,0,0,1,0,0,0,0,83,71,153,3,0
1962,2,Tommie Aaron,/players/a/aaronto01.shtml,aaronto01,22,MLN,1st,141,74,141,130,0,0,110,1,1,0,41,0,0,41,13,26
1962,3,Jerry Adair,/players/a/adairje01.shtml,adairje01,25,BAL,5,139,132,139,135,0,0,0,35,1,112,0,0,0,0,4,2
1962,4,Joe Adcock,/players/a/adcocjo01.shtml,adcocjo01,34,MLN,13,121,112,121,112,0,0,112,0,0,0,0,0,0,0,9,0
1962,5,Tommie Agee,/players/a/ageeto01.shtml,ageeto01,19,CLE,1st,5,3,5,3,0,0,0,0,0,0,2,1,0,3,2,0
1962,6,Hank Aguirre,/players/a/aguirha01.shtml,aguirha01,31,DET,8,42,22,42,42,42,0,0,0,0,0,0,0,0,0,0,0
1962,7,Bernie Allen,/players/a/allenbe01.shtml,allenbe01,23,MIN,1st,159,158,159,158,0,0,0,158,0,0,0,0,0,0,1,0
1962,8,Bob Allen,/players/a/allenbo04.shtml,allenbo04,24,CLE,2,30,0,30,30,30,0,0,0,0,0,0,0,0,0,0,0
1962,9,Bob Allison,/players/a/allisbo01.shtml,allisbo01,27,MIN,5,149,142,149,147,0,0,0,0,0,0,2,2,145,147,0,2
1962,10,Felipe Alou,/players/a/aloufe01.shtml,aloufe01,27,SFG,5,154,142,154,150,0,0,0,0,0,0,13,2,140,150,4,4
1962,11,Matty Alou,/players/a/alouma01.shtml,alouma01,23,SFG,3,78,40,78,57,0,0,0,0,0,0,35,9,21,57,26,2
1962,12,George Altman,/players/a/altmage01.shtml,altmage01,29,CHC,4,147,140,147,142,0,0,16,0,0,0,0,6,125,129,6,0
1962,13,George Alusik,/players/a/alusige01.shtml,alusige01,27,2TM,3,92,44,92,51,0,0,1,0,0,0,34,0,23,50,43,2
1962,14,Rogelio Alvarez,/players/a/alvarro01.shtml,alvarro01,24,CIN,2,14,7,14,13,0,0,13,0,0,0,0,0,0,0,2,1
1962,15,Max Alvis,/players/a/alvisma01.shtml,alvisma01,24,CLE,1st,12,12,12,12,0,0,0,0,12,0,0,0,0,0,0,0
1962,16,Joey Amalfitano,/players/a/amalfjo01.shtml,amalfjo01,28,HOU,5,117,100,117,112,0,0,0,110,5,0,0,0,0,0,4,6
1962,17,Ruben Amaro,/players/a/amaroru01.shtml,amaroru01,26,PHI,4,79,71,79,78,0,0,1,0,0,78,0,0,0,0,1,4
1962,18,Bob Anderson,/players/a/anderbo01.shtml,anderbo01,26,CHC,6,57,4,57,57,57,0,0,0,0,0,0,0,0,0,0,0
1962,19,Craig Anderson,/players/a/andercr01.shtml,andercr01,23,NYM,2,50,14,50,50,50,0,0,0,0,0,0,0,0,0,0,0
1962,20,John Anderson,/players/a/anderjo02.shtml,anderjo02,32,2TM,3,15,0,15,15,15,0,0,0,0,0,0,0,0,0,0,0
1962,21,Luis Aparicio,/players/a/aparilu01.shtml,aparilu01,28,CHW,7,153,141,153,152,0,0,0,0,0,152,0,0,0,0,1,4
1962,22,Jim Archer,/players/a/archeji02.shtml,archeji02,30,KCA,2,18,1,18,18,18,0,0,0,0,0,0,0,0,0,0,0
1962,23,Gerry Arrigo,/players/a/arrigge01.shtml,arrigge01,21,MIN,2,1,0,1,1,1,0,0,0,0,0,0,0,0,0,0,0
1962,24,Luis Arroyo,/players/a/arroylu01.shtml,arroylu01,35,NYY,7,27,0,27,27,27,0,0,0,0,0,0,0,0,0,0,0
1962,25,Richie Ashburn,/players/a/ashburi01.shtml,ashburi01,35,NYM,15,135,92,135,99,0,0,0,2,0,0,8,54,45,97,37,4
1962,26,Bob Aspromonte,/players/a/asprobo01.shtml,asprobo01,24,HOU,4,149,146,149,148,0,0,0,1,141,12,0,0,0,0,2,0
1962,27,Ken Aspromonte,/players/a/asproke01.shtml,asproke01,30,2TM,6,54,21,54,27,0,0,0,18,9,0,0,0,0,0,27,2
1962,28,Earl Averill,/players/a/averiea02.shtml,averiea02,30,LAA,6,92,45,92,54,0,6,0,0,0,0,49,0,0,49,40,0
1962,29,Joe Azcue,/players/a/azcuejo01.shtml,azcuejo01,22,KCA,2,72,64,72,70,0,70,0,0,0,0,0,0,0,0,2,0
1962,30,Bob Bailey,/players/b/bailebo01.shtml,bailebo01,19,PIT,1st,14,12,14,12,0,0,0,0,12,0,0,0,0,0,2,0
1962,31,Ed Bailey,/players/b/baileed01.shtml,baileed01,31,SFG,10,96,69,96,76,0,76,0,0,0,0,0,0,0,0,23,0
1962,32,Bob Baird,/players/b/bairdbo01.shtml,bairdbo01,22,WSA,1st,3,3,3,3,3,0,0,0,0,0,0,0,0,0,0,0
1962,33,Jack Baldschun,/players/b/baldsja01.shtml,baldsja01,25,PHI,2,67,0,67,67,67,0,0,0,0,0,0,0,0,0,0,0
1962,34,Tony Balsamo,/players/b/balsato01.shtml,balsato01,24,CHC,1st,18,0,18,18,18,0,0,0,0,0,0,0,0,0,0,0
1962,35,Ernie Banks,/players/b/bankser01.shtml,bankser01,31,CHC,10,154,150,154,151,0,0,149,0,3,0,0,0,0,0,4,0
1962,36,George Banks,/players/b/banksge01.shtml,banksge01,23,MIN,1st,63,20,63,23,0,0,0,0,6,0,7,0,11,17,42,0
1962,37,Steve Barber,/players/b/barbest01.shtml,barbest01,24,BAL,3,28,19,28,28,28,0,0,0,0,0,0,0,0,0,0,0
1962,38,Cuno Barragan,/players/b/barracu01.shtml,barracu01,30,CHC,2,58,41,58,55,0,55,0,0,0,0,0,0,0,0,9,0
1962,39,Norm Bass,/players/b/bassno01.shtml,bassno01,23,KCA,2,22,10,22,22,22,0,0,0,0,0,0,0,0,0,0,0
1962,40,Earl Battey,/players/b/batteea01.shtml,batteea01,27,MIN,8,148,143,148,147,0,147,0,0,0,0,0,0,0,0,1,0
1962,41,Frank Baumann,/players/b/baumafr01.shtml,baumafr01,28,CHW,8,40,10,40,40,40,0,0,0,0,0,0,0,0,0,0,0
1962,42,Ed Bauta,/players/b/bautaed01.shtml,bautaed01,27,STL,3,20,0,20,20,20,0,0,0,0,0,0,0,0,0,0,0
1962,43,Howie Bedell,/players/b/bedelho01.shtml,bedelho01,26,MLN,1st,58,29,58,45,0,0,0,0,0,0,44,2,0,45,12,8
1962,44,Bo Belinsky,/players/b/belinbo01.shtml,belinbo01,25,LAA,1st,34,31,34,33,33,0,0,0,0,0,0,0,0,0,1,0
1962,45,Gary Bell,/players/b/bellga01.shtml,bellga01,25,CLE,5,57,6,57,57,57,0,0,0,0,0,0,0,0,0,0,0
1962,46,Gus Bell,/players/b/bellgu01.shtml,bellgu01,33,2TM,13,109,77,109,84,0,0,0,0,0,0,53,1,33,84,29,0
1962,47,Dennis Bennett,/players/b/bennede01.shtml,bennede01,22,PHI,1st,31,24,31,31,31,0,0,0,0,0,0,0,0,0,0,0
1962,48,Yogi Berra,/players/b/berrayo01.shtml,berrayo01,37,NYY,17,86,55,86,59,0,31,0,0,0,0,28,0,0,28,29,0
1962,49,Ken Berry,/players/b/berryke01.shtml,berryke01,21,CHW,1st,3,1,3,2,0,0,0,0,0,0,1,1,1,2,1,1
1962,50,Dick Bertell,/players/b/bertedi01.shtml,bertedi01,26,CHC,3,77,61,77,76,0,76,0,0,0,0,0,0,0,0,6,0
1962,51,Reno Bertoia,/players/b/bertore01.shtml,bertore01,27,DET,10,5,0,5,3,0,0,0,1,1,1,0,0,0,0,0,4
1962,52,Steve Bilko,/players/b/bilkost01.shtml,bilkost01,33,LAA,10,64,43,64,49,0,0,49,0,0,0,0,0,0,0,20,0
1962,53,Ethan Blackaby,/players/b/blacket01.shtml,blacket01,21,MLN,1st,6,3,6,3,0,0,0,0,0,0,2,1,0,3,3,0
1962,54,Johnny Blanchard,/players/b/blancjo01.shtml,blancjo01,29,NYY,5,93,56,93,63,0,15,2,0,0,0,15,0,32,47,32,0
1962,55,Don Blasingame,/players/b/blasido01.shtml,blasido01,30,CIN,8,141,130,141,137,0,0,0,137,0,0,0,0,0,0,6,0
1962,56,Carl Boles,/players/b/bolesca01.shtml,bolesca01,27,SFG,1st,19,4,19,7,0,0,0,0,0,0,7,0,0,7,11,3
1962,57,Bobby Bolin,/players/b/bolinbo01.shtml,bolinbo01,23,SFG,2,41,5,41,41,41,0,0,0,0,0,0,0,0,0,0,0
1962,58,Frank Bolling,/players/b/bollifr01.shtml,bollifr01,30,MLN,8,122,112,122,119,0,0,0,119,0,0,0,0,0,0,5,0
1962,59,Walt Bond,/players/b/bondwa01.shtml,bondwa01,24,CLE,3,12,12,12,12,0,0,0,0,0,0,3,0,10,12,0,0
1962,60,Joe Bonikowski,/players/b/bonikjo01.shtml,bonikjo01,21,MIN,1st,30,13,30,30,30,0,0,0,0,0,0,0,0,0,0,0
1962,61,John Boozer,/players/b/boozejo01.shtml,boozejo01,23,PHI,1st,9,0,9,9,9,0,0,0,0,0,0,0,0,0,0,0
1962,62,Steve Boros,/players/b/borosst01.shtml,borosst01,25,DET,4,116,95,116,109,0,0,0,6,105,0,0,0,0,0,10,3
1962,63,Bob Botz,/players/b/botzbo01.shtml,botzbo01,27,LAA,1st,35,0,35,35,35,0,0,0,0,0,0,0,0,0,0,0
1962,64,Ed Bouchee,/players/b/bouched01.shtml,bouched01,29,NYM,7,50,18,50,19,0,0,19,0,0,0,0,0,0,0,32,0
1962,65,Carl Bouldin,/players/b/bouldca01.shtml,bouldca01,22,WSA,2,7,3,7,6,6,0,0,0,0,0,0,0,0,0,0,1
1962,66,Jim Bouton,/players/b/boutoji01.shtml,boutoji01,23,NYY,1st,38,16,38,36,36,0,0,0,0,0,0,0,0,0,1,1
1962,67,Ernie Bowman,/players/b/bowmaer01.shtml,bowmaer01,26,SFG,2,46,6,46,37,0,0,0,17,11,10,0,0,0,0,3,17
1962,68,Ted Bowsfield,/players/b/bowsfte01.shtml,bowsfte01,27,LAA,5,44,25,44,34,34,0,0,0,0,0,0,0,0,0,0,10
1962,69,Clete Boyer,/players/b/boyercl02.shtml,boyercl02,25,NYY,7,158,156,158,157,0,0,0,0,157,0,0,0,0,0,0,1
1962,70,Ken Boyer,/players/b/boyerke01.shtml,boyerke01,31,STL,8,160,160,160,160,0,0,0,0,160,0,0,0,0,0,0,0
1962,71,Harvey Branch,/players/b/brancha01.shtml,brancha01,23,STL,1st,1,1,1,1,1,0,0,0,0,0,0,0,0,0,0,0
1962,72,Jackie Brandt,/players/b/brandja01.shtml,brandja01,28,BAL,6,143,128,143,138,0,0,0,0,2,0,0,110,29,138,7,2
1962,73,Marv Breeding,/players/b/breedma01.shtml,breedma01,28,BAL,3,96,56,96,77,0,0,0,75,1,1,0,0,0,0,10,19
1962,74,Eddie Bressoud,/players/b/bressed01.shtml,bressed01,30,BOS,7,153,153,153,153,0,0,0,0,0,153,0,0,0,0,0,0
1962,75,Jim Brewer,/players/b/breweji01.shtml,breweji01,24,CHC,3,6,1,6,6,6,0,0,0,0,0,0,0,0,0,0,0
1962,76,Marshall Bridges,/players/b/bridgma01.shtml,bridgma01,31,NYY,4,52,0,52,52,52,0,0,0,0,0,0,0,0,0,0,0
1962,77,Harry Bright,/players/b/brighha01.shtml,brighha01,32,WSA,5,113,96,113,102,0,3,99,0,1,0,0,0,0,0,16,0
1962,78,Ed Brinkman,/players/b/brinked01.shtml,brinked01,20,WSA,2,54,39,54,48,0,0,0,0,10,38,0,0,0,0,0,8
1962,79,Lou Brock,/players/b/brocklo01.shtml,brocklo01,23,CHC,2,123,101,123,106,0,0,0,0,0,0,0,106,0,106,16,5
1962,80,Ernie Broglio,/players/b/brogler01.shtml,brogler01,26,STL,4,34,30,34,34,34,0,0,0,0,0,0,0,0,0,0,0
1962,81,Jim Brosnan,/players/b/brosnji01.shtml,brosnji01,32,CIN,8,48,0,48,48,48,0,0,0,0,0,0,0,0,0,0,0
1962,82,Dick Brown,/players/b/browndi01.shtml,browndi01,27,DET,6,134,122,134,132,0,132,0,0,0,0,0,0,0,0,3,0
1962,83,Hal Brown,/players/b/brownha01.shtml,brownha01,37,2TM,12,24,12,24,24,24,0,0,0,0,0,0,0,0,0,0,0
1962,84,Paul Brown,/players/b/brownpa01.shtml,brownpa01,21,PHI,2,23,9,23,23,23,0,0,0,0,0,0,0,0,0,0,0
1962,85,Pidge Browne,/players/b/brownpi01.shtml,brownpi01,33,HOU,1st,65,17,65,26,0,0,26,0,0,0,0,0,0,0,43,0
1962,86,Bob Bruce,/players/b/brucebo01.shtml,brucebo01,29,HOU,4,32,27,32,32,32,0,0,0,0,0,0,0,0,0,0,0
1962,87,George Brunet,/players/b/brunege01.shtml,brunege01,27,HOU,6,17,11,17,17,17,0,0,0,0,0,0,0,0,0,0,0
1962,88,Bill Bruton,/players/b/brutobi01.shtml,brutobi01,36,DET,10,147,134,147,145,0,0,0,0,0,0,0,145,0,145,7,1
1962,89,Billy Bryan,/players/b/bryanbi01.shtml,bryanbi01,23,KCA,2,25,18,25,22,0,22,0,0,0,0,0,0,0,0,3,0
1962,90,Don Buddin,/players/b/buddido01.shtml,buddido01,28,2TM,6,71,48,71,62,0,0,0,5,11,46,0,0,0,0,13,2
1962,91,Bob Buhl,/players/b/buhlbo01.shtml,buhlbo01,33,2TM,10,35,31,35,35,35,0,0,0,0,0,0,0,0,0,0,0
1962,92,Jim Bunning,/players/b/bunniji01.shtml,bunniji01,30,DET,8,43,35,43,41,41,0,0,0,0,0,0,0,0,0,0,2
1962,93,Bob Burda,/players/b/burdabo01.shtml,burdabo01,23,STL,1st,7,5,7,6,0,0,0,0,0,0,1,0,5,6,1,0
1962,94,Freddie Burdette,/players/b/burdefr01.shtml,burdefr01,25,CHC,1st,8,0,8,8,8,0,0,0,0,0,0,0,0,0,0,0
1962,95,Lew Burdette,/players/b/burdele01.shtml,burdele01,35,MLN,13,39,19,39,37,37,0,0,0,0,0,0,0,0,0,0,2
1962,96,Smoky Burgess,/players/b/burgesm01.shtml,burgesm01,35,PIT,13,103,94,103,101,0,101,0,0,0,0,0,0,0,0,5,0
1962,97,Tom Burgess,/players/b/burgeto01.shtml,burgeto01,34,LAA,2,87,33,87,37,0,0,35,0,0,0,2,0,0,2,53,0
1962,98,Leo Burke,/players/b/burkele02.shtml,burkele02,28,LAA,4,19,16,19,16,0,0,0,0,4,1,4,0,8,12,3,0
1962,99,Pete Burnside,/players/b/burnspe01.shtml,burnspe01,31,WSA,7,40,20,40,40,40,0,0,0,0,0,0,0,0,0,0,0
1962,100,Larry Burright,/players/b/burrila01.shtml,burrila01,24,LAD,1st,115,69,115,110,0,0,0,109,0,1,0,0,0,0,1,19
1962,101,Jim Busby,/players/b/busbyji01.shtml,busbyji01,35,HOU,13,15,2,15,11,0,1,0,0,0,0,1,8,1,10,4,5
1962,102,Cecil Butler,/players/b/butlece01.shtml,butlece01,24,MLN,1st,9,2,9,9,9,0,0,0,0,0,0,0,0,0,0,0
1962,103,Tom Butters,/players/b/butteto01.shtml,butteto01,24,PIT,1st,4,0,4,4,4,0,0,0,0,0,0,0,0,0,0,0
1962,104,John Buzhardt,/players/b/buzhajo01.shtml,buzhajo01,25,CHW,5,28,25,28,28,28,0,0,0,0,0,0,0,0,0,0,0
1962,105,Johnny Callison,/players/c/callijo01.shtml,callijo01,23,PHI,5,157,147,157,152,0,0,0,0,0,0,3,5,151,152,10,0
1962,106,Doug Camilli,/players/c/camildo02.shtml,camildo02,25,LAD,3,45,23,45,39,0,39,0,0,0,0,0,0,0,0,7,1
1962,107,Jim Campbell,/players/c/campbji01.shtml,campbji01,25,HOU,1st,27,25,27,25,0,25,0,0,0,0,0,0,0,0,2,0
1962,108,Chris Cannizzaro,/players/c/cannich01.shtml,cannich01,24,NYM,3,59,42,59,57,0,56,0,0,0,0,0,0,1,1,3,0
1962,109,Leo Cardenas,/players/c/cardele01.shtml,cardele01,23,CIN,3,153,147,153,149,0,0,0,0,0,149,0,0,0,0,5,0
1962,110,Don Cardwell,/players/c/cardwdo01.shtml,cardwdo01,26,CHC,6,41,29,41,41,41,0,0,0,0,0,0,0,0,0,0,0
1962,111,Andy Carey,/players/c/careyan01.shtml,careyan01,30,LAD,11,53,26,53,42,0,0,0,0,42,0,0,0,0,0,16,1
1962,112,Cam Carreon,/players/c/carreca01.shtml,carreca01,24,CHW,4,106,85,106,93,0,93,0,0,0,0,0,0,0,0,16,2
1962,113,Jerry Casale,/players/c/casalje01.shtml,casalje01,28,DET,5,18,1,18,18,18,0,0,0,0,0,0,0,0,0,0,0
1962,114,Norm Cash,/players/c/cashno01.shtml,cashno01,27,DET,5,148,146,148,147,0,0,146,0,0,0,0,0,3,3,2,0
1962,115,Wayne Causey,/players/c/causewa01.shtml,causewa01,25,KCA,5,117,74,117,81,0,0,0,10,26,50,0,0,0,0,37,0
1962,116,Orlando Cepeda,/players/c/cepedor01.shtml,cepedor01,24,SFG,5,162,156,162,161,0,0,160,0,0,0,1,0,1,2,4,0
1962,117,Bob Cerv,/players/c/cervbo01.shtml,cervbo01,37,2TM,12,33,8,33,9,0,0,0,0,0,0,6,0,3,9,24,0
1962,118,Elio Chacon,/players/c/chacoel01.shtml,chacoel01,25,NYM,3,118,107,118,113,0,0,0,2,1,110,0,0,0,0,3,5
1962,119,Dean Chance,/players/c/chancde01.shtml,chancde01,21,LAA,2,50,24,50,50,50,0,0,0,0,0,0,0,0,0,0,0
1962,120,Ed Charles,/players/c/charled01.shtml,charled01,29,KCA,1st,147,138,147,140,0,0,0,2,140,0,0,0,0,0,8,0
1962,121,Tom Cheney,/players/c/cheneto01.shtml,cheneto01,27,WSA,5,37,23,37,37,37,0,0,0,0,0,0,0,0,0,0,0
1962,122,Harry Chiti,/players/c/chitiha01.shtml,chitiha01,29,NYM,10,15,11,15,14,0,14,0,0,0,0,0,0,0,0,2,0
1962,123,Joe Christopher,/players/c/chrisjo01.shtml,chrisjo01,26,NYM,4,119,69,119,94,0,0,0,0,0,0,19,32,44,94,19,16
1962,124,Al Cicotte,/players/c/cicotal01.shtml,cicotal01,32,HOU,5,5,0,5,5,5,0,0,0,0,0,0,0,0,0,0,0
1962,125,Gino Cimoli,/players/c/cimolgi01.shtml,cimolgi01,32,KCA,7,152,138,152,147,0,0,0,0,0,0,5,11,138,147,7,2
1962,126,Galen Cisco,/players/c/ciscoga01.shtml,ciscoga01,26,2TM,2,27,11,27,27,27,0,0,0,0,0,0,0,0,0,0,0
1962,127,Doug Clemens,/players/c/clemedo01.shtml,clemedo01,23,STL,3,48,19,48,34,0,0,0,0,0,0,7,1,27,34,18,2
1962,128,Roberto Clemente,/players/c/clemero01.shtml,clemero01,27,PIT,8,144,138,144,142,0,0,0,0,0,0,0,0,142,142,2,1
1962,129,Donn Clendenon,/players/c/clenddo01.shtml,clenddo01,26,PIT,2,80,59,80,68,0,0,52,0,0,0,17,0,2,19,7,11
1962,130,Tex Clevenger,/players/c/clevete01.shtml,clevete01,29,NYY,8,22,0,22,21,21,0,0,0,0,0,0,0,0,0,0,1
1962,131,Ty Cline,/players/c/clinety01.shtml,clinety01,23,CLE,3,118,88,118,107,0,0,0,0,0,0,0,107,0,107,11,3
1962,132,Lou Clinton,/players/c/clintlo01.shtml,clintlo01,24,BOS,3,114,97,114,103,0,0,0,0,0,0,0,0,103,103,10,4
1962,133,Tony Cloninger,/players/c/clonito01.shtml,clonito01,21,MLN,2,24,15,24,24,24,0,0,0,0,0,0,0,0,0,0,0
1962,134,Jim Coates,/players/c/coateji01.shtml,coateji01,29,NYY,5,50,6,50,50,50,0,0,0,0,0,0,0,0,0,0,0
1962,135,Jimmie Coker,/players/c/cokerji01.shtml,cokerji01,26,PHI,4,5,0,5,0,0,0,0,0,0,0,0,0,0,0,5,0
1962,136,Rocky Colavito,/players/c/colavro01.shtml,colavro01,28,DET,8,161,161,161,161,0,0,0,0,0,0,161,0,0,161,0,0
1962,137,Choo-Choo Coleman,/players/c/colemch01.shtml,colemch01,24,NYM,2,55,37,55,44,0,44,0,0,0,0,0,0,0,0,15,2
1962,138,Gordy Coleman,/players/c/colemgo01.shtml,colemgo01,27,CIN,4,136,121,136,128,0,0,128,0,0,0,0,0,0,0,14,0
1962,139,Jackie Collum,/players/c/colluja01.shtml,colluja01,35,2TM,9,9,3,9,9,9,0,0,0,0,0,0,0,0,0,1,0
1962,140,Ramon Conde,/players/c/condera01.shtml,condera01,27,CHW,1st,14,2,14,7,0,0,0,0,7,0,0,0,0,0,8,0
1962,141,Gene Conley,/players/c/conlege01.shtml,conlege01,31,BOS,10,34,33,34,34,34,0,0,0,0,0,0,0,0,0,0,0
1962,142,Billy Consolo,/players/c/consobi01.shtml,consobi01,27,3TM,10,95,44,95,74,0,0,0,1,21,52,0,0,0,0,15,14
1962,143,Jim Constable,/players/c/constji01.shtml,constji01,29,MLN,4,3,2,3,3,3,0,0,0,0,0,0,0,0,0,0,0
1962,144,Cliff Cook,/players/c/cookcl01.shtml,cookcl01,25,2TM,4,46,24,46,30,0,0,0,0,20,0,0,0,10,10,16,2
1962,145,Chuck Cottier,/players/c/cottich01.shtml,cottich01,26,WSA,4,136,122,136,134,0,0,0,134,0,0,0,0,0,0,0,4
1962,146,Marlan Coughtry,/players/c/coughma01.shtml,coughma01,27,3TM,2,20,8,20,10,0,0,0,2,8,0,0,0,0,0,10,1
1962,147,Wes Covington,/players/c/covinwe01.shtml,covinwe01,30,PHI,7,116,78,116,88,0,0,0,0,0,0,88,0,0,88,35,0
1962,148,Roger Craig,/players/c/craigro01.shtml,craigro01,32,NYM,8,42,33,42,42,42,0,0,0,0,0,0,0,0,0,0,0
1962,149,Del Crandall,/players/c/crandde01.shtml,crandde01,32,MLN,12,107,91,107,94,0,90,5,0,0,0,0,0,0,0,16,0
1962,150,Jack Cullen,/players/c/culleja01.shtml,culleja01,22,NYY,1st,2,0,2,2,2,0,0,0,0,0,0,0,0,0,0,0
1962,151,Joe Cunningham,/players/c/cunnijo01.shtml,cunnijo01,30,CHW,8,149,145,149,145,0,0,143,0,0,0,0,0,5,5,4,0
1962,152,Jack Curtis,/players/c/curtija01.shtml,curtija01,25,2TM,2,34,8,34,34,34,0,0,0,0,0,0,0,0,0,3,0
1962,153,Bill Dailey,/players/d/dailebi01.shtml,dailebi01,27,CLE,2,27,0,27,27,27,0,0,0,0,0,0,0,0,0,0,0
1962,154,Bud Daley,/players/d/daleybu01.shtml,daleybu01,29,NYY,8,43,6,43,43,43,0,0,0,0,0,0,0,0,0,0,0
1962,155,Clay Dalrymple,/players/d/dalrycl01.shtml,dalrycl01,25,PHI,3,123,107,123,119,0,119,0,0,0,0,0,0,0,0,12,0
1962,156,Bennie Daniels,/players/d/daniebe02.shtml,daniebe02,30,WSA,6,44,21,44,44,44,0,0,0,0,0,0,0,0,0,0,0
1962,157,Bobby Darwin,/players/d/darwibo01.shtml,darwibo01,19,LAA,1st,1,1,1,1,1,0,0,0,0,0,0,0,0,0,0,0
1962,158,Jim Davenport,/players/d/davenji01.shtml,davenji01,28,SFG,5,144,132,144,141,0,0,0,0,141,0,0,0,0,0,3,1
1962,159,Ray Daviault,/players/d/daviara01.shtml,daviara01,28,NYM,1st,36,3,36,36,36,0,0,0,0,0,0,0,0,0,0,0
1962,160,Jacke Davis,/players/d/davisja01.shtml,davisja01,26,PHI,1st,48,14,48,26,0,0,0,0,0,0,16,5,7,26,17,7
1962,161,Ron Davis,/players/d/davisro01.shtml,davisro01,20,HOU,1st,6,4,6,5,0,0,0,0,0,0,0,5,0,5,0,2
1962,162,Tommy Davis,/players/d/davisto02.shtml,davisto02,23,LAD,4,163,161,163,163,0,0,0,0,38,0,136,13,5,146,2,0
1962,163,Willie Davis,/players/d/daviswi02.shtml,daviswi02,22,LAD,3,157,152,157,156,0,0,0,0,0,0,0,156,0,156,0,3
1962,164,Mike de la Hoz,/players/d/dela_mi01.shtml,dela_mi01,23,CLE,3,12,0,12,2,0,0,0,2,0,0,0,0,0,0,12,0
1962,165,Dave DeBusschere,/players/d/debusda01.shtml,debusda01,21,CHW,1st,12,0,12,12,12,0,0,0,0,0,0,0,0,0,0,0
1962,166,Mike DeGerick,/players/d/degermi01.shtml,degermi01,19,CHW,2,1,0,1,1,1,0,0,0,0,0,0,0,0,0,0,0
1962,167,Bobby Del Greco,/players/d/delgrbo01.shtml,delgrbo01,29,KCA,7,132,89,132,124,0,0,0,0,0,0,35,95,4,124,7,12
1962,168,Ike Delock,/players/d/delocik01.shtml,delocik01,32,BOS,10,17,13,17,17,17,0,0,0,0,0,0,0,0,0,0,0
1962,169,John DeMerit,/players/d/demerjo01.shtml,demerjo01,26,NYM,5,14,5,14,9,0,0,0,0,0,0,3,2,4,9,1,5
1962,170,Don Demeter,/players/d/demetdo01.shtml,demetdo01,27,PHI,6,153,145,153,148,0,0,1,0,105,0,23,42,4,63,6,0
1962,171,Don Dillard,/players/d/dillado01.shtml,dillado01,25,CLE,4,95,29,95,51,0,0,0,0,0,0,29,20,4,51,52,2
1962,172,Art Ditmar,/players/d/ditmaar01.shtml,ditmaar01,33,KCA,9,6,5,6,6,6,0,0,0,0,0,0,0,0,0,0,0
1962,173,Jim Donohue,/players/d/donohji01.shtml,donohji01,23,2TM,2,18,2,18,18,18,0,0,0,0,0,0,0,0,0,0,0
1962,174,Dick Donovan,/players/d/donovdi01.shtml,donovdi01,34,CLE,12,34,34,34,34,34,0,0,0,0,0,0,0,0,0,0,0
1962,175,Al Downing,/players/d/downial01.shtml,downial01,21,NYY,2,1,0,1,1,1,0,0,0,0,0,0,0,0,0,0,0
1962,176,Moe Drabowsky,/players/d/drabomo01.shtml,drabomo01,26,2TM,7,33,13,33,33,33,0,0,0,0,0,0,0,0,0,0,0
1962,177,Sammy Drake,/players/d/drakesa01.shtml,drakesa01,27,NYM,3,25,11,25,16,0,0,0,10,6,0,0,0,0,0,9,3
1962,178,Dick Drott,/players/d/drottdi01.shtml,drottdi01,25,HOU,6,6,1,6,6,6,0,0,0,0,0,0,0,0,0,0,0
1962,179,Don Drysdale,/players/d/drysddo01.shtml,drysddo01,25,LAD,7,43,41,43,43,43,0,0,0,0,0,0,0,0,0,0,0
1962,180,Jim Duffalo,/players/d/duffaji01.shtml,duffaji01,26,SFG,2,24,2,24,24,24,0,0,0,0,0,0,0,0,0,0,0
1962,181,Bob Duliba,/players/d/dulibbo01.shtml,dulibbo01,27,STL,3,28,0,28,28,28,0,0,0,0,0,0,0,0,0,0,0
1962,182,Ryne Duren,/players/d/durenry01.shtml,durenry01,33,LAA,7,42,3,42,42,42,0,0,0,0,0,0,0,0,0,0,0
1962,183,Arnold Earley,/players/e/earlear01.shtml,earlear01,29,BOS,3,38,3,38,38,38,0,0,0,0,0,0,0,0,0,0,0
1962,184,Doc Edwards,/players/e/edwardo01.shtml,edwardo01,25,CLE,1st,53,34,53,39,0,39,0,0,0,0,0,0,0,0,15,0
1962,185,Johnny Edwards,/players/e/edwarjo01.shtml,edwarjo01,24,CIN,2,133,124,133,130,0,130,0,0,0,0,0,0,0,0,8,0
1962,186,Larry Elliot,/players/e/elliola01.shtml,elliola01,24,PIT,1st,8,1,8,3,0,0,0,0,0,0,0,0,3,3,5,0
1962,187,Sammy Ellis,/players/e/ellissa01.shtml,ellissa01,21,CIN,1st,8,4,8,8,8,0,0,0,0,0,0,0,0,0,0,0
1962,188,Dick Ellsworth,/players/e/ellswdi01.shtml,ellswdi01,22,CHC,4,37,33,37,37,37,0,0,0,0,0,0,0,0,0,0,0
1962,189,Don Elston,/players/e/elstodo01.shtml,elstodo01,33,CHC,7,57,0,57,57,57,0,0,0,0,0,0,0,0,0,0,0
1962,190,Sammy Esposito,/players/e/espossa01.shtml,espossa01,30,CHW,9,75,22,75,64,0,0,0,7,41,20,0,0,0,0,4,13
1962,191,Chuck Essegian,/players/e/essegch01.shtml,essegch01,30,CLE,5,106,86,106,90,0,0,0,0,0,0,88,1,1,90,20,0
1962,192,Chuck Estrada,/players/e/estrach01.shtml,estrach01,24,BAL,3,38,33,38,34,34,0,0,0,0,0,0,0,0,0,0,4
1962,193,Andy Etchebarren,/players/e/etchean01.shtml,etchean01,19,BAL,1st,2,2,2,2,0,2,0,0,0,0,0,0,0,0,0,0
1962,194,Roy Face,/players/f/facero01.shtml,facero01,34,PIT,9,63,0,63,63,63,0,0,0,0,0,0,0,0,0,0,0
1962,195,Ron Fairly,/players/f/fairlro01.shtml,fairlro01,23,LAD,5,147,129,147,140,0,0,121,0,0,0,3,5,44,49,9,0
1962,196,Bob Farley,/players/f/farlebo01.shtml,farlebo01,24,2TM,2,71,20,71,31,0,0,20,0,0,0,0,0,11,11,43,3
1962,197,Turk Farrell,/players/f/farretu01.shtml,farretu01,28,HOU,7,43,29,43,43,43,0,0,0,0,0,0,0,0,0,0,0
1962,198,Bill Faul,/players/f/faulbi01.shtml,faulbi01,22,DET,1st,1,0,1,1,1,0,0,0,0,0,0,0,0,0,0,0
1962,199,Ernie Fazio,/players/f/fazioer01.shtml,fazioer01,20,HOU,1st,12,3,12,10,0,0,0,0,0,10,0,0,0,0,2,6
1962,200,Chico Fernandez,/players/f/fernach01.shtml,fernach01,30,DET,7,141,132,141,140,0,0,1,0,2,138,0,0,0,0,3,3
1962,201,Don Ferrarese,/players/f/ferrado01.shtml,ferrado01,33,2TM,8,43,0,43,43,43,0,0,0,0,0,0,0,0,0,0,0
1962,202,Bill Fischer,/players/f/fischbi01.shtml,fischbi01,31,KCA,7,34,16,34,34,34,0,0,0,0,0,0,0,0,0,0,0
1962,203,Hank Fischer,/players/f/fischha01.shtml,fischha01,22,MLN,1st,29,0,29,29,29,0,0,0,0,0,0,0,0,0,0,0
1962,204,Eddie Fisher,/players/f/fisheed02.shtml,fisheed02,25,CHW,4,57,12,57,57,57,0,0,0,0,0,0,0,0,0,0,0
1962,205,Jack Fisher,/players/f/fisheja01.shtml,fisheja01,23,BAL,4,33,25,33,32,32,0,0,0,0,0,0,0,0,0,0,1
1962,206,Tom Fletcher,/players/f/fletcto01.shtml,fletcto01,20,DET,1st,1,0,1,1,1,0,0,0,0,0,0,0,0,0,0,0
1962,207,Curt Flood,/players/f/floodcu01.shtml,floodcu01,24,STL,7,151,151,151,151,0,0,0,0,0,0,0,151,0,151,0,0
1962,208,Hank Foiles,/players/f/foileha01.shtml,foileha01,33,CIN,9,43,36,43,41,0,41,0,0,0,0,0,0,0,0,5,0
1962,209,Whitey Ford,/players/f/fordwh01.shtml,fordwh01,33,NYY,11,38,37,38,38,38,0,0,0,0,0,0,0,0,0,0,0
1962,210,Mike Fornieles,/players/f/fornimi01.shtml,fornimi01,30,BOS,11,42,1,42,42,42,0,0,0,0,0,0,0,0,0,0,0
1962,211,Larry Foss,/players/f/fossla01.shtml,fossla01,26,NYM,2,5,1,5,5,5,0,0,0,0,0,0,0,0,0,0,0
1962,212,Art Fowler,/players/f/fowlear01.shtml,fowlear01,39,LAA,7,48,0,48,48,48,0,0,0,0,0,0,0,0,0,0,0
1962,213,Nellie Fox,/players/f/foxne01.shtml,foxne01,34,CHW,16,157,151,157,154,0,0,0,154,0,0,0,0,0,0,4,0
1962,214,Terry Fox,/players/f/foxte01.shtml,foxte01,26,DET,3,47,0,47,44,44,0,0,0,0,0,0,0,0,0,0,3
1962,215,Paul Foytack,/players/f/foytapa01.shtml,foytapa01,31,DET,9,29,21,29,29,29,0,0,0,0,0,0,0,0,0,0,0
1962,216,Earl Francis,/players/f/francea01.shtml,francea01,26,PIT,3,36,23,36,36,36,0,0,0,0,0,0,0,0,0,0,0
1962,217,Tito Francona,/players/f/francti01.shtml,francti01,28,CLE,7,158,156,158,158,0,0,158,0,0,0,0,0,0,0,0,0
1962,218,Gene Freese,/players/f/freesge02.shtml,freesge02,28,CIN,8,18,10,18,10,0,0,0,0,10,0,0,0,0,0,8,0
1962,219,Jim Fregosi,/players/f/fregoji01.shtml,fregoji01,20,LAA,2,58,49,58,52,0,0,0,0,0,52,0,0,0,0,0,7
1962,220,Bob Friend,/players/f/frienbo01.shtml,frienbo01,31,PIT,12,39,36,39,39,39,0,0,0,0,0,0,0,0,0,0,0
1962,221,Frank Funk,/players/f/funkfr01.shtml,funkfr01,26,CLE,3,47,0,47,47,47,0,0,0,0,0,0,0,0,0,0,0
1962,222,Joe Gaines,/players/g/gainejo01.shtml,gainejo01,25,CIN,3,64,3,64,13,0,0,0,0,0,0,11,0,2,13,46,9
1962,223,Doug Gallagher,/players/g/gallado01.shtml,gallado01,22,DET,1st,9,2,9,9,9,0,0,0,0,0,0,0,0,0,0,0
1962,224,Billy Gardner,/players/g/gardnbi02.shtml,gardnbi02,34,2TM,9,57,46,57,50,0,0,0,39,8,4,0,0,0,0,3,4
1962,225,Bob Garibaldi,/players/g/garibbo01.shtml,garibbo01,20,SFG,1st,9,0,9,9,9,0,0,0,0,0,0,0,0,0,0,0
1962,226,Gary Geiger,/players/g/geigega01.shtml,geigega01,25,BOS,5,131,120,131,129,0,0,0,0,0,0,0,129,0,129,8,2
1962,227,Jim Gentile,/players/g/gentiji01.shtml,gentiji01,28,BAL,5,152,149,152,150,0,0,150,0,0,0,0,0,0,0,2,0
1962,228,Dave Gerard,/players/g/gerarda01.shtml,gerarda01,25,CHC,1st,39,0,39,39,39,0,0,0,0,0,0,0,0,0,0,0
1962,229,George Gerberman,/players/g/gerbege01.shtml,gerbege01,20,CHC,1st,1,1,1,1,1,0,0,0,0,0,0,0,0,0,0,0
1962,230,Dick Gernert,/players/g/gernedi01.shtml,gernedi01,33,HOU,11,10,7,10,9,0,0,9,0,0,0,0,0,0,0,1,0
1962,231,Joe Gibbon,/players/g/gibbojo01.shtml,gibbojo01,27,PIT,3,19,8,19,19,19,0,0,0,0,0,0,0,0,0,0,0
1962,232,Jake Gibbs,/players/g/gibbsja01.shtml,gibbsja01,23,NYY,1st,2,0,2,1,0,0,0,0,1,0,0,0,0,0,0,2
1962,233,Bob Gibson,/players/g/gibsobo01.shtml,gibsobo01,26,STL,4,43,30,43,32,32,0,0,0,0,0,0,0,0,0,0,11
1962,234,Bob Giggie,/players/g/giggibo01.shtml,giggibo01,28,KCA,3,4,2,4,4,4,0,0,0,0,0,0,0,0,0,0,0
1962,235,Don Gile,/players/g/giledo01.shtml,giledo01,27,BOS,4,18,9,18,14,0,0,14,0,0,0,0,0,0,0,3,2
1962,236,Jim Gilliam,/players/g/gilliji01.shtml,gilliji01,33,LAD,10,160,156,160,159,0,0,0,111,93,0,1,0,1,1,3,0
1962,237,Joe Ginsberg,/players/g/ginsbjo01.shtml,ginsbjo01,35,NYM,13,2,2,2,2,0,2,0,0,0,0,0,0,0,0,0,0
1962,238,Dave Giusti,/players/g/giustda01.shtml,giustda01,22,HOU,1st,26,5,26,22,22,0,0,0,0,0,0,0,0,0,2,2
1962,239,Fred Gladding,/players/g/gladdfr01.shtml,gladdfr01,26,DET,2,6,0,6,6,6,0,0,0,0,0,0,0,0,0,0,0
1962,240,Jim Golden,/players/g/goldeji01.shtml,goldeji01,26,HOU,3,43,18,43,37,37,0,0,0,0,0,0,0,0,0,0,6
1962,241,Purnal Goldy,/players/g/goldypu01.shtml,goldypu01,24,DET,1st,20,15,20,15,0,0,0,0,0,0,0,0,15,15,3,2
1962,242,Ruben Gomez,/players/g/gomezru01.shtml,gomezru01,34,2TM,9,22,6,22,21,21,0,0,0,0,0,0,0,0,0,0,1
1962,243,Jesse Gonder,/players/g/gondeje01.shtml,gondeje01,26,CIN,3,4,0,4,0,0,0,0,0,0,0,0,0,0,0,4,0
1962,244,Tony Gonzalez,/players/g/gonzato01.shtml,gonzato01,25,PHI,3,118,110,118,114,0,0,0,0,0,0,0,114,1,114,7,1
1962,245,Billy Goodman,/players/g/goodmbi01.shtml,goodmbi01,36,HOU,16,82,25,82,45,0,0,1,30,17,0,0,0,0,0,54,0
1962,246,Johnny Goryl,/players/g/goryljo01.shtml,goryljo01,28,MIN,4,37,2,37,5,0,0,0,4,0,1,0,0,0,0,22,12
1962,247,Howie Goss,/players/g/gossho01.shtml,gossho01,27,PIT,1st,89,25,89,66,0,0,0,0,0,0,47,6,18,66,11,16
1962,248,Julio Gotay,/players/g/gotayju01.shtml,gotayju01,23,STL,3,127,109,127,126,0,0,0,8,1,120,2,0,0,2,1,3
1962,249,Alex Grammas,/players/g/grammal01.shtml,grammal01,36,2TM,9,44,15,44,35,0,0,0,5,1,29,0,0,0,0,6,7
1962,250,Mudcat Grant,/players/g/grantmu01.shtml,grantmu01,26,CLE,5,30,23,30,26,26,0,0,0,0,0,0,0,0,0,0,4
1962,251,Eli Grba,/players/g/grbael01.shtml,grbael01,27,LAA,4,42,29,42,40,40,0,0,0,0,0,0,0,0,0,0,2
1962,252,Dallas Green,/players/g/greenda02.shtml,greenda02,27,PHI,3,47,10,47,37,37,0,0,0,0,0,0,0,0,0,2,10
1962,253,Fred Green,/players/g/greenfr01.shtml,greenfr01,28,WSA,4,5,0,5,5,5,0,0,0,0,0,0,0,0,0,0,0
1962,254,Gene Green,/players/g/greenge01.shtml,greenge01,29,CLE,6,66,31,66,35,0,0,2,0,0,0,3,0,30,33,35,0
1962,255,Lenny Green,/players/g/greenle01.shtml,greenle01,29,MIN,6,158,151,158,156,0,0,0,0,0,0,87,147,0,156,3,0
1962,256,Pumpsie Green,/players/g/greenpu01.shtml,greenpu01,28,BOS,4,56,12,56,23,0,0,0,18,0,5,0,0,0,0,40,0
1962,257,Bob Grim,/players/g/grimbo01.shtml,grimbo01,32,KCA,8,12,0,12,12,12,0,0,0,0,0,0,0,0,0,0,0
1962,258,Dick Groat,/players/g/groatdi01.shtml,groatdi01,31,PIT,9,161,161,161,161,0,0,0,0,0,161,0,0,0,0,0,0
1962,259,Harvey Haddix,/players/h/haddiha01.shtml,haddiha01,36,PIT,11,28,20,28,28,28,0,0,0,0,0,0,0,0,0,0,0
1962,260,Dick Hall,/players/h/halldi01.shtml,halldi01,31,BAL,10,44,6,44,43,43,0,0,0,0,0,0,0,0,0,0,1
1962,261,Tom Haller,/players/h/halleto01.shtml,halleto01,25,SFG,2,99,83,99,91,0,91,0,0,0,0,0,0,0,0,9,0
1962,262,Jack Hamilton,/players/h/hamilja01.shtml,hamilja01,23,PHI,1st,41,26,41,41,41,0,0,0,0,0,0,0,0,0,0,0
1962,263,Steve Hamilton,/players/h/hamilst01.shtml,hamilst01,27,WSA,2,43,10,43,41,41,0,0,0,0,0,0,0,0,0,0,2
1962,264,Ken Hamlin,/players/h/hamlike01.shtml,hamlike01,27,WSA,5,98,74,98,89,0,0,0,2,0,87,0,0,0,0,6,9
1962,265,Granny Hamner,/players/h/hamnegr01.shtml,hamnegr01,35,KCA,17,3,0,3,3,3,0,0,0,0,0,0,0,0,0,0,0
1962,266,Jim Hannan,/players/h/hannaji01.shtml,hannaji01,22,WSA,1st,42,3,42,42,42,0,0,0,0,0,0,0,0,0,0,0
1962,267,Ron Hansen,/players/h/hansero02.shtml,hansero02,24,BAL,5,71,59,71,64,0,0,0,0,0,64,0,0,0,0,7,1
1962,268,Carroll Hardy,/players/h/hardyca01.shtml,hardyca01,29,BOS,5,115,99,115,105,0,0,0,0,0,0,3,46,63,105,7,6
1962,269,Tim Harkness,/players/h/harknti01.shtml,harknti01,24,LAD,2,92,5,92,59,0,0,59,0,0,0,0,0,0,0,36,7
1962,270,Tommy Harper,/players/h/harpeto01.shtml,harpeto01,21,CIN,1st,6,6,6,6,0,0,0,0,6,0,0,0,0,0,0,0
1962,271,Bob Hartman,/players/h/hartmbo01.shtml,hartmbo01,24,CLE,2,8,2,8,8,8,0,0,0,0,0,0,0,0,0,0,0
1962,272,J C Hartman,/players/h/hartmj_01.shtml,hartmj_01,28,HOU,1st,51,42,51,48,0,0,0,0,0,48,0,0,0,0,2,2
1962,273,Wynn Hawkins,/players/h/hawkiwy01.shtml,hawkiwy01,26,CLE,3,3,0,3,3,3,0,0,0,0,0,0,0,0,0,0,0
1962,274,Al Heist,/players/h/heistal01.shtml,heistal01,34,HOU,3,27,19,27,23,0,0,0,0,0,0,0,23,0,23,6,0
1962,275,Woodie Held,/players/h/heldwo01.shtml,heldwo01,30,CLE,7,139,133,139,136,0,0,0,0,5,133,0,1,0,1,4,0
1962,276,Bob Hendley,/players/h/hendlbo01.shtml,hendlbo01,23,MLN,2,36,29,36,35,35,0,0,0,0,0,0,0,0,0,0,1
1962,277,Bill Henry,/players/h/henrybi01.shtml,henrybi01,34,CIN,9,40,0,40,40,40,0,0,0,0,0,0,0,0,0,0,0
1962,278,Ray Herbert,/players/h/herbera01.shtml,herbera01,32,CHW,10,35,35,35,35,35,0,0,0,0,0,0,0,0,0,0,0
1962,279,John Herrnstein,/players/h/herrnjo01.shtml,herrnjo01,24,PHI,1st,6,0,6,1,0,0,0,0,0,0,0,0,1,1,6,0
1962,280,Rick Herrscher,/players/h/herrsri01.shtml,herrsri01,25,NYM,1st,35,13,35,23,0,0,10,0,6,3,3,0,2,5,9,6
1962,281,Mike Hershberger,/players/h/hershmi01.shtml,hershmi01,22,CHW,2,148,106,148,135,0,0,0,0,0,0,1,27,116,135,15,7
1962,282,Whitey Herzog,/players/h/herzowh01.shtml,herzowh01,30,BAL,7,99,64,99,70,0,0,0,0,0,0,13,1,59,70,31,0
1962,283,Jim Hickman,/players/h/hickmji02.shtml,hickmji02,25,NYM,1st,140,106,140,124,0,0,0,0,0,0,8,84,33,124,14,6
1962,284,Joe Hicks,/players/h/hicksjo01.shtml,hicksjo01,29,WSA,4,102,29,102,43,0,0,0,0,0,0,5,23,16,43,65,2
1962,285,Chuck Hiller,/players/h/hillech01.shtml,hillech01,27,SFG,2,161,158,161,161,0,0,0,161,0,0,0,0,0,0,0,0
1962,286,Dave Hillman,/players/h/hillmda01.shtml,hillmda01,34,2TM,8,15,1,15,15,15,0,0,0,0,0,0,0,0,0,0,0
1962,287,Chuck Hinton,/players/h/hintoch01.shtml,hintoch01,28,WSA,2,151,137,151,146,0,0,0,12,0,1,54,29,67,136,3,6
1962,288,Don Hoak,/players/h/hoakdo01.shtml,hoakdo01,34,PIT,9,121,116,121,116,0,0,0,0,116,0,0,0,0,0,4,1
1962,289,Ed Hobaugh,/players/h/hobaued01.shtml,hobaued01,28,WSA,2,26,2,26,26,26,0,0,0,0,0,0,0,0,0,0,0
1962,290,Glen Hobbie,/players/h/hobbigl01.shtml,hobbigl01,26,CHC,6,42,23,42,42,42,0,0,0,0,0,0,0,0,0,0,0
1962,291,Gil Hodges,/players/h/hodgegi01.shtml,hodgegi01,38,NYM,17,54,30,54,47,0,0,47,0,0,0,0,0,0,0,10,0
1962,292,Billy Hoeft,/players/h/hoeftbi01.shtml,hoeftbi01,30,BAL,11,57,4,57,57,57,0,0,0,0,0,0,0,0,0,0,0
1962,293,Jay Hook,/players/h/hookja01.shtml,hookja01,25,NYM,6,41,34,41,37,37,0,0,0,0,0,0,0,0,0,1,3
1962,294,Joe Horlen,/players/h/horlejo01.shtml,horlejo01,24,CHW,2,20,19,20,20,20,0,0,0,0,0,0,0,0,0,0,0
1962,295,Elston Howard,/players/h/howarel01.shtml,howarel01,33,NYY,8,136,124,136,129,0,129,0,0,0,0,0,0,0,0,10,0
1962,296,Frank Howard,/players/h/howarfr01.shtml,howarfr01,25,LAD,5,141,127,141,131,0,0,0,0,0,0,9,0,128,131,14,0
1962,297,Dick Howser,/players/h/howsedi01.shtml,howsedi01,26,KCA,2,83,72,83,72,0,0,0,0,0,72,0,0,0,0,0,11
1962,298,Ken Hubbs,/players/h/hubbske01.shtml,hubbske01,20,CHC,2,160,158,160,159,0,0,0,159,0,0,0,0,0,0,1,0
1962,299,Bob Humphreys,/players/h/humphbo01.shtml,humphbo01,26,DET,1st,4,0,4,4,4,0,0,0,0,0,0,0,0,0,0,0
1962,300,Ken Hunt,/players/h/huntke01.shtml,huntke01,27,LAA,4,13,1,13,3,0,0,3,0,0,0,0,0,0,0,6,4
1962,301,Willard Hunter,/players/h/huntewi01.shtml,huntewi01,28,2TM,1st,28,6,28,28,28,0,0,0,0,0,0,0,0,0,0,0
1962,302,Al Jackson,/players/j/jacksal01.shtml,jacksal01,26,NYM,3,44,33,44,36,36,0,0,0,0,0,0,0,0,0,0,8
1962,303,Larry Jackson,/players/j/jacksla01.shtml,jacksla01,31,STL,8,36,35,36,36,36,0,0,0,0,0,0,0,0,0,0,0
1962,304,Charlie James,/players/j/jamesch01.shtml,jamesch01,24,STL,3,129,95,129,116,0,0,0,0,0,0,17,0,104,116,15,5
1962,305,Julian Javier,/players/j/javieju01.shtml,javieju01,25,STL,3,155,146,155,151,0,0,0,151,0,3,0,0,0,0,0,6
1962,306,Joey Jay,/players/j/jayjo01.shtml,jayjo01,26,CIN,9,39,37,39,39,39,0,0,0,0,0,0,0,0,0,0,0
1962,307,Jack Jenkins,/players/j/jenkija01.shtml,jenkija01,19,WSA,1st,3,1,3,3,3,0,0,0,0,0,0,0,0,0,0,0
1962,308,Manny Jimenez,/players/j/jimenma01.shtml,jimenma01,23,KCA,1st,139,121,139,122,0,0,0,0,0,0,116,0,6,122,17,0
1962,309,Bob Johnson,/players/j/johnsbo02.shtml,johnsbo02,26,WSA,3,135,119,135,125,0,0,0,3,72,50,1,0,0,1,12,2
1962,310,Darrell Johnson,/players/j/johnsda01.shtml,johnsda01,33,2TM,6,8,8,8,8,0,8,0,0,0,0,0,0,0,0,0,0
1962,311,Deron Johnson,/players/j/johnsde01.shtml,johnsde01,23,KCA,3,17,2,17,6,0,0,2,0,2,0,0,0,2,2,11,0
1962,312,Ken Johnson,/players/j/johnske02.shtml,johnske02,29,HOU,5,33,31,33,33,33,0,0,0,0,0,0,0,0,0,0,0
1962,313,Lou Johnson,/players/j/johnslo01.shtml,johnslo01,27,MLN,3,61,22,61,55,0,0,0,0,0,0,36,22,1,55,11,11
1962,314,Deacon Jones,/players/j/jonesde02.shtml,jonesde02,28,CHW,1st,18,6,18,6,0,0,6,0,0,0,0,0,0,0,12,0
1962,315,Gordon Jones,/players/j/jonesgo01.shtml,jonesgo01,32,KCA,9,21,0,21,21,21,0,0,0,0,0,0,0,0,0,0,0
1962,316,Hal Jones,/players/j/jonesha01.shtml,jonesha01,26,CLE,2,5,4,5,4,0,0,4,0,0,0,0,0,0,0,1,0
1962,317,Mack Jones,/players/j/jonesma01.shtml,jonesma01,23,MLN,2,91,90,91,91,0,0,0,0,0,0,0,9,85,91,1,0
1962,318,Sam Jones,/players/j/jonessa02.shtml,jonessa02,36,DET,10,30,6,30,30,30,0,0,0,0,0,0,0,0,0,0,0
1962,319,Sherman Jones,/players/j/jonessh02.shtml,jonessh02,27,NYM,3,8,3,8,8,8,0,0,0,0,0,0,0,0,0,0,0
1962,320,Mike Joyce,/players/j/joycemi01.shtml,joycemi01,21,CHW,1st,25,1,25,25,25,0,0,0,0,0,0,0,0,0,0,0
1962,321,Jim Kaat,/players/k/kaatji01.shtml,kaatji01,23,MIN,4,48,35,48,39,39,0,0,0,0,0,0,0,0,0,2,9
1962,322,Al Kaline,/players/k/kalinal01.shtml,kalinal01,27,DET,10,100,100,100,100,0,0,0,0,0,0,0,0,100,100,0,0
1962,323,Rod Kanehl,/players/k/kanehro01.shtml,kanehro01,28,NYM,1st,133,81,133,112,0,0,3,62,30,2,10,7,3,20,12,19
1962,324,Eddie Kasko,/players/k/kaskoed01.shtml,kaskoed01,31,CIN,6,134,122,134,131,0,0,0,0,117,18,0,0,0,0,5,1
1962,325,Ed Keegan,/players/k/keegaed01.shtml,keegaed01,22,PHI,3,5,0,5,4,4,0,0,0,0,0,0,0,0,0,0,1
1962,326,Russ Kemmerer,/players/k/kemmeru01.shtml,kemmeru01,31,2TM,8,56,2,56,56,56,0,0,0,0,0,0,0,0,0,0,0
1962,327,John Kennedy,/players/k/kennejo03.shtml,kennejo03,21,WSA,1st,14,11,14,11,0,0,0,0,2,9,0,0,0,0,3,0
1962,328,Dick Kenworthy,/players/k/kenwodi01.shtml,kenwodi01,21,CHW,1st,3,1,3,2,0,0,0,2,0,0,0,0,0,0,1,0
1962,329,Marty Keough,/players/k/keougma01.shtml,keougma01,28,CIN,7,111,51,111,91,0,0,29,0,0,0,49,16,10,71,24,9
1962,330,Bill Kern,/players/k/kernbi01.shtml,kernbi01,29,KCA,1st,8,3,8,3,0,0,0,0,0,0,3,0,0,3,5,0
1962,331,Harmon Killebrew,/players/k/killeha01.shtml,killeha01,26,MIN,9,155,152,155,153,0,0,4,0,0,0,151,0,0,151,2,0
1962,332,Jerry Kindall,/players/k/kindaje01.shtml,kindaje01,27,CLE,6,154,154,154,154,0,0,0,154,0,0,0,0,0,0,0,0
1962,333,Jim King,/players/k/kingji01.shtml,kingji01,29,WSA,6,132,85,132,101,0,0,0,0,0,0,21,0,80,101,41,0
1962,334,Willie Kirkland,/players/k/kirklwi01.shtml,kirklwi01,28,CLE,5,137,109,137,125,0,0,0,0,0,0,0,12,121,125,15,2
1962,335,Ed Kirkpatrick,/players/k/kirkped01.shtml,kirkped01,17,LAA,1st,3,1,3,1,0,1,0,0,0,0,0,0,0,0,2,0
1962,336,Billy Klaus,/players/k/klausbi01.shtml,klausbi01,33,PHI,10,102,54,102,82,0,0,0,11,53,30,0,0,0,0,34,7
1962,337,Lou Klimchock,/players/k/klimclo01.shtml,klimclo01,22,MLN,5,8,0,8,0,0,0,0,0,0,0,0,0,0,0,8,0
1962,338,Ron Kline,/players/k/klinero01.shtml,klinero01,30,DET,9,36,4,36,36,36,0,0,0,0,0,0,0,0,0,0,0
1962,339,Johnny Klippstein,/players/k/klippjo01.shtml,klippjo01,34,CIN,13,40,7,40,40,40,0,0,0,0,0,0,0,0,0,0,0
1962,340,Gary Kolb,/players/k/kolbga01.shtml,kolbga01,22,STL,2,6,4,6,6,0,0,0,0,0,0,1,0,5,6,0,0
1962,341,Hal Kolstad,/players/k/kolstha01.shtml,kolstha01,27,BOS,1st,27,2,27,27,27,0,0,0,0,0,0,0,0,0,0,0
1962,342,Cal Koonce,/players/k/kooncca01.shtml,kooncca01,21,CHC,1st,35,30,35,35,35,0,0,0,0,0,0,0,0,0,0,0
1962,343,Howie Koplitz,/players/k/kopliho01.shtml,kopliho01,24,DET,2,12,6,12,10,10,0,0,0,0,0,0,0,0,0,0,2
1962,344,Joe Koppe,/players/k/koppejo01.shtml,koppejo01,31,LAA,5,128,117,128,126,0,0,0,5,4,118,0,0,0,0,2,4
1962,345,Frank Kostro,/players/k/kostrfr01.shtml,kostrfr01,24,DET,1st,16,10,16,11,0,0,0,0,11,0,0,0,0,0,5,0
1962,346,Sandy Koufax,/players/k/koufasa01.shtml,koufasa01,26,LAD,8,28,26,28,28,28,0,0,0,0,0,0,0,0,0,0,0
1962,347,Jack Kralick,/players/k/kralija01.shtml,kralija01,27,MIN,4,39,37,39,39,39,0,0,0,0,0,0,0,0,0,0,0
1962,348,Ed Kranepool,/players/k/kraneed01.shtml,kraneed01,17,NYM,1st,3,1,3,3,0,0,3,0,0,0,0,0,0,0,0,0
1962,349,Frank Kreutzer,/players/k/kreutfr01.shtml,kreutfr01,23,CHW,1st,1,0,1,1,1,0,0,0,0,0,0,0,0,0,0,0
1962,350,Mike Krsnich,/players/k/krsnimi01.shtml,krsnimi01,30,MLN,2,11,1,11,5,0,0,1,0,1,0,3,0,0,3,6,1
1962,351,Tony Kubek,/players/k/kubekto01.shtml,kubekto01,26,NYY,6,45,41,45,41,0,0,0,0,0,35,6,0,0,6,4,0
1962,352,Jack Kubiszyn,/players/k/kubisja01.shtml,kubisja01,25,CLE,2,25,17,25,19,0,0,0,0,1,18,0,0,0,0,6,0
1962,353,Harvey Kuenn,/players/k/kuennha01.shtml,kuennha01,31,SFG,11,130,117,130,123,0,0,0,0,30,0,98,0,11,105,11,0
1962,354,Bill Kunkel,/players/k/kunkebi01.shtml,kunkebi01,25,KCA,2,9,0,9,9,9,0,0,0,0,0,0,0,0,0,0,0
1962,355,Marty Kutyna,/players/k/kutynma01.shtml,kutynma01,29,WSA,4,54,0,54,54,54,0,0,0,0,0,0,0,0,0,0,0
1962,356,Clem Labine,/players/l/labincl01.shtml,labincl01,35,NYM,13,3,0,3,3,3,0,0,0,0,0,0,0,0,0,0,0
1962,357,Jack Lamabe,/players/l/lamabja01.shtml,lamabja01,25,PIT,1st,46,0,46,46,46,0,0,0,0,0,0,0,0,0,0,0
1962,358,Jim Landis,/players/l/landiji01.shtml,landiji01,28,CHW,6,149,137,149,144,0,0,0,0,0,0,0,144,0,144,5,4
1962,359,Hobie Landrith,/players/l/landrho01.shtml,landrho01,32,2TM,13,83,62,83,81,0,81,0,0,0,0,0,0,0,0,3,0
1962,360,Don Landrum,/players/l/landrdo01.shtml,landrdo01,26,2TM,4,115,62,115,85,0,0,0,0,0,0,17,44,27,85,26,14
1962,361,Norm Larker,/players/l/larkeno01.shtml,larkeno01,31,HOU,5,147,135,147,138,0,0,135,0,0,0,6,0,0,6,12,0
1962,362,Don Larsen,/players/l/larsedo01.shtml,larsedo01,32,SFG,10,52,0,52,49,49,0,0,0,0,0,0,0,0,0,5,0
1962,363,Al Lary,/players/l/laryal01.shtml,laryal01,33,CHC,3,23,3,23,15,15,0,0,0,0,0,0,0,0,0,1,8
1962,364,Frank Lary,/players/l/laryfr01.shtml,laryfr01,32,DET,9,22,14,22,17,17,0,0,0,0,0,0,0,0,0,0,5
1962,365,Barry Latman,/players/l/latmaba01.shtml,latmaba01,26,CLE,6,45,21,45,45,45,0,0,0,0,0,0,0,0,0,0,0
1962,366,Charlie Lau,/players/l/lauch01.shtml,lauch01,29,BAL,6,81,40,81,56,0,56,0,0,0,0,0,0,0,0,32,0
1962,367,Vern Law,/players/l/lawve01.shtml,lawve01,32,PIT,11,23,20,23,23,23,0,0,0,0,0,0,0,0,0,0,0
1962,368,Don Lee,/players/l/leedo01.shtml,leedo01,28,2TM,5,36,31,36,36,36,0,0,0,0,0,0,0,0,0,0,0
1962,369,Gene Leek,/players/l/leekge01.shtml,leekge01,25,LAA,3,7,4,7,4,0,0,0,0,4,0,0,0,0,0,2,1
1962,370,Jim Lehew,/players/l/lehewji01.shtml,lehewji01,24,BAL,2,6,0,6,6,6,0,0,0,0,0,0,0,0,0,0,0
1962,371,Frank Leja,/players/l/lejafr01.shtml,lejafr01,26,LAA,3,7,4,7,4,0,0,4,0,0,0,0,0,0,0,3,0
1962,372,Denny Lemaster,/players/l/lemasde01.shtml,lemasde01,23,MLN,1st,17,12,17,17,17,0,0,0,0,0,0,0,0,0,1,0
1962,373,Dick LeMay,/players/l/lemaydi01.shtml,lemaydi01,23,SFG,2,9,0,9,9,9,0,0,0,0,0,0,0,0,0,0,0
1962,374,Jim Lemon,/players/l/lemonji01.shtml,lemonji01,34,MIN,11,12,2,12,3,0,0,0,0,0,0,3,0,0,3,10,0
1962,375,Don Leppert,/players/l/leppedo02.shtml,leppedo02,30,PIT,2,45,41,45,44,0,44,0,0,0,0,0,0,0,0,1,0
1962,376,Bob Lillis,/players/l/lillibo01.shtml,lillibo01,32,HOU,5,128,119,128,126,0,0,0,33,10,98,0,0,0,0,1,3
1962,377,Phil Linz,/players/l/linzph01.shtml,linzph01,23,NYY,1st,71,23,71,35,0,0,0,5,8,21,0,0,2,2,19,21
1962,378,Don Lock,/players/l/lockdo01.shtml,lockdo01,25,WSA,1st,71,63,71,68,0,0,0,0,0,0,67,1,1,68,4,0
1962,379,Bobby Locke,/players/l/lockebo01.shtml,lockebo01,28,2TM,4,6,0,6,6,6,0,0,0,0,0,0,0,0,0,0,0
1962,380,Johnny Logan,/players/l/loganjo01.shtml,loganjo01,36,PIT,12,44,15,44,19,0,0,0,0,19,0,0,0,0,0,25,0
1962,381,Sherm Lollar,/players/l/lollash01.shtml,lollash01,37,CHW,17,84,59,84,66,0,66,0,0,0,0,0,0,0,0,22,0
1962,382,Dale Long,/players/l/longda02.shtml,longda02,36,2TM,9,108,70,108,82,0,0,82,0,0,0,0,0,0,0,28,1
1962,383,Hector Lopez,/players/l/lopezhe01.shtml,lopezhe01,32,NYY,8,106,78,106,85,0,0,0,1,1,0,64,0,21,84,24,0
1962,384,Turk Lown,/players/l/lowntu01.shtml,lowntu01,38,CHW,11,42,0,42,42,42,0,0,0,0,0,0,0,0,0,0,0
1962,385,Dick Luebke,/players/l/luebkdi01.shtml,luebkdi01,27,BAL,1st,10,0,10,10,10,0,0,0,0,0,0,0,0,0,0,0
1962,386,Jerry Lumpe,/players/l/lumpeje01.shtml,lumpeje01,29,KCA,7,156,155,156,156,0,0,0,156,0,2,0,0,0,0,1,0
1962,387,Al Luplow,/players/l/luploal01.shtml,luploal01,23,CLE,2,97,81,97,86,0,0,0,0,0,0,68,0,26,86,14,0
1962,388,Jerry Lynch,/players/l/lynchje01.shtml,lynchje01,31,CIN,9,114,65,114,73,0,0,0,0,0,0,70,0,3,73,47,0
1962,389,Ken MacKenzie,/players/m/mackeke01.shtml,mackeke01,28,NYM,3,42,1,42,42,42,0,0,0,0,0,0,0,0,0,0,0
1962,390,Billy MacLeod,/players/m/maclebi01.shtml,maclebi01,20,BOS,1st,2,0,2,2,2,0,0,0,0,0,0,0,0,0,0,0
1962,391,Art Mahaffey,/players/m/mahafar01.shtml,mahafar01,24,PHI,3,42,39,42,41,41,0,0,0,0,0,0,0,0,0,0,1
1962,392,Jim Mahoney,/players/m/mahonji01.shtml,mahonji01,28,CLE,3,41,21,41,32,0,0,0,8,1,23,0,0,0,0,1,12
1962,393,Bobby Malkmus,/players/m/malkmbo01.shtml,malkmbo01,30,PHI,6,8,1,8,1,0,0,0,0,0,1,0,0,0,0,3,4
1962,394,Jim Maloney,/players/m/malonji01.shtml,malonji01,22,CIN,3,24,17,24,22,22,0,0,0,0,0,0,0,0,0,2,1
1962,395,Frank Malzone,/players/m/malzofr01.shtml,malzofr01,32,BOS,8,156,156,156,156,0,0,0,0,156,0,0,0,0,0,0,0
1962,396,Jim Manning,/players/m/manniji02.shtml,manniji02,18,MIN,1st,5,1,5,5,5,0,0,0,0,0,0,0,0,0,0,0
1962,397,Felix Mantilla,/players/m/mantife01.shtml,mantife01,27,NYM,7,141,114,141,129,0,0,0,14,95,25,0,0,0,0,18,0
1962,398,Mickey Mantle,/players/m/mantlmi01.shtml,mantlmi01,30,NYY,12,123,117,123,117,0,0,0,0,0,0,0,94,23,117,6,0
1962,399,Georges Maranda,/players/m/marange01.shtml,marange01,30,MIN,2,32,4,32,32,32,0,0,0,0,0,0,0,0,0,0,0
1962,400,Juan Marichal,/players/m/maricju01.shtml,maricju01,24,SFG,3,38,36,38,37,37,0,0,0,0,0,0,0,0,0,0,1
1962,401,Roger Maris,/players/m/marisro01.shtml,marisro01,27,NYY,6,157,151,157,154,0,0,0,0,0,0,0,65,102,154,4,0
1962,402,Jim Marshall,/players/m/marshji01.shtml,marshji01,31,2TM,5,72,25,72,32,0,0,31,0,0,0,0,0,1,1,44,1
1962,403,J.C. Martin,/players/m/martij.01.shtml,martij.01,25,CHW,4,18,5,18,8,0,6,1,0,1,0,0,0,0,0,11,0
1962,404,Hector Martinez,/players/m/martihe02.shtml,martihe02,23,KCA,1st,1,0,1,0,0,0,0,0,0,0,0,0,0,0,1,0
1962,405,Marty Martinez,/players/m/martima01.shtml,martima01,20,MIN,1st,37,6,37,12,0,0,0,0,1,11,0,0,0,0,0,29
1962,406,Eddie Mathews,/players/m/matheed01.shtml,matheed01,30,MLN,11,152,147,152,147,0,0,7,0,140,0,0,0,0,0,4,1
1962,407,Nelson Mathews,/players/m/mathene01.shtml,mathene01,20,CHC,3,15,14,15,14,0,0,0,0,0,0,0,14,0,14,1,0
1962,408,Dal Maxvill,/players/m/maxvida01.shtml,maxvida01,23,STL,1st,79,57,79,77,0,0,0,0,1,76,0,0,0,0,3,4
1962,409,Charlie Maxwell,/players/m/maxwech01.shtml,maxwech01,35,2TM,12,99,72,99,77,0,0,7,0,0,0,49,0,22,71,24,0
1962,410,Lee Maye,/players/m/mayele01.shtml,mayele01,27,MLN,4,99,88,99,94,0,0,0,0,0,0,35,62,2,94,8,1
1962,411,Willie Mays,/players/m/mayswi01.shtml,mayswi01,31,SFG,11,162,159,162,162,0,0,0,0,0,0,0,162,0,162,3,0
1962,412,Bill Mazeroski,/players/m/mazerbi01.shtml,mazerbi01,25,PIT,7,159,159,159,159,0,0,0,159,0,0,0,0,0,0,0,0
1962,413,Jim McAnany,/players/m/mcanaji01.shtml,mcanaji01,25,CHC,5,7,0,7,0,0,0,0,0,0,0,0,0,0,0,7,0
1962,414,Dick McAuliffe,/players/m/mcauldi01.shtml,mcauldi01,22,DET,3,139,126,139,134,0,0,0,71,49,16,0,0,0,0,10,0
1962,415,Al McBean,/players/m/mcbeaal01.shtml,mcbeaal01,24,PIT,2,34,29,34,33,33,0,0,0,0,0,0,0,0,0,0,1
1962,416,Ken McBride,/players/m/mcbrike01.shtml,mcbrike01,26,LAA,4,24,23,24,24,24,0,0,0,0,0,0,0,0,0,0,0
1962,417,Brian McCall,/players/m/mccalbr01.shtml,mccalbr01,19,CHW,1st,4,1,4,1,0,0,0,0,0,0,0,1,0,1,3,0
1962,418,Joe McClain,/players/m/mcclajo01.shtml,mcclajo01,29,WSA,2,10,4,10,10,10,0,0,0,0,0,0,0,0,0,0,0
1962,419,Mike McCormick,/players/m/mccormi03.shtml,mccormi03,23,SFG,7,29,15,29,28,28,0,0,0,0,0,0,0,0,0,1,1
1962,420,Willie McCovey,/players/m/mccovwi01.shtml,mccovwi01,24,SFG,4,91,64,91,70,0,0,17,0,0,0,45,0,12,57,22,0
1962,421,Lindy McDaniel,/players/m/mcdanli01.shtml,mcdanli01,26,STL,8,55,2,55,55,55,0,0,0,0,0,0,0,0,0,0,0
1962,422,Danny McDevitt,/players/m/mcdevda01.shtml,mcdevda01,29,KCA,6,33,1,33,33,33,0,0,0,0,0,0,0,0,0,0,0
1962,423,Sam McDowell,/players/m/mcdowsa01.shtml,mcdowsa01,19,CLE,2,25,13,25,25,25,0,0,0,0,0,0,0,0,0,0,0
1962,424,Orlando McFarlane,/players/m/mcfaror01.shtml,mcfaror01,24,PIT,1st,8,7,8,8,0,8,0,0,0,0,0,0,0,0,0,0
1962,425,Mickey McGuire,/players/m/mcguimi01.shtml,mcguimi01,21,BAL,1st,6,0,6,5,0,0,0,0,0,5,0,0,0,0,1,1
1962,426,Jim McKnight,/players/m/mckniji01.shtml,mckniji01,26,CHC,2,60,9,60,15,0,0,0,2,9,0,0,0,5,5,50,0
1962,427,Cal McLish,/players/m/mclisca01.shtml,mclisca01,36,PHI,13,32,24,32,32,32,0,0,0,0,0,0,0,0,0,0,0
1962,428,Don McMahon,/players/m/mcmahdo02.shtml,mcmahdo02,32,2TM,6,53,0,53,53,53,0,0,0,0,0,0,0,0,0,0,0
1962,429,Roy McMillan,/players/m/mcmilro01.shtml,mcmilro01,32,MLN,12,137,124,137,135,0,0,0,0,0,135,0,0,0,0,4,0
1962,430,Ken McMullen,/players/m/mcmulke01.shtml,mcmulke01,20,LAD,1st,6,2,6,2,0,0,0,0,0,0,2,0,0,2,4,0
1962,431,Dave McNally,/players/m/mcnalda01.shtml,mcnalda01,19,BAL,1st,1,1,1,1,1,0,0,0,0,0,0,0,0,0,0,0
1962,432,Roman Mejias,/players/m/mejiaro01.shtml,mejiaro01,31,HOU,7,146,137,146,142,0,0,0,0,0,0,0,1,142,142,7,1
1962,433,Denis Menke,/players/m/menkede01.shtml,menkede01,21,MLN,1st,50,41,50,46,0,0,2,20,15,9,1,0,0,1,2,3
1962,434,Bob Miller,/players/m/millebo03.shtml,millebo03,26,2TM,5,23,0,23,23,23,0,0,0,0,0,0,0,0,0,0,0
1962,435,Bob Miller,/players/m/millebo04.shtml,millebo04,23,NYM,5,40,21,40,33,33,0,0,0,0,0,0,0,0,0,0,7
1962,436,John Miller,/players/m/millejo03.shtml,millejo03,21,BAL,1st,2,1,2,2,2,0,0,0,0,0,0,0,0,0,0,0
1962,437,Stu Miller,/players/m/millest01.shtml,millest01,34,SFG,10,60,0,60,59,59,0,0,0,0,0,0,0,0,0,0,2
1962,438,Don Mincher,/players/m/minchdo01.shtml,minchdo01,24,MIN,3,86,20,86,25,0,0,25,0,0,0,0,0,0,0,63,0
1962,439,Minnie Minoso,/players/m/minosmi01.shtml,minosmi01,36,STL,13,39,26,39,27,0,0,0,0,0,0,27,0,0,27,7,5
1962,440,Vinegar Bend Mizell,/players/m/mizelvi01.shtml,mizelvi01,31,2TM,9,21,5,21,21,21,0,0,0,0,0,0,0,0,0,0,0
1962,441,Joe Moeller,/players/m/moelljo01.shtml,moelljo01,19,LAD,1st,19,15,19,19,19,0,0,0,0,0,0,0,0,0,0,0
1962,442,Herb Moford,/players/m/moforhe01.shtml,moforhe01,33,NYM,4,7,0,7,7,7,0,0,0,0,0,0,0,0,0,0,0
1962,443,Bill Monbouquette,/players/m/monbobi01.shtml,monbobi01,25,BOS,5,35,35,35,35,35,0,0,0,0,0,0,0,0,0,0,0
1962,444,Wally Moon,/players/m/moonwa01.shtml,moonwa01,32,LAD,9,95,57,95,67,0,0,33,0,0,0,24,0,12,36,35,1
1962,445,Ray Moore,/players/m/moorera02.shtml,moorera02,36,MIN,10,49,0,49,49,49,0,0,0,0,0,0,0,0,0,0,0
1962,446,Bob Moorhead,/players/m/moorhbo01.shtml,moorhbo01,24,NYM,1st,38,7,38,38,38,0,0,0,0,0,0,0,0,0,0,0
1962,447,Billy Moran,/players/m/moranbi02.shtml,moranbi02,28,LAA,4,160,159,160,160,0,0,0,160,0,0,0,0,0,0,0,0
1962,448,Tom Morgan,/players/m/morgato01.shtml,morgato01,32,LAA,11,48,0,48,48,48,0,0,0,0,0,0,0,0,0,0,0
1962,449,Moe Morhardt,/players/m/morhamo01.shtml,morhamo01,25,CHC,2,18,0,18,0,0,0,0,0,0,0,0,0,0,0,18,0
1962,450,Bubba Morton,/players/m/mortobu01.shtml,mortobu01,30,DET,2,90,48,90,65,0,0,3,0,0,0,1,30,33,62,28,1
1962,451,Don Mossi,/players/m/mossido01.shtml,mossido01,33,DET,9,36,27,36,35,35,0,0,0,0,0,0,0,0,0,1,0
1962,452,Manny Mota,/players/m/motama01.shtml,motama01,24,SFG,1st,47,12,47,36,0,0,0,3,8,0,22,3,4,28,16,7
1962,453,Billy Muffett,/players/m/muffebi01.shtml,muffebi01,31,BOS,6,1,1,1,1,1,0,0,0,0,0,0,0,0,0,0,0
1962,454,Danny Murphy,/players/m/murphda04.shtml,murphda04,19,CHC,3,14,7,14,9,0,0,0,0,0,0,2,1,6,9,6,0
1962,455,Stan Musial,/players/m/musiast01.shtml,musiast01,41,STL,21,135,116,135,119,0,0,0,0,0,0,98,0,22,119,19,0
1962,456,Hal Naragon,/players/n/naragha01.shtml,naragha01,33,MIN,10,24,5,24,9,0,9,0,0,0,0,0,0,0,0,18,0
1962,457,Julio Navarro,/players/n/navarju01.shtml,navarju01,26,LAA,1st,9,0,9,9,9,0,0,0,0,0,0,0,0,0,0,0
1962,458,Charlie Neal,/players/n/nealch01.shtml,nealch01,31,NYM,7,136,133,136,135,0,0,0,85,12,39,0,0,0,0,0,2
1962,459,Cal Neeman,/players/n/neemaca01.shtml,neemaca01,33,PIT,6,24,16,24,24,0,24,0,0,0,0,0,0,0,0,0,0
1962,460,Fred Newman,/players/n/newmafr01.shtml,newmafr01,20,LAA,1st,4,1,4,4,4,0,0,0,0,0,0,0,0,0,0,0
1962,461,Chet Nichols,/players/n/nichoch02.shtml,nichoch02,31,BOS,7,29,1,29,29,29,0,0,0,0,0,0,0,0,0,0,0
1962,462,Dave Nicholson,/players/n/nichoda01.shtml,nichoda01,22,BAL,2,97,42,97,80,0,0,0,0,0,0,34,20,27,80,6,20
1962,463,Bob Nieman,/players/n/niemabo01.shtml,niemabo01,35,2TM,12,32,0,32,3,0,0,0,0,0,0,3,0,0,3,32,0
1962,464,Merlin Nippert,/players/n/nippeme01.shtml,nippeme01,23,BOS,1st,4,0,4,4,4,0,0,0,0,0,0,0,0,0,0,0
1962,465,Ron Nischwitz,/players/n/nischro01.shtml,nischro01,24,DET,2,48,0,48,48,48,0,0,0,0,0,0,0,0,0,0,0
1962,466,Russ Nixon,/players/n/nixonru01.shtml,nixonru01,27,BOS,6,65,33,65,38,0,38,0,0,0,0,0,0,0,0,29,0
1962,467,Fred Norman,/players/n/normafr01.shtml,normafr01,19,KCA,1st,2,0,2,2,2,0,0,0,0,0,0,0,0,0,0,0
1962,468,Don Nottebart,/players/n/nottedo01.shtml,nottedo01,26,MLN,3,39,0,39,39,39,0,0,0,0,0,0,0,0,0,0,0
1962,469,Howie Nunn,/players/n/nunnho01.shtml,nunnho01,26,CIN,3,6,0,6,6,6,0,0,0,0,0,0,0,0,0,0,0
1962,470,Joe Nuxhall,/players/n/nuxhajo01.shtml,nuxhajo01,33,2TM,12,17,9,17,17,17,0,0,0,0,0,0,0,0,0,0,0
1962,471,Danny O'Connell,/players/o/o'conda02.shtml,o'conda02,33,WSA,10,84,54,84,63,0,0,0,23,40,0,0,0,0,0,25,0
1962,472,Billy O'Dell,/players/o/o'delbi01.shtml,o'delbi01,29,SFG,8,49,39,49,43,43,0,0,0,0,0,0,0,0,0,0,6
1962,473,Jim O'Toole,/players/o/o'tooji01.shtml,o'tooji01,25,CIN,5,36,34,36,36,36,0,0,0,0,0,0,0,0,0,0,0
1962,474,Bob Oldis,/players/o/oldisbo01.shtml,oldisbo01,34,PHI,6,38,23,38,30,0,30,0,0,0,0,0,0,0,0,9,0
1962,475,Tony Oliva,/players/o/olivato01.shtml,olivato01,23,MIN,1st,9,2,9,2,0,0,0,0,0,0,0,0,2,2,6,1
1962,476,Gene Oliver,/players/o/olivege01.shtml,olivege01,27,STL,3,122,96,122,107,0,98,3,0,0,0,6,0,2,8,22,0
1962,477,Diomedes Olivo,/players/o/olivodi01.shtml,olivodi01,43,PIT,2,62,1,62,62,62,0,0,0,0,0,0,0,0,0,0,0
1962,478,John Orsino,/players/o/orsinjo01.shtml,orsinjo01,24,SFG,2,18,12,18,16,0,16,0,0,0,0,0,0,0,0,3,0
1962,479,Phil Ortega,/players/o/ortegph01.shtml,ortegph01,22,LAD,3,24,3,24,24,24,0,0,0,0,0,0,0,0,0,0,0
1962,480,Bobo Osborne,/players/o/osborbo02.shtml,osborbo02,26,DET,5,64,12,64,22,0,2,7,0,13,0,0,0,0,0,44,0
1962,481,Dan Osinski,/players/o/osinsda01.shtml,osinsda01,28,2TM,1st,37,0,37,37,37,0,0,0,0,0,0,0,0,0,0,0
1962,482,Claude Osteen,/players/o/osteecl01.shtml,osteecl01,22,WSA,5,37,22,37,28,28,0,0,0,0,0,0,0,0,0,1,8
1962,483,Billy Ott,/players/o/ottbi01.shtml,ottbi01,21,CHC,1st,12,6,12,7,0,0,0,0,0,0,0,0,7,7,5,0
1962,484,Jim Owens,/players/o/owensji01.shtml,owensji01,28,PHI,7,23,12,23,23,23,0,0,0,0,0,0,0,0,0,0,0
1962,485,Jose Pagan,/players/p/paganjo01.shtml,paganjo01,27,SFG,4,164,164,164,164,0,0,0,0,0,164,0,0,0,0,0,0
1962,486,Jim Pagliaroni,/players/p/pagliji01.shtml,pagliji01,24,BOS,4,90,69,90,73,0,73,0,0,0,0,0,0,0,0,17,0
1962,487,John Papa,/players/p/papajo01.shtml,papajo01,21,BAL,2,1,0,1,1,1,0,0,0,0,0,0,0,0,0,0,0
1962,488,Milt Pappas,/players/p/pappami01.shtml,pappami01,23,BAL,6,35,32,35,35,35,0,0,0,0,0,0,0,0,0,0,0
1962,489,Camilo Pascual,/players/p/pascuca02.shtml,pascuca02,28,MIN,9,34,33,34,34,34,0,0,0,0,0,0,0,0,0,0,0
1962,490,Don Pavletich,/players/p/pavledo01.shtml,pavledo01,23,CIN,3,34,17,34,26,0,2,25,0,0,0,0,0,0,0,11,0
1962,491,Albie Pearson,/players/p/pearsal02.shtml,pearsal02,27,LAA,5,160,153,160,160,0,0,0,0,0,0,0,145,15,160,0,4
1962,492,Orlando Pena,/players/p/penaor01.shtml,penaor01,28,KCA,4,13,12,13,13,13,0,0,0,0,0,0,0,0,0,0,0
1962,493,Jim Pendleton,/players/p/pendlji01.shtml,pendlji01,38,HOU,8,117,72,117,100,0,0,9,0,3,2,63,7,22,89,26,5
1962,494,Joe Pepitone,/players/p/pepitjo01.shtml,pepitjo01,21,NYY,1st,63,27,63,44,0,0,16,0,0,0,14,7,13,32,19,2
1962,495,Ron Perranoski,/players/p/perraro01.shtml,perraro01,26,LAD,2,70,0,70,70,70,0,0,0,0,0,0,0,0,0,0,0
1962,496,Gaylord Perry,/players/p/perryga01.shtml,perryga01,23,SFG,1st,13,7,13,13,13,0,0,0,0,0,0,0,0,0,0,0
1962,497,Jim Perry,/players/p/perryji01.shtml,perryji01,26,CLE,4,35,27,35,35,35,0,0,0,0,0,0,0,0,0,0,0
1962,498,Gary Peters,/players/p/peterga01.shtml,peterga01,25,CHW,4,5,0,5,5,5,0,0,0,0,0,0,0,0,0,0,0
1962,499,Cap Peterson,/players/p/peterca01.shtml,peterca01,19,SFG,1st,4,1,4,2,0,0,0,0,0,2,0,0,0,0,3,0
1962,500,Dan Pfister,/players/p/pfistda01.shtml,pfistda01,25,KCA,2,52,25,52,41,41,0,0,0,0,0,0,0,0,0,0,11
1962,501,Dave Philley,/players/p/phillda01.shtml,phillda01,42,BOS,18,38,4,38,4,0,0,0,0,0,0,0,0,4,4,34,0
1962,502,Bubba Phillips,/players/p/phillbu02.shtml,phillbu02,34,CLE,8,148,147,148,148,0,0,0,1,145,0,0,3,0,3,1,0
1962,503,Dick Phillips,/players/p/philldi01.shtml,philldi01,30,SFG,1st,5,0,5,1,0,0,1,0,0,0,0,0,0,0,4,0
1962,504,Ron Piche,/players/p/pichero01.shtml,pichero01,27,MLN,3,16,8,16,14,14,0,0,0,0,0,0,0,0,0,0,2
1962,505,Billy Pierce,/players/p/piercbi02.shtml,piercbi02,35,SFG,16,30,23,30,30,30,0,0,0,0,0,0,0,0,0,0,0
1962,506,Jim Piersall,/players/p/piersji01.shtml,piersji01,32,WSA,12,135,123,135,132,0,0,0,0,0,0,0,132,0,132,5,0
1962,507,Joe Pignatano,/players/p/pignajo01.shtml,pignajo01,32,2TM,6,34,16,34,32,0,32,0,0,0,0,0,0,0,0,6,1
1962,508,Vada Pinson,/players/p/pinsova01.shtml,pinsova01,23,CIN,5,155,151,155,152,0,0,0,0,0,0,0,152,0,152,4,0
1962,509,Juan Pizarro,/players/p/pizarju01.shtml,pizarju01,25,CHW,6,37,32,37,36,36,0,0,0,0,0,0,0,0,0,1,0
1962,510,Elmo Plaskett,/players/p/plaskel01.shtml,plaskel01,24,PIT,1st,7,3,7,4,0,4,0,0,0,0,0,0,0,0,4,0
1962,511,Bill Pleis,/players/p/pleisbi01.shtml,pleisbi01,24,MIN,2,21,4,21,21,21,0,0,0,0,0,0,0,0,0,0,0
1962,512,Johnny Podres,/players/p/podrejo01.shtml,podrejo01,29,LAD,9,40,40,40,40,40,0,0,0,0,0,0,0,0,0,0,0
1962,513,Leo Posada,/players/p/posadle01.shtml,posadle01,26,KCA,3,29,8,29,11,0,0,0,0,0,0,10,0,1,11,18,2
1962,514,Wally Post,/players/p/postwa01.shtml,postwa01,32,CIN,13,109,73,109,90,0,0,0,0,0,0,86,0,4,90,31,0
1962,515,Boog Powell,/players/p/powelbo01.shtml,powelbo01,20,BAL,2,124,113,124,113,0,0,1,0,0,0,112,0,0,112,11,0
1962,516,Vic Power,/players/p/powervi01.shtml,powervi01,34,MIN,9,144,141,144,142,0,0,142,2,0,0,0,0,0,0,3,0
1962,517,Bob Priddy,/players/p/priddbo01.shtml,priddbo01,22,PIT,1st,2,0,2,2,2,0,0,0,0,0,0,0,0,0,0,0
1962,518,Don Prince,/players/p/princdo01.shtml,princdo01,24,CHC,1st,1,0,1,1,1,0,0,0,0,0,0,0,0,0,0,0
1962,519,Bob Purkey,/players/p/purkebo01.shtml,purkebo01,32,CIN,9,37,37,37,37,37,0,0,0,0,0,0,0,0,0,0,0
1962,520,Art Quirk,/players/q/quirkar01.shtml,quirkar01,24,BAL,1st,7,5,7,7,7,0,0,0,0,0,0,0,0,0,0,0
1962,521,Dick Radatz,/players/r/radatdi01.shtml,radatdi01,25,BOS,1st,62,0,62,62,62,0,0,0,0,0,0,0,0,0,0,0
1962,522,Ed Rakow,/players/r/rakowed01.shtml,rakowed01,27,KCA,3,42,35,42,42,42,0,0,0,0,0,0,0,0,0,0,0
1962,523,Pedro Ramos,/players/r/ramospe01.shtml,ramospe01,27,CLE,8,39,27,39,37,37,0,0,0,0,0,0,0,0,0,0,2
1962,524,Merritt Ranew,/players/r/ranewme01.shtml,ranewme01,24,HOU,1st,71,51,71,58,0,58,0,0,0,0,0,0,0,0,17,0
1962,525,Claude Raymond,/players/r/raymocl01.shtml,raymocl01,25,MLN,3,26,0,26,26,26,0,0,0,0,0,0,0,0,0,0,0
1962,526,Jack Reed,/players/r/reedja01.shtml,reedja01,29,NYY,2,88,4,88,75,0,0,0,0,0,0,20,39,16,75,2,40
1962,527,Phil Regan,/players/r/reganph01.shtml,reganph01,25,DET,3,35,23,35,35,35,0,0,0,0,0,0,0,0,0,0,0
1962,528,Hal Reniff,/players/r/renifha01.shtml,renifha01,23,NYY,2,2,0,2,2,2,0,0,0,0,0,0,0,0,0,0,0
1962,529,Ken Retzer,/players/r/retzeke01.shtml,retzeke01,28,WSA,2,109,91,109,99,0,99,0,0,0,0,0,0,0,0,12,0
1962,530,Bobby Richardson,/players/r/richabo01.shtml,richabo01,26,NYY,8,161,161,161,161,0,0,0,161,0,0,0,0,0,0,0,0
1962,531,Pete Richert,/players/r/richepe01.shtml,richepe01,22,LAD,1st,19,12,19,19,19,0,0,0,0,0,0,0,0,0,0,0
1962,532,Ray Rippelmeyer,/players/r/rippera01.shtml,rippera01,28,WSA,1st,18,1,18,18,18,0,0,0,0,0,0,0,0,0,0,0
1962,533,Mel Roach,/players/r/roachme01.shtml,roachme01,29,PHI,8,65,20,65,40,0,0,4,9,26,0,3,0,0,3,28,3
1962,534,Mike Roarke,/players/r/roarkmi01.shtml,roarkmi01,31,DET,2,56,39,56,53,0,53,0,0,0,0,0,0,0,0,4,1
1962,535,Dave Roberts,/players/r/roberda03.shtml,roberda03,29,HOU,1st,16,11,16,14,0,0,5,0,0,0,7,0,5,12,4,1
1962,536,Robin Roberts,/players/r/roberro01.shtml,roberro01,35,BAL,15,27,25,27,27,27,0,0,0,0,0,0,0,0,0,0,0
1962,537,Daryl Robertson,/players/r/roberda02.shtml,roberda02,26,CHC,1st,9,5,9,7,0,0,0,0,1,6,0,0,0,0,2,0
1962,538,Brooks Robinson,/players/r/robinbr01.shtml,robinbr01,25,BAL,8,162,162,162,162,0,0,0,2,162,3,0,0,0,0,0,0
1962,539,Earl Robinson,/players/r/robinea01.shtml,robinea01,25,BAL,3,29,15,29,17,0,0,0,0,0,0,1,0,16,17,9,4
1962,540,Floyd Robinson,/players/r/robinfl01.shtml,robinfl01,26,CHW,3,156,154,156,155,0,0,0,0,0,0,113,0,78,155,2,0
1962,541,Frank Robinson,/players/r/robinfr02.shtml,robinfr02,26,CIN,7,162,160,162,161,0,0,0,0,0,0,12,0,152,161,0,2
1962,542,Andre Rodgers,/players/r/rodgean01.shtml,rodgean01,27,CHC,6,138,129,138,134,0,0,1,0,0,133,0,0,0,0,7,0
1962,543,Buck Rodgers,/players/r/rodgebu01.shtml,rodgebu01,23,LAA,2,155,144,155,150,0,150,0,0,0,0,0,0,0,0,11,0
1962,544,Ed Roebuck,/players/r/roebued01.shtml,roebued01,30,LAD,7,64,0,64,64,64,0,0,0,0,0,0,0,0,0,0,0
1962,545,Cookie Rojas,/players/r/rojasco01.shtml,rojasco01,23,CIN,1st,39,24,39,31,0,0,0,30,1,0,0,0,0,0,2,7
1962,546,Jim Roland,/players/r/rolanji01.shtml,rolanji01,19,MIN,1st,1,0,1,1,1,0,0,0,0,0,0,0,0,0,0,0
1962,547,Rich Rollins,/players/r/rolliri01.shtml,rolliri01,24,MIN,2,159,158,159,159,0,0,0,0,159,1,0,0,0,0,0,1
1962,548,John Romano,/players/r/romanjo01.shtml,romanjo01,27,CLE,5,135,128,135,130,0,130,0,0,0,0,0,0,0,0,6,0
1962,549,John Roseboro,/players/r/rosebjo01.shtml,rosebjo01,29,LAD,6,128,117,128,128,0,128,0,0,0,0,0,0,0,0,4,3
1962,550,Bob Roselli,/players/r/roselbo01.shtml,roselbo01,30,CHW,5,35,13,35,20,0,20,0,0,0,0,0,0,0,0,15,0
1962,551,Don Rudolph,/players/r/rudoldo01.shtml,rudoldo01,30,2TM,4,38,23,38,38,38,0,0,0,0,0,0,0,0,0,0,0
1962,552,Pete Runnels,/players/r/runnepe01.shtml,runnepe01,34,BOS,12,152,151,152,151,0,0,151,0,0,0,0,0,0,0,1,0
1962,553,Ray Sadecki,/players/s/sadecra01.shtml,sadecra01,21,STL,3,24,17,24,22,22,0,0,0,0,0,0,0,0,0,1,1
1962,554,Bob Sadowski,/players/s/sadowbo01.shtml,sadowbo01,25,CHW,3,79,25,79,27,0,0,0,12,16,0,0,0,0,0,50,3
1962,555,Ed Sadowski,/players/s/sadowed01.shtml,sadowed01,31,LAA,3,27,14,27,18,0,18,0,0,0,0,0,0,0,0,7,3
1962,556,Ted Sadowski,/players/s/sadowte01.shtml,sadowte01,26,MIN,3,19,0,19,19,19,0,0,0,0,0,0,0,0,0,0,0
1962,557,Amado Samuel,/players/s/samueam01.shtml,samueam01,23,MLN,1st,76,55,76,67,0,0,0,28,3,36,0,0,0,0,5,10
1962,558,Jack Sanford,/players/s/sanfoja02.shtml,sanfoja02,33,SFG,7,39,38,39,39,39,0,0,0,0,0,0,0,0,0,0,0
1962,559,Ron Santo,/players/s/santoro01.shtml,santoro01,22,CHC,3,162,159,162,160,0,0,0,0,157,8,0,0,0,0,2,0
1962,560,Tom Satriano,/players/s/satrito01.shtml,satrito01,21,LAA,2,10,3,10,5,0,0,0,0,5,0,0,0,0,0,7,0
1962,561,Ted Savage,/players/s/savagte01.shtml,savagte01,25,PHI,1st,127,82,127,109,0,0,0,0,0,0,93,10,10,109,21,15
1962,562,Bob Saverine,/players/s/saverbo01.shtml,saverbo01,21,BAL,2,8,6,8,7,0,0,0,7,0,0,0,0,0,0,1,0
1962,563,Carl Sawatski,/players/s/sawatca01.shtml,sawatca01,34,STL,10,85,61,85,70,0,70,0,0,0,0,0,0,0,0,22,0
1962,564,Jimmie Schaffer,/players/s/schafji01.shtml,schafji01,26,STL,2,70,14,70,69,0,69,0,0,0,0,0,0,0,0,1,1
1962,565,Johnny Schaive,/players/s/schaijo01.shtml,schaijo01,28,WSA,4,82,51,82,55,0,0,0,6,49,0,0,0,0,0,29,0
1962,566,Chuck Schilling,/players/s/schilch01.shtml,schilch01,24,BOS,2,119,113,119,118,0,0,0,118,0,0,0,0,0,0,0,3
1962,567,Bob Schmidt,/players/s/schmibo02.shtml,schmibo02,29,WSA,5,88,71,88,88,0,88,0,0,0,0,0,0,0,0,4,0
1962,568,Red Schoendienst,/players/s/schoere01.shtml,schoere01,39,STL,18,98,16,98,25,0,0,0,21,4,0,0,0,0,0,82,0
1962,569,Dick Schofield,/players/s/schofdi01.shtml,schofdi01,27,PIT,10,54,20,54,23,0,0,0,2,20,1,0,0,0,0,30,2
1962,570,Barney Schultz,/players/s/schulba01.shtml,schulba01,35,CHC,4,51,0,51,51,51,0,0,0,0,0,0,0,0,0,0,0
1962,571,Don Schwall,/players/s/schwado01.shtml,schwado01,26,BOS,2,34,32,34,33,33,0,0,0,0,0,0,0,0,0,0,1
1962,572,Herb Score,/players/s/scorehe01.shtml,scorehe01,29,CHW,8,4,0,4,4,4,0,0,0,0,0,0,0,0,0,0,0
1962,573,Diego Segui,/players/s/seguidi01.shtml,seguidi01,24,KCA,1st,37,13,37,37,37,0,0,0,0,0,0,0,0,0,0,0
1962,574,Mike Shannon,/players/s/shannmi01.shtml,shannmi01,22,STL,1st,10,4,10,7,0,0,0,0,0,0,5,0,2,7,1,4
1962,575,Bobby Shantz,/players/s/shantbo01.shtml,shantbo01,36,2TM,14,35,3,35,31,31,0,0,0,0,0,0,0,0,0,0,4
1962,576,Bob Shaw,/players/s/shawbo01.shtml,shawbo01,29,MLN,6,38,29,38,38,38,0,0,0,0,0,0,0,0,0,0,0
1962,577,Rollie Sheldon,/players/s/sheldro01.shtml,sheldro01,25,NYY,2,34,16,34,34,34,0,0,0,0,0,0,0,0,0,0,0
1962,578,Larry Sherry,/players/s/sherrla01.shtml,sherrla01,26,LAD,5,58,0,58,58,58,0,0,0,0,0,0,0,0,0,0,0
1962,579,Norm Sherry,/players/s/sherrno01.shtml,sherrno01,30,LAD,4,35,25,35,34,0,34,0,0,0,0,0,0,0,0,1,0
1962,580,Barry Shetrone,/players/s/shetrba01.shtml,shetrba01,23,BAL,4,21,2,21,6,0,0,0,0,0,0,3,2,1,6,12,5
1962,581,Charlie Shoemaker,/players/s/shoemch01.shtml,shoemch01,22,KCA,2,5,2,5,4,0,0,0,4,0,0,0,0,0,0,1,1
1962,582,Bill Short,/players/s/shortbi01.shtml,shortbi01,24,BAL,2,5,0,5,5,5,0,0,0,0,0,0,0,0,0,0,0
1962,583,Chris Short,/players/s/shortch02.shtml,shortch02,24,PHI,4,48,12,48,47,47,0,0,0,0,0,0,0,0,0,0,1
1962,584,Norm Siebern,/players/s/siebeno01.shtml,siebeno01,28,KCA,6,162,162,162,162,0,0,162,0,0,0,0,0,0,0,0,0
1962,585,Roy Sievers,/players/s/sievero01.shtml,sievero01,35,PHI,14,144,125,144,133,0,0,130,0,0,0,2,0,5,7,19,0
1962,586,Curt Simmons,/players/s/simmocu01.shtml,simmocu01,33,STL,15,31,22,31,31,31,0,0,0,0,0,0,0,0,0,0,0
1962,587,Dick Simpson,/players/s/simpsdi01.shtml,simpsdi01,18,LAA,1st,6,1,6,4,0,0,0,0,0,0,4,0,1,4,3,0
1962,588,Tommie Sisk,/players/s/siskto01.shtml,siskto01,20,PIT,1st,5,3,5,5,5,0,0,0,0,0,0,0,0,0,0,0
1962,589,Dave Sisler,/players/s/sisleda01.shtml,sisleda01,30,CIN,7,35,0,35,35,35,0,0,0,0,0,0,0,0,0,0,0
1962,590,Bob Skinner,/players/s/skinnbo01.shtml,skinnbo01,30,PIT,8,144,138,144,139,0,0,0,0,0,0,139,0,0,139,6,0
1962,591,Bill Skowron,/players/s/skowrbi01.shtml,skowrbi01,31,NYY,9,140,123,140,135,0,0,135,0,0,0,0,0,0,0,12,0
1962,592,Al Smith,/players/s/smithal04.shtml,smithal04,34,CHW,10,142,136,142,138,0,0,0,0,106,0,37,0,2,38,4,2
1962,593,Bill Smith,/players/s/smithbi04.shtml,smithbi04,28,PHI,3,24,5,24,24,24,0,0,0,0,0,0,0,0,0,0,0
1962,594,Bobby Smith,/players/s/smithbo04.shtml,smithbo04,28,3TM,6,112,39,112,93,0,0,0,0,0,0,65,22,12,93,19,20
1962,595,Charley Smith,/players/s/smithch04.shtml,smithch04,24,CHW,3,65,36,65,54,0,0,0,0,54,0,0,0,0,0,14,1
1962,596,Hal Smith,/players/s/smithha08.shtml,smithha08,31,HOU,8,109,89,109,99,0,92,2,0,7,0,0,0,0,0,15,0
1962,597,Jack Smith,/players/s/smithja04.shtml,smithja04,26,LAD,1st,8,0,8,8,8,0,0,0,0,0,0,0,0,0,0,0
1962,598,Nate Smith,/players/s/smithna01.shtml,smithna01,27,BAL,1st,5,3,5,3,0,3,0,0,0,0,0,0,0,0,2,0
1962,599,Pete Smith,/players/s/smithpe01.shtml,smithpe01,22,BOS,1st,1,1,1,1,1,0,0,0,0,0,0,0,0,0,0,0
1962,600,Duke Snider,/players/s/snidedu01.shtml,snidedu01,35,LAD,16,80,37,80,39,0,0,0,0,0,0,15,2,24,39,42,1
1962,601,Jim Snyder,/players/s/snydeji02.shtml,snydeji02,29,MIN,2,12,3,12,6,0,0,1,5,0,0,0,0,0,0,0,6
1962,602,Russ Snyder,/players/s/snyderu01.shtml,snyderu01,28,BAL,4,139,90,139,121,0,0,0,0,0,0,45,42,44,121,22,5
1962,603,Warren Spahn,/players/s/spahnwa01.shtml,spahnwa01,41,MLN,18,36,34,36,34,34,0,0,0,0,0,0,0,0,0,2,0
1962,604,Al Spangler,/players/s/spangal01.shtml,spangal01,28,HOU,4,129,109,129,121,0,0,0,0,0,0,92,29,0,121,15,3
1962,605,Daryl Spencer,/players/s/spencda01.shtml,spencda01,33,LAD,9,77,47,77,64,0,0,0,0,57,10,0,0,0,0,20,0
1962,606,Jack Spring,/players/s/sprinja01.shtml,sprinja01,29,LAA,5,57,0,57,57,57,0,0,0,0,0,0,0,0,0,0,0
1962,607,Bill Stafford,/players/s/staffbi01.shtml,staffbi01,23,NYY,3,35,33,35,35,35,0,0,0,0,0,0,0,0,0,0,0
1962,608,Tracy Stallard,/players/s/stalltr01.shtml,stalltr01,24,BOS,3,1,0,1,1,1,0,0,0,0,0,0,0,0,0,0,0
1962,609,Lee Stange,/players/s/stangle01.shtml,stangle01,25,MIN,2,44,6,44,44,44,0,0,0,0,0,0,0,0,0,0,0
1962,610,Willie Stargell,/players/s/stargwi01.shtml,stargwi01,22,PIT,1st,10,7,10,9,0,0,0,0,0,0,2,1,6,9,3,0
1962,611,Morrie Steevens,/players/s/steevmo01.shtml,steevmo01,21,CHC,1st,12,1,12,12,12,0,0,0,0,0,0,0,0,0,0,0
1962,612,Dave Stenhouse,/players/s/stenhda01.shtml,stenhda01,28,WSA,1st,34,26,34,34,34,0,0,0,0,0,0,0,0,0,0,0
1962,613,Gene Stephens,/players/s/stephge01.shtml,stephge01,29,KCA,10,5,0,5,0,0,0,0,0,0,0,0,0,0,0,5,0
1962,614,Dick Stigman,/players/s/stigmdi01.shtml,stigmdi01,26,MIN,3,40,15,40,40,40,0,0,0,0,0,0,0,0,0,0,0
1962,615,Ron Stillwell,/players/s/stillro01.shtml,stillro01,22,WSA,2,6,6,6,6,0,0,0,6,0,1,0,0,0,0,0,0
1962,616,Wes Stock,/players/s/stockwe01.shtml,stockwe01,28,BAL,4,53,0,53,53,53,0,0,0,0,0,0,0,0,0,0,0
1962,617,Dean Stone,/players/s/stonede01.shtml,stonede01,31,2TM,7,42,7,42,42,42,0,0,0,0,0,0,0,0,0,0,0
1962,618,Dick Stuart,/players/s/stuardi01.shtml,stuardi01,29,PIT,5,114,100,114,101,0,0,101,0,0,0,0,0,0,0,14,0
1962,619,Tom Sturdivant,/players/s/sturdto01.shtml,sturdto01,32,PIT,8,49,12,49,49,49,0,0,0,0,0,0,0,0,0,0,0
1962,620,Frank Sullivan,/players/s/sullifr01.shtml,sullifr01,32,2TM,10,40,0,40,40,40,0,0,0,0,0,0,0,0,0,0,0
1962,621,Haywood Sullivan,/players/s/sulliha02.shtml,sulliha02,31,KCA,6,95,80,95,94,0,94,1,0,0,0,0,0,0,0,2,0
1962,622,Chuck Tanner,/players/t/tannech01.shtml,tannech01,33,LAA,8,7,0,7,2,0,0,0,0,0,0,1,0,1,2,6,0
1962,623,El Tappe,/players/t/tappeel01.shtml,tappeel01,35,CHC,6,26,21,26,26,0,26,0,0,0,0,0,0,0,0,0,0
1962,624,Jose Tartabull,/players/t/tartajo01.shtml,tartajo01,23,KCA,1st,107,67,107,85,0,0,0,0,0,0,0,85,0,85,21,11
1962,625,Willie Tasby,/players/t/tasbywi01.shtml,tasbywi01,29,2TM,5,86,54,86,76,0,0,0,0,1,0,19,60,11,76,19,5
1962,626,Don Taussig,/players/t/taussdo01.shtml,taussdo01,30,HOU,3,16,3,16,4,0,0,0,0,0,0,4,0,1,4,13,0
1962,627,Hawk Taylor,/players/t/tayloha04.shtml,tayloha04,23,MLN,4,20,11,20,11,0,0,0,0,0,0,7,0,4,11,8,1
1962,628,Ron Taylor,/players/t/tayloro01.shtml,tayloro01,24,CLE,1st,8,4,8,8,8,0,0,0,0,0,0,0,0,0,0,0
1962,629,Sammy Taylor,/players/t/taylosa02.shtml,taylosa02,29,2TM,5,75,46,75,55,0,55,0,0,0,0,0,0,0,0,22,0
1962,630,Tony Taylor,/players/t/tayloto02.shtml,tayloto02,26,PHI,5,152,150,152,150,0,0,0,150,0,2,0,0,0,0,2,0
1962,631,Johnny Temple,/players/t/templjo01.shtml,templjo01,34,2TM,11,109,95,109,97,0,0,0,97,1,0,0,0,0,0,14,0
1962,632,Ralph Terry,/players/t/terryra01.shtml,terryra01,26,NYY,7,43,39,43,43,43,0,0,0,0,0,0,0,0,0,0,0
1962,633,Moe Thacker,/players/t/thackmo01.shtml,thackmo01,28,CHC,4,65,35,65,65,0,65,0,0,0,0,0,0,0,0,1,0
1962,634,Frank Thomas,/players/t/thomafr03.shtml,thomafr03,33,NYM,12,156,145,156,145,0,0,11,0,10,0,126,0,0,126,11,0
1962,635,George Thomas,/players/t/thomage01.shtml,thomage01,24,LAA,4,56,47,56,51,0,0,0,0,0,0,3,8,45,51,6,0
1962,636,Lee Thomas,/players/t/thomale03.shtml,thomale03,26,LAA,2,160,146,160,158,0,0,90,0,0,0,17,18,42,74,3,3
1962,637,Marv Throneberry,/players/t/thronma01.shtml,thronma01,28,2TM,6,125,91,125,99,0,0,97,0,0,0,0,0,2,2,32,0
1962,638,Bobby Tiefenauer,/players/t/tiefebo01.shtml,tiefebo01,32,HOU,5,43,0,43,43,43,0,0,0,0,0,0,0,0,0,0,0
1962,639,Verle Tiefenthaler,/players/t/tiefeve01.shtml,tiefeve01,24,CHW,1st,3,0,3,3,3,0,0,0,0,0,0,0,0,0,0,0
1962,640,Bob Tillman,/players/t/tillmbo01.shtml,tillmbo01,25,BOS,1st,81,58,81,66,0,66,0,0,0,0,0,0,0,0,17,0
1962,641,Rupe Toppin,/players/t/toppiru01.shtml,toppiru01,20,KCA,1st,2,0,2,2,2,0,0,0,0,0,0,0,0,0,0,0
1962,642,Frank Torre,/players/t/torrefr01.shtml,torrefr01,30,PHI,6,108,35,108,76,0,0,76,0,0,0,0,0,0,0,37,0
1962,643,Joe Torre,/players/t/torrejo01.shtml,torrejo01,21,MLN,3,80,61,80,63,0,63,0,0,0,0,0,0,0,0,19,0
1962,644,Felix Torres,/players/t/torrefe01.shtml,torrefe01,30,LAA,1st,127,118,127,123,0,0,0,0,123,0,0,0,0,0,6,0
1962,645,Paul Toth,/players/t/tothpa01.shtml,tothpa01,27,2TM,1st,12,5,12,12,12,0,0,0,0,0,0,0,0,0,0,0
1962,646,Dick Tracewski,/players/t/tracedi01.shtml,tracedi01,27,LAD,1st,14,0,14,3,0,0,0,0,0,3,0,0,0,0,3,9
1962,647,Tom Tresh,/players/t/treshto01.shtml,treshto01,23,NYY,2,157,154,157,154,0,0,0,0,0,111,43,0,0,43,3,0
1962,648,Gus Triandos,/players/t/triangu01.shtml,triangu01,31,BAL,10,66,61,66,63,0,63,0,0,0,0,0,0,0,0,4,0
1962,649,John Tsitouris,/players/t/tsitojo01.shtml,tsitojo01,26,CIN,5,4,2,4,4,4,0,0,0,0,0,0,0,0,0,0,0
1962,650,Bob Turley,/players/t/turlebo01.shtml,turlebo01,31,NYY,11,24,8,24,24,24,0,0,0,0,0,0,0,0,0,0,0
1962,651,Bill Tuttle,/players/t/tuttlbi01.shtml,tuttlbi01,32,MIN,10,110,27,110,105,0,0,0,0,0,0,0,94,16,105,8,1
1962,652,Dave Tyriver,/players/t/tyrivda01.shtml,tyrivda01,24,CLE,1st,4,0,4,4,4,0,0,0,0,0,0,0,0,0,0,0
1962,653,Bob Uecker,/players/u/ueckebo01.shtml,ueckebo01,27,MLN,1st,33,13,33,24,0,24,0,0,0,0,0,0,0,0,9,4
1962,654,Jim Umbricht,/players/u/umbriji01.shtml,umbriji01,31,HOU,4,34,0,34,34,34,0,0,0,0,0,0,0,0,0,0,0
1962,655,Coot Veal,/players/v/vealco01.shtml,vealco01,29,PIT,5,1,0,1,0,0,0,0,0,0,0,0,0,0,0,1,0
1962,656,Bob Veale,/players/v/vealebo01.shtml,vealebo01,26,PIT,1st,11,6,11,11,11,0,0,0,0,0,0,0,0,0,0,0
1962,657,Zoilo Versalles,/players/v/versazo01.shtml,versazo01,22,MIN,4,160,157,160,160,0,0,0,0,0,160,0,0,0,0,0,1
1962,658,Bill Virdon,/players/v/virdobi01.shtml,virdobi01,31,PIT,8,156,156,156,156,0,0,0,0,0,0,0,156,0,156,0,0
1962,659,Ozzie Virgil,/players/v/virgioz01.shtml,virgioz01,30,BAL,6,1,0,1,0,0,0,0,0,0,0,0,0,0,0,1,0
1962,660,Leon Wagner,/players/w/wagnele01.shtml,wagnele01,28,LAA,5,160,154,160,156,0,0,0,0,0,0,102,0,63,156,5,0
1962,661,Jerry Walker,/players/w/walkeje01.shtml,walkeje01,23,KCA,6,36,21,36,31,31,0,0,0,0,0,0,0,0,0,3,2
1962,662,Lee Walls,/players/w/wallsle01.shtml,wallsle01,29,LAD,8,60,23,60,32,0,0,11,0,4,0,15,0,3,17,31,2
1962,663,Pete Ward,/players/w/wardpe01.shtml,wardpe01,24,BAL,1st,8,6,8,6,0,0,0,0,0,0,2,0,4,6,2,0
1962,664,Jack Warner,/players/w/warneja02.shtml,warneja02,21,CHC,1st,7,0,7,7,7,0,0,0,0,0,0,0,0,0,0,0
1962,665,Carl Warwick,/players/w/warwica01.shtml,warwica01,25,2TM,2,143,125,143,138,0,0,0,0,0,0,18,117,16,138,15,3
1962,666,Ray Washburn,/players/w/washbra01.shtml,washbra01,24,STL,2,34,25,34,34,34,0,0,0,0,0,0,0,0,0,0,0
1962,667,Floyd Weaver,/players/w/weavefl01.shtml,weavefl01,21,CLE,1st,1,1,1,1,1,0,0,0,0,0,0,0,0,0,0,0
1962,668,John Weekly,/players/w/weekljo01.shtml,weekljo01,25,HOU,1st,13,5,13,7,0,0,0,0,0,0,4,0,4,7,7,0
1962,669,Al Weis,/players/w/weisal01.shtml,weisal01,24,CHW,1st,7,4,7,5,0,0,0,1,1,4,0,0,0,0,0,2
1962,670,Vic Wertz,/players/w/wertzvi01.shtml,wertzvi01,37,DET,16,74,14,74,16,0,0,16,0,0,0,0,0,0,0,59,0
1962,671,Bill White,/players/w/whitebi03.shtml,whitebi03,28,STL,6,159,157,159,158,0,0,146,0,0,0,8,0,19,27,1,0
1962,672,Elder White,/players/w/whiteel02.shtml,whiteel02,28,CHC,1st,23,14,23,16,0,0,0,1,0,15,0,0,0,0,6,2
1962,673,Sammy White,/players/w/whitesa02.shtml,whitesa02,34,PHI,11,41,31,41,40,0,40,0,0,0,0,0,0,0,0,2,1
1962,674,Fred Whitfield,/players/w/whitffr01.shtml,whitffr01,24,STL,1st,73,30,73,38,0,0,38,0,0,0,0,0,0,0,37,0
1962,675,Dave Wickersham,/players/w/wickeda01.shtml,wickeda01,26,KCA,3,30,9,30,30,30,0,0,0,0,0,0,0,0,0,0,0
1962,676,Hoyt Wilhelm,/players/w/wilheho01.shtml,wilheho01,39,BAL,11,52,0,52,52,52,0,0,0,0,0,0,0,0,0,0,0
1962,677,Bob Will,/players/w/willbo01.shtml,willbo01,30,CHC,5,87,6,87,9,0,0,0,0,0,0,0,0,9,9,79,1
1962,678,Carl Willey,/players/w/willeca01.shtml,willeca01,31,MLN,5,30,6,30,30,30,0,0,0,0,0,0,0,0,0,0,0
1962,679,Billy Williams,/players/w/willibi01.shtml,willibi01,24,CHC,4,159,159,159,159,0,0,0,0,0,0,159,0,0,159,0,0
1962,680,Dick Williams,/players/w/willidi02.shtml,willidi02,33,BAL,11,82,37,82,53,0,0,21,0,4,0,21,0,9,29,37,2
1962,681,Don Williams,/players/w/willido01.shtml,willido01,30,KCA,3,3,0,3,3,3,0,0,0,0,0,0,0,0,0,0,0
1962,682,George Williams,/players/w/willige01.shtml,willige01,22,HOU,2,5,0,5,3,0,0,0,3,0,0,0,0,0,0,2,1
1962,683,Stan Williams,/players/w/willist02.shtml,willist02,25,LAD,5,40,28,40,40,40,0,0,0,0,0,0,0,0,0,0,0
1962,684,Maury Wills,/players/w/willsma01.shtml,willsma01,29,LAD,4,165,164,165,165,0,0,0,0,0,165,0,0,0,0,0,0
1962,685,Ted Wills,/players/w/willste01.shtml,willste01,28,2TM,4,27,5,27,27,27,0,0,0,0,0,0,0,0,0,0,0
1962,686,Earl Wilson,/players/w/wilsoea01.shtml,wilsoea01,27,BOS,3,35,28,35,31,31,0,0,0,0,0,0,0,0,0,0,4
1962,687,Gordie Windhorn,/players/w/windhgo01.shtml,windhgo01,28,2TM,3,54,10,54,34,0,0,0,0,0,0,29,3,5,34,16,14
1962,688,Bobby Wine,/players/w/winebo01.shtml,winebo01,23,PHI,2,112,95,112,107,0,0,0,0,22,87,0,0,0,0,2,5
1962,689,Red Witt,/players/w/wittge01.shtml,wittge01,30,2TM,6,13,4,13,13,13,0,0,0,0,0,0,0,0,0,0,0
1962,690,John Wojcik,/players/w/wojcijo01.shtml,wojcijo01,20,KCA,1st,16,12,16,12,0,0,0,0,0,0,10,0,5,12,4,0
1962,691,Jake Wood,/players/w/woodja01.shtml,woodja01,25,DET,2,111,85,111,90,0,0,0,90,0,0,0,0,0,0,12,13
1962,692,Wilbur Wood,/players/w/woodwi01.shtml,woodwi01,20,BOS,2,1,1,1,1,1,0,0,0,0,0,0,0,0,0,0,0
1962,693,Hal Woodeshick,/players/w/woodeha01.shtml,woodeha01,29,HOU,6,31,26,31,31,31,0,0,0,0,0,0,0,0,0,0,0
1962,694,Gene Woodling,/players/w/woodlge01.shtml,woodlge01,39,2TM,17,125,70,125,78,0,0,0,0,0,0,30,0,48,78,53,0
1962,695,John Wyatt,/players/w/wyattjo02.shtml,wyattjo02,27,KCA,2,59,9,59,59,59,0,0,0,0,0,0,0,0,0,0,0
1962,696,Early Wynn,/players/w/wynnea01.shtml,wynnea01,42,CHW,22,27,26,27,27,27,0,0,0,0,0,0,0,0,0,0,0
1962,697,Carl Yastrzemski,/players/y/yastrca01.shtml,yastrca01,22,BOS,2,160,160,160,160,0,0,0,0,0,0,160,0,0,160,0,0
1962,698,Eddie Yost,/players/y/yosted01.shtml,yosted01,35,LAA,18,52,29,52,33,0,0,7,0,28,0,0,0,0,0,20,0
1962,699,Dom Zanni,/players/z/zannido01.shtml,zannido01,30,CHW,4,44,2,44,44,44,0,0,0,0,0,0,0,0,0,0,0
1962,700,Don Zimmer,/players/z/zimmedo01.shtml,zimmedo01,31,2TM,9,77,61,77,71,0,0,0,18,56,1,0,0,0,0,10,1
1962,701,Jerry Zimmerman,/players/z/zimmeje01.shtml,zimmeje01,27,MIN,2,34,15,34,34,0,34,0,0,0,0,0,0,0,0,1,0
1962,702,Bud Zipfel,/players/z/zipfebu01.shtml,zipfebu01,23,WSA,2,68,41,68,49,0,0,26,0,0,0,23,0,0,23,22,3
