1973,1,Hank Aaron,/players/a/aaronha01.shtml,aaronha01,39,ATL,20,120,105,120,105,0,0,0,0,0,0,87,0,18,105,0,15,0
1973,2,Glenn Abbott,/players/a/abbotgl01.shtml,abbotgl01,22,OAK,1st,5,3,0,5,5,0,0,0,0,0,0,0,0,0,0,0,0
1973,3,Cy Acosta,/players/a/acostcy01.shtml,acostcy01,26,CHW,2,48,0,1,48,48,0,0,0,0,0,0,0,0,0,0,0,0
1973,4,Mike Adams,/players/a/adamsmi02.shtml,adamsmi02,24,MIN,2,55,22,55,24,0,0,0,0,0,0,23,1,0,24,16,2,29
1973,5,Tommie Agee,/players/a/ageeto01.shtml,ageeto01,30,2TM,12,110,54,110,87,0,0,0,0,0,0,34,37,19,87,0,24,17
1973,6,Jack Aker,/players/a/akerja01.shtml,akerja01,32,CHC,10,47,0,47,47,47,0,0,0,0,0,0,0,0,0,0,0,0
1973,7,Vic Albury,/players/a/alburvi01.shtml,alburvi01,26,MIN,1st,14,0,0,14,14,0,0,0,0,0,0,0,0,0,0,0,0
1973,8,Doyle Alexander,/players/a/alexado01.shtml,alexado01,22,BAL,3,29,26,0,29,29,0,0,0,0,0,0,0,0,0,0,0,0
1973,9,Matt Alexander,/players/a/alexama01.shtml,alexama01,26,CHC,1st,12,2,12,3,0,0,0,0,0,0,0,3,0,3,0,1,9
1973,10,Bernie Allen,/players/a/allenbe01.shtml,allenbe01,34,2TM,12,33,28,33,28,0,0,0,22,8,0,0,0,0,0,2,4,0
1973,11,Dick Allen,/players/a/allendi01.shtml,allendi01,31,CHW,11,72,68,72,68,0,0,68,2,0,0,0,0,0,0,1,4,0
1973,12,Hank Allen,/players/a/allenha02.shtml,allenha02,32,CHW,7,28,8,28,23,0,1,8,1,9,0,4,0,1,5,1,6,3
1973,13,Lloyd Allen,/players/a/allenll01.shtml,allenll01,23,2TM,5,28,5,0,28,28,0,0,0,0,0,0,0,0,0,0,0,0
1973,14,Gene Alley,/players/a/alleyge01.shtml,alleyge01,32,PIT,11,76,43,76,57,0,0,0,0,9,48,0,0,0,0,0,13,8
1973,15,Sandy Alomar,/players/a/alomasa01.shtml,alomasa01,29,CAL,10,136,127,136,135,0,0,0,111,0,32,0,0,0,0,0,0,2
1973,16,Felipe Alou,/players/a/aloufe01.shtml,aloufe01,38,2TM,16,112,78,112,104,0,0,68,0,0,0,16,4,23,40,1,25,3
1973,17,Jesus Alou,/players/a/alouje01.shtml,alouje01,31,2TM,11,64,32,64,35,0,0,0,0,0,0,19,0,17,36,6,28,1
1973,18,Matty Alou,/players/a/alouma01.shtml,alouma01,34,2TM,14,134,123,134,124,0,0,40,0,0,0,0,1,87,88,1,11,0
1973,19,Luis Alvarado,/players/a/alvarlu01.shtml,alvarlu01,24,CHW,6,80,50,80,71,0,0,0,46,10,18,0,0,0,0,1,8,9
1973,20,Orlando Alvarez,/players/a/alvaror01.shtml,alvaror01,21,LAD,1st,4,0,4,0,0,0,0,0,0,0,0,0,0,0,0,4,0
1973,21,Dwain Anderson,/players/a/anderdw01.shtml,anderdw01,25,2TM,3,71,28,71,51,0,0,0,0,7,42,0,2,0,2,0,18,10
1973,22,Mike Anderson,/players/a/andermi01.shtml,andermi01,22,PHI,3,87,44,87,68,0,0,0,0,0,0,0,12,58,68,0,28,4
1973,23,John Andrews,/players/a/andrejo02.shtml,andrejo02,24,STL,1st,16,0,16,16,16,0,0,0,0,0,0,0,0,0,0,0,0
1973,24,Mike Andrews,/players/a/andremi01.shtml,andremi01,29,2TM,8,70,45,70,26,0,0,9,14,5,0,0,0,0,0,34,22,1
1973,25,Norm Angelini,/players/a/angelno01.shtml,angelno01,25,KCR,2,7,0,1,7,7,0,0,0,0,0,0,0,0,0,0,0,0
1973,26,Luis Aparicio,/players/a/aparilu01.shtml,aparilu01,39,BOS,18,132,129,132,132,0,0,0,0,0,132,0,0,0,0,0,0,0
1973,27,Bob Apodaca,/players/a/apodabo01.shtml,apodabo01,23,NYM,1st,1,0,1,1,1,0,0,0,0,0,0,0,0,0,0,0,0
1973,28,Steve Arlin,/players/a/arlinst01.shtml,arlinst01,27,SDP,5,34,27,34,34,34,0,0,0,0,0,0,0,0,0,0,0,0
1973,29,Ed Armbrister,/players/a/armbred01.shtml,armbred01,24,CIN,1st,18,7,18,14,0,0,0,0,0,0,3,6,8,14,0,8,2
1973,30,Chris Arnold,/players/a/arnolch01.shtml,arnolch01,25,SFG,3,49,4,49,11,0,9,0,1,1,0,0,0,0,0,0,42,0
1973,31,Alan Ashby,/players/a/ashbyal01.shtml,ashbyal01,21,CLE,1st,11,8,11,11,0,11,0,0,0,0,0,0,0,0,0,0,0
1973,32,Rick Auerbach,/players/a/auerbri01.shtml,auerbri01,23,MIL,3,6,2,6,3,0,0,0,0,0,3,0,0,0,0,0,1,3
1973,33,Dave Augustine,/players/a/augusda01.shtml,augusda01,23,PIT,1st,11,0,11,9,0,0,0,0,0,0,4,4,1,9,0,1,7
1973,34,Stan Bahnsen,/players/b/bahnsst01.shtml,bahnsst01,28,CHW,7,42,42,1,42,42,0,0,0,0,0,0,0,0,0,0,0,0
1973,35,Bob Bailey,/players/b/bailebo01.shtml,bailebo01,30,MON,12,151,141,151,145,0,0,0,0,145,0,2,0,0,2,0,9,0
1973,36,Dusty Baker,/players/b/bakerdu01.shtml,bakerdu01,24,ATL,6,159,155,159,156,0,0,0,0,0,0,0,156,0,156,0,4,0
1973,37,Frank Baker,/players/b/bakerfr03.shtml,bakerfr03,26,BAL,3,44,17,44,40,0,0,1,7,1,32,0,0,0,0,0,2,8
1973,38,Dave Baldwin,/players/b/baldwda01.shtml,baldwda01,35,CHW,6,3,0,0,3,3,0,0,0,0,0,0,0,0,0,0,0,0
1973,39,Sal Bando,/players/b/bandosa01.shtml,bandosa01,29,OAK,8,162,162,162,159,0,0,0,0,159,0,0,0,0,0,3,0,0
1973,40,Eddie Bane,/players/b/baneed01.shtml,baneed01,21,MIN,1st,23,6,0,23,23,0,0,0,0,0,0,0,0,0,0,0,0
1973,41,Dick Baney,/players/b/baneydi01.shtml,baneydi01,26,CIN,2,11,1,11,11,11,0,0,0,0,0,0,0,0,0,0,0,0
1973,42,Steve Barber,/players/b/barbest01.shtml,barbest01,35,CAL,14,50,1,0,50,50,0,0,0,0,0,0,0,0,0,0,0,0
1973,43,Lute Barnes,/players/b/barnelu01.shtml,barnelu01,26,NYM,2,3,0,3,0,0,0,0,0,0,0,0,0,0,0,0,2,1
1973,44,Jim Barr,/players/b/barrji01.shtml,barrji01,25,SFG,3,41,33,41,41,41,0,0,0,0,0,0,0,0,0,0,0,0
1973,45,Bob Barton,/players/b/bartobo01.shtml,bartobo01,31,CIN,9,3,0,3,2,0,2,0,0,0,0,0,0,0,0,0,1,0
1973,46,Rafael Batista,/players/b/batisra01.shtml,batisra01,27,HOU,1st,12,1,12,8,0,0,8,0,0,0,0,0,0,0,0,5,1
1973,47,Don Baylor,/players/b/baylodo01.shtml,baylodo01,24,BAL,4,118,102,118,114,0,0,6,0,0,0,109,0,2,111,1,14,0
1973,48,Jim Beauchamp,/players/b/beaucji01.shtml,beaucji01,33,NYM,10,50,7,50,11,0,0,11,0,0,0,0,0,0,0,0,41,0
1973,49,Glenn Beckert,/players/b/beckegl01.shtml,beckegl01,32,CHC,9,114,86,114,88,0,0,0,88,0,0,0,0,0,0,0,28,0
1973,50,Fred Beene,/players/b/beenefr01.shtml,beenefr01,30,NYY,5,19,4,0,19,19,0,0,0,0,0,0,0,0,0,0,0,0
1973,51,Mark Belanger,/players/b/belanma01.shtml,belanma01,29,BAL,9,154,145,154,154,0,0,0,0,0,154,0,0,0,0,0,1,1
1973,52,Buddy Bell,/players/b/bellbu01.shtml,bellbu01,21,CLE,2,156,154,156,156,0,0,0,0,154,0,0,1,1,2,0,2,0
1973,53,Jerry Bell,/players/b/bellje01.shtml,bellje01,25,MIL,3,31,25,0,31,31,0,0,0,0,0,0,0,0,0,0,0,0
1973,54,Johnny Bench,/players/b/benchjo01.shtml,benchjo01,25,CIN,7,152,150,152,150,0,134,4,0,1,0,0,0,23,23,0,2,0
1973,55,Ken Berry,/players/b/berryke01.shtml,berryke01,32,CAL,12,137,106,137,130,0,0,0,0,0,0,16,110,4,130,0,4,9
1973,56,Kurt Bevacqua,/players/b/bevacku01.shtml,bevacku01,26,KCR,3,99,66,99,71,0,0,9,16,39,0,5,0,5,10,18,23,3
1973,57,Jim Bibby,/players/b/bibbyji01.shtml,bibbyji01,28,2TM,2,33,26,7,32,32,0,0,0,0,0,0,0,0,0,1,0,1
1973,58,Larry Biittner,/players/b/biittla01.shtml,biittla01,27,TEX,4,83,68,83,76,0,0,20,0,0,0,21,1,39,61,3,8,0
1973,59,Jack Billingham,/players/b/billija01.shtml,billija01,30,CIN,6,40,40,40,40,40,0,0,0,0,0,0,0,0,0,0,0,0
1973,60,Dick Billings,/players/b/billidi01.shtml,billidi01,30,TEX,6,81,75,81,78,0,72,3,0,0,0,3,0,1,4,2,5,0
1973,61,Doug Bird,/players/b/birddo01.shtml,birddo01,23,KCR,1st,54,0,1,54,54,0,0,0,0,0,0,0,0,0,0,0,0
1973,62,Paul Blair,/players/b/blairpa01.shtml,blairpa01,29,BAL,10,146,123,146,144,0,0,0,0,0,0,0,144,0,144,0,13,1
1973,63,Damaso Blanco,/players/b/blancda01.shtml,blancda01,31,SFG,2,28,0,28,14,0,0,0,2,7,5,0,0,0,0,0,6,13
1973,64,Larvell Blanks,/players/b/blankla01.shtml,blankla01,23,ATL,2,17,1,17,6,0,0,0,2,3,2,0,0,0,0,0,11,2
1973,65,Steve Blass,/players/b/blassst01.shtml,blassst01,31,PIT,9,24,18,24,23,23,0,0,0,0,0,0,0,0,0,0,0,1
1973,66,Ron Blomberg,/players/b/blombro01.shtml,blombro01,24,NYY,4,100,86,100,40,0,0,40,0,0,0,0,0,0,0,56,14,0
1973,67,Vida Blue,/players/b/bluevi01.shtml,bluevi01,23,OAK,5,38,37,2,37,37,0,0,0,0,0,0,0,0,0,0,1,0
1973,68,Bert Blyleven,/players/b/blylebe01.shtml,blylebe01,22,MIN,4,40,40,0,40,40,0,0,0,0,0,0,0,0,0,0,0,0
1973,69,John Boccabella,/players/b/boccajo01.shtml,boccajo01,32,MON,11,118,106,118,117,0,117,1,0,0,0,0,0,0,0,0,1,0
1973,70,Bobby Bolin,/players/b/bolinbo01.shtml,bolinbo01,34,BOS,13,39,0,0,39,39,0,0,0,0,0,0,0,0,0,0,0,0
1973,71,Bobby Bonds,/players/b/bondsbo01.shtml,bondsbo01,27,SFG,6,160,157,160,158,0,0,0,0,0,0,0,2,157,158,0,3,0
1973,72,Bill Bonham,/players/b/bonhabi01.shtml,bonhabi01,24,CHC,3,44,15,44,44,44,0,0,0,0,0,0,0,0,0,0,0,0
1973,73,Bob Boone,/players/b/boonebo01.shtml,boonebo01,25,PHI,2,145,141,145,145,0,145,0,0,0,0,0,0,0,0,0,1,0
1973,74,Pedro Borbon,/players/b/borbope01.shtml,borbope01,26,CIN,5,80,0,80,80,80,0,0,0,0,0,0,0,0,0,0,0,0
1973,75,Glenn Borgmann,/players/b/borgmgl01.shtml,borgmgl01,23,MIN,2,12,12,12,12,0,12,0,0,0,0,0,0,0,0,0,0,0
1973,76,Dick Bosman,/players/b/bosmadi01.shtml,bosmadi01,29,2TM,8,29,24,0,29,29,0,0,0,0,0,0,0,0,0,0,0,0
1973,77,Ken Boswell,/players/b/bosweke01.shtml,bosweke01,27,NYM,7,76,14,76,20,0,0,0,3,17,0,0,0,0,0,0,60,0
1973,78,Pat Bourque,/players/b/bourqpa01.shtml,bourqpa01,26,2TM,3,80,47,80,42,0,0,42,0,0,0,0,0,0,0,15,28,0
1973,79,Larry Bowa,/players/b/bowala01.shtml,bowala01,27,PHI,4,122,118,122,122,0,0,0,0,0,122,0,0,0,0,0,1,1
1973,80,Buddy Bradford,/players/b/bradfbu01.shtml,bradfbu01,28,CHW,8,53,45,53,51,0,0,0,0,0,0,1,48,2,51,0,5,2
1973,81,Tom Bradley,/players/b/bradlto01.shtml,bradlto01,26,SFG,5,35,34,35,35,35,0,0,0,0,0,0,0,0,0,0,0,0
1973,82,Bucky Brandon,/players/b/brandbu01.shtml,brandbu01,32,PHI,7,36,0,36,36,36,0,0,0,0,0,0,0,0,0,0,0,2
1973,83,Steve Braun,/players/b/braunst01.shtml,braunst01,25,MIN,3,115,104,115,108,0,0,0,0,101,0,7,0,0,7,1,10,0
1973,84,Hal Breeden,/players/b/breedha01.shtml,breedha01,29,MON,3,106,56,106,66,0,0,66,0,0,0,0,0,0,0,0,48,0
1973,85,George Brett,/players/b/brettge01.shtml,brettge01,20,KCR,1st,13,9,13,13,0,0,0,0,13,0,0,0,0,0,0,0,1
1973,86,Ken Brett,/players/b/brettke01.shtml,brettke01,24,PHI,6,37,25,37,31,31,0,0,0,0,0,0,0,0,0,0,2,4
1973,87,Jim Brewer,/players/b/breweji01.shtml,breweji01,35,LAD,14,56,0,56,56,56,0,0,0,0,0,0,0,0,0,0,0,0
1973,88,John Briggs,/players/b/briggjo02.shtml,briggjo02,29,MIL,10,142,136,142,137,0,0,0,0,0,0,137,0,1,138,1,5,1
1973,89,Nelson Briles,/players/b/brilene01.shtml,brilene01,29,PIT,9,33,33,33,33,33,0,0,0,0,0,0,0,0,0,0,0,0
1973,90,Chuck Brinkman,/players/b/brinkch01.shtml,brinkch01,28,CHW,5,63,48,63,63,0,63,0,0,0,0,0,0,0,0,0,0,0
1973,91,Ed Brinkman,/players/b/brinked01.shtml,brinked01,31,DET,13,162,159,162,162,0,0,0,0,0,162,0,0,0,0,0,0,0
1973,92,Pete Broberg,/players/b/brobepe01.shtml,brobepe01,23,TEX,3,23,20,1,22,22,0,0,0,0,0,0,0,0,0,0,0,1
1973,93,Lou Brock,/players/b/brocklo01.shtml,brocklo01,34,STL,13,160,156,160,159,0,0,0,0,0,0,159,0,0,159,0,2,1
1973,94,Jack Brohamer,/players/b/brohaja01.shtml,brohaja01,23,CLE,2,102,87,102,98,0,0,0,98,0,0,0,0,0,0,0,12,0
1973,95,Bobby Brooks,/players/b/brookbo01.shtml,brookbo01,27,CAL,4,4,1,4,1,0,0,0,0,0,0,1,0,0,1,0,3,0
1973,96,Curtis Brown,/players/b/browncu02.shtml,browncu02,27,MON,1st,1,1,1,1,0,0,0,0,0,0,1,0,0,1,0,0,0
1973,97,Gates Brown,/players/b/brownga01.shtml,brownga01,34,DET,11,125,103,125,1,0,0,0,0,0,0,1,0,0,1,118,22,0
1973,98,Ike Brown,/players/b/brownik01.shtml,brownik01,31,DET,5,42,22,42,35,0,0,21,0,2,0,12,0,0,12,2,13,1
1973,99,Jackie Brown,/players/b/brownja01.shtml,brownja01,30,TEX,3,25,3,0,25,25,0,0,0,0,0,0,0,0,0,0,0,0
1973,100,Larry Brown,/players/b/brownla01.shtml,brownla01,33,BAL,11,17,7,17,15,0,0,0,1,15,0,0,0,0,0,0,3,1
1973,101,Ollie Brown,/players/b/brownol02.shtml,brownol02,29,MIL,9,97,76,97,4,0,0,0,0,0,0,0,0,4,4,82,19,0
1973,102,Oscar Brown,/players/b/brownos01.shtml,brownos01,27,ATL,5,22,12,22,13,0,0,0,0,0,0,5,3,5,13,0,9,0
1973,103,Ron Bryant,/players/b/bryanro01.shtml,bryanro01,25,SFG,6,42,39,42,41,41,0,0,0,0,0,0,0,0,0,0,0,1
1973,104,Steve Brye,/players/b/bryest01.shtml,bryest01,24,MIN,4,92,74,92,87,0,0,0,0,0,0,13,73,2,88,3,2,6
1973,105,Bill Buckner,/players/b/bucknbi01.shtml,bucknbi01,23,LAD,5,140,131,140,136,0,0,93,0,0,0,36,0,15,50,0,9,0
1973,106,Al Bumbry,/players/b/bumbral01.shtml,bumbral01,26,BAL,2,110,89,110,86,0,0,0,0,0,0,63,1,29,93,8,9,12
1973,107,Tom Burgmeier,/players/b/burgmto01.shtml,burgmto01,29,KCR,6,6,0,0,6,6,0,0,0,0,0,0,0,0,0,0,0,0
1973,108,Ray Burris,/players/b/burrira01.shtml,burrira01,22,CHC,1st,31,1,31,31,31,0,0,0,0,0,0,0,0,0,0,0,0
1973,109,Jeff Burroughs,/players/b/burroje01.shtml,burroje01,22,TEX,4,151,145,151,149,0,0,3,0,0,0,45,0,105,150,1,5,0
1973,110,Steve Busby,/players/b/busbyst01.shtml,busbyst01,23,KCR,2,37,37,1,37,37,0,0,0,0,0,0,0,0,0,0,0,0
1973,111,Tom Buskey,/players/b/busketo01.shtml,busketo01,26,NYY,1st,8,0,0,8,8,0,0,0,0,0,0,0,0,0,0,0,0
1973,112,Ray Busse,/players/b/bussera01.shtml,bussera01,24,2TM,2,39,22,39,31,0,0,0,0,3,28,0,0,0,0,0,7,2
1973,113,Enos Cabell,/players/c/cabelen01.shtml,cabelen01,23,BAL,2,32,9,32,24,0,0,23,0,1,0,1,0,0,1,2,5,12
1973,114,Mike Caldwell,/players/c/caldwmi01.shtml,caldwmi01,24,SDP,3,56,13,56,55,55,0,0,0,0,0,0,0,0,0,0,0,1
1973,115,Johnny Callison,/players/c/callijo01.shtml,callijo01,34,NYY,16,45,37,45,32,0,0,0,0,0,0,0,0,32,32,10,7,0
1973,116,Bert Campaneris,/players/c/campabe01.shtml,campabe01,31,OAK,10,151,149,151,149,0,0,0,0,0,149,0,0,0,0,1,0,2
1973,117,Jim Campanis,/players/c/campaji01.shtml,campaji01,29,PIT,6,6,0,6,0,0,0,0,0,0,0,0,0,0,0,0,6,0
1973,118,Bill Campbell,/players/c/campbbi02.shtml,campbbi02,24,MIN,1st,28,2,0,28,28,0,0,0,0,0,0,0,0,0,0,0,0
1973,119,Dave Campbell,/players/c/campbda01.shtml,campbda01,31,3TM,7,55,32,55,45,0,0,5,33,7,0,1,0,0,1,0,11,0
1973,120,Chris Cannizzaro,/players/c/cannich01.shtml,cannich01,35,LAD,12,17,4,17,14,0,14,0,0,0,0,0,0,0,0,0,3,0
1973,121,Buzz Capra,/players/c/caprabu01.shtml,caprabu01,25,NYM,3,24,0,24,24,24,0,0,0,0,0,0,0,0,0,0,0,0
1973,122,Bernie Carbo,/players/c/carbobe01.shtml,carbobe01,25,STL,5,111,85,111,94,0,0,0,0,0,0,2,0,93,94,0,21,0
1973,123,Jose Cardenal,/players/c/cardejo02.shtml,cardejo02,29,CHC,11,145,142,145,142,0,0,0,0,0,0,1,2,142,142,0,3,0
1973,124,Leo Cardenas,/players/c/cardele01.shtml,cardele01,34,CLE,14,72,59,72,72,0,0,0,0,5,67,0,0,0,0,0,0,0
1973,125,Rod Carew,/players/c/carewro01.shtml,carewro01,27,MIN,7,149,142,149,147,0,0,0,147,0,0,0,0,0,0,0,6,1
1973,126,Steve Carlton,/players/c/carltst01.shtml,carltst01,28,PHI,9,40,40,40,40,40,0,0,0,0,0,0,0,0,0,0,0,0
1973,127,Don Carrithers,/players/c/carrido01.shtml,carrido01,23,SFG,4,28,3,28,25,25,0,0,0,0,0,0,0,0,0,0,0,3
1973,128,Clay Carroll,/players/c/carrocl02.shtml,carrocl02,32,CIN,10,53,5,53,53,53,0,0,0,0,0,0,0,0,0,0,0,0
1973,129,Rico Carty,/players/c/cartyri01.shtml,cartyri01,33,3TM,9,115,104,115,72,0,0,0,0,0,0,72,0,0,72,32,11,0
1973,130,Paul Casanova,/players/c/casanpa01.shtml,casanpa01,31,ATL,9,82,64,82,78,0,78,0,0,0,0,0,0,0,0,0,5,1
1973,131,Dave Cash,/players/c/cashda01.shtml,cashda01,25,PIT,5,116,101,116,108,0,0,0,92,17,0,0,0,0,0,0,13,0
1973,132,Norm Cash,/players/c/cashno01.shtml,cashno01,38,DET,16,121,105,121,114,0,0,114,0,0,0,0,0,0,0,3,13,0
1973,133,Ron Cash,/players/c/cashro01.shtml,cashro01,23,DET,1st,14,9,14,13,0,0,0,0,6,0,7,0,0,7,0,1,1
1973,134,Craig Caskey,/players/c/caskecr01.shtml,caskecr01,23,MON,1st,9,1,9,9,9,0,0,0,0,0,0,0,0,0,0,0,0
1973,135,Don Castle,/players/c/castldo01.shtml,castldo01,23,TEX,1st,4,3,4,0,0,0,0,0,0,0,0,0,0,0,3,1,0
1973,136,Danny Cater,/players/c/caterda01.shtml,caterda01,33,BOS,10,63,46,63,56,0,0,38,0,20,0,0,0,0,0,3,8,1
1973,137,Cesar Cedeno,/players/c/cedence01.shtml,cedence01,22,HOU,4,139,135,139,136,0,0,0,0,0,0,0,136,0,136,0,4,0
1973,138,Orlando Cepeda,/players/c/cepedor01.shtml,cepedor01,35,BOS,16,142,142,142,0,0,0,0,0,0,0,0,0,0,0,142,0,0
1973,139,Ron Cey,/players/c/ceyro01.shtml,ceyro01,25,LAD,3,152,142,152,147,0,0,0,0,147,0,0,0,0,0,0,8,0
1973,140,Dave Chalk,/players/c/chalkda01.shtml,chalkda01,22,CAL,1st,24,21,24,22,0,0,0,1,0,21,0,0,0,0,1,0,3
1973,141,Chris Chambliss,/players/c/chambch01.shtml,chambch01,24,CLE,3,155,151,155,154,0,0,154,0,0,0,0,0,0,0,0,1,0
1973,142,Bill Champion,/players/c/champbi01.shtml,champbi01,25,MIL,5,37,11,1,37,37,0,0,0,0,0,0,0,0,0,0,0,0
1973,143,Darrel Chaney,/players/c/chaneda01.shtml,chaneda01,25,CIN,5,105,73,105,98,0,0,0,14,12,75,0,0,0,0,0,4,12
1973,144,Dave Cheadle,/players/c/cheadda01.shtml,cheadda01,21,ATL,1st,2,0,2,2,2,0,0,0,0,0,0,0,0,0,0,0,0
1973,145,Rich Chiles,/players/c/chileri01.shtml,chileri01,23,NYM,3,8,7,8,8,0,0,0,0,0,0,0,8,0,8,0,0,0
1973,146,Larry Christenson,/players/c/chrisla01.shtml,chrisla01,19,PHI,1st,10,9,10,10,10,0,0,0,0,0,0,0,0,0,0,0,0
1973,147,Horace Clarke,/players/c/clarkho01.shtml,clarkho01,33,NYY,9,148,141,148,147,0,0,0,147,0,0,0,0,0,0,0,2,3
1973,148,Reggie Cleveland,/players/c/clevere01.shtml,clevere01,25,STL,5,32,32,32,32,32,0,0,0,0,0,0,0,0,0,0,0,0
1973,149,Gene Clines,/players/c/clinege01.shtml,clinege01,26,PIT,4,110,66,110,77,0,0,0,0,0,0,7,45,25,77,0,39,0
1973,150,Al Closter,/players/c/clostal01.shtml,clostal01,30,ATL,4,4,0,4,4,4,0,0,0,0,0,0,0,0,0,0,0,0
1973,151,David Clyde,/players/c/clydeda01.shtml,clydeda01,18,TEX,1st,18,18,0,18,18,0,0,0,0,0,0,0,0,0,0,0,0
1973,152,Rich Coggins,/players/c/coggiri01.shtml,coggiri01,22,BAL,2,110,94,110,102,0,0,0,0,0,0,0,41,78,119,1,9,2
1973,153,Nate Colbert,/players/c/colbena01.shtml,colbena01,27,SDP,7,145,144,145,144,0,0,144,0,0,0,0,0,0,0,0,1,0
1973,154,Jim Colborn,/players/c/colboji01.shtml,colboji01,27,MIL,5,43,36,0,43,43,0,0,0,0,0,0,0,0,0,0,0,0
1973,155,Joe Coleman,/players/c/colemjo05.shtml,colemjo05,26,DET,9,40,40,0,40,40,0,0,0,0,0,0,0,0,0,0,0,0
1973,156,Bob Coluccio,/players/c/colucbo01.shtml,colucbo01,21,MIL,1st,124,111,124,108,0,0,0,0,0,0,20,17,79,116,11,7,2
1973,157,Dave Concepcion,/players/c/conceda01.shtml,conceda01,25,CIN,4,89,86,89,88,0,0,0,0,0,87,0,2,0,2,0,2,0
1973,158,Billy Conigliaro,/players/c/conigbi01.shtml,conigbi01,25,OAK,5,48,26,48,40,0,0,0,0,0,0,21,18,3,42,0,10,2
1973,159,Cecil Cooper,/players/c/coopece01.shtml,coopece01,23,BOS,3,30,29,30,29,0,0,29,0,0,0,0,0,0,0,0,1,0
1973,160,Ray Corbin,/players/c/corbira01.shtml,corbira01,24,MIN,3,51,7,0,51,51,0,0,0,0,0,0,0,0,0,0,0,0
1973,161,Mike Corkins,/players/c/corkimi01.shtml,corkimi01,27,SDP,5,48,11,48,47,47,0,0,0,0,0,0,0,0,0,0,1,0
1973,162,Pat Corrales,/players/c/corrapa01.shtml,corrapa01,32,SDP,9,29,22,29,28,0,28,0,0,0,0,0,0,0,0,0,1,0
1973,163,Mike Cosgrove,/players/c/cosgrmi01.shtml,cosgrmi01,22,HOU,2,13,0,13,13,13,0,0,0,0,0,0,0,0,0,0,0,0
1973,164,Casey Cox,/players/c/coxca01.shtml,coxca01,31,NYY,8,1,0,0,1,1,0,0,0,0,0,0,0,0,0,0,0,0
1973,165,Jim Cox,/players/c/coxji01.shtml,coxji01,23,MON,1st,9,4,9,7,0,0,0,7,0,0,0,0,0,0,0,3,1
1973,166,Larry Cox,/players/c/coxla01.shtml,coxla01,25,PHI,1st,1,0,1,1,0,1,0,0,0,0,0,0,0,0,0,0,0
1973,167,Jim Crawford,/players/c/crawfji01.shtml,crawfji01,22,HOU,1st,48,0,48,48,48,0,0,0,0,0,0,0,0,0,0,0,0
1973,168,Willie Crawford,/players/c/crawfwi01.shtml,crawfwi01,26,LAD,10,145,129,145,138,0,0,0,0,0,0,10,5,128,138,0,10,1
1973,169,Ed Crosby,/players/c/crosbed01.shtml,crosbed01,24,2TM,3,58,20,58,49,0,0,0,10,4,36,0,0,0,0,0,14,3
1973,170,Terry Crowley,/players/c/crowlte01.shtml,crowlte01,26,BAL,5,54,32,54,16,0,0,8,0,0,0,2,0,8,10,23,17,1
1973,171,Hector Cruz,/players/c/cruzhe01.shtml,cruzhe01,20,STL,1st,11,2,11,5,0,0,0,0,0,0,1,4,0,5,0,4,3
1973,172,Jose Cruz,/players/c/cruzjo01.shtml,cruzjo01,25,STL,4,132,110,132,118,0,0,0,0,0,0,2,77,46,118,0,16,2
1973,173,Tommy Cruz,/players/c/cruzto01.shtml,cruzto01,22,STL,1st,3,0,3,1,0,0,0,0,0,0,1,0,0,1,0,0,2
1973,174,Mike Cuellar,/players/c/cuellmi01.shtml,cuellmi01,36,BAL,11,38,38,0,38,38,0,0,0,0,0,0,0,0,0,0,0,0
1973,175,Ray Culp,/players/c/culpra01.shtml,culpra01,31,BOS,11,10,9,0,10,10,0,0,0,0,0,0,0,0,0,0,0,0
1973,176,George Culver,/players/c/culvege01.shtml,culvege01,29,2TM,8,42,0,42,42,42,0,0,0,0,0,0,0,0,0,0,0,0
1973,177,John Curtis,/players/c/curtijo01.shtml,curtijo01,25,BOS,4,35,30,0,35,35,0,0,0,0,0,0,0,0,0,0,0,0
1973,178,John D'Acquisto,/players/d/d'acqjo01.shtml,d'acqjo01,21,SFG,1st,7,3,7,7,7,0,0,0,0,0,0,0,0,0,0,0,0
1973,179,Bruce Dal Canton,/players/d/dalcabr01.shtml,dalcabr01,32,KCR,7,32,3,1,32,32,0,0,0,0,0,0,0,0,0,0,0,0
1973,180,Bobby Darwin,/players/d/darwibo01.shtml,darwibo01,30,MIN,5,145,138,145,140,0,0,0,0,0,0,0,0,140,140,1,7,0
1973,181,Vic Davalillo,/players/d/davalvi01.shtml,davalvi01,36,2TM,11,97,21,97,47,0,0,19,0,0,0,15,1,13,29,2,52,10
1973,182,Jerry DaVanon,/players/d/davanje01.shtml,davanje01,27,CAL,4,41,13,41,32,0,0,0,13,7,14,0,0,0,0,5,0,13
1973,183,Bob Davis,/players/d/davisbo02.shtml,davisbo02,21,SDP,1st,5,5,5,5,0,5,0,0,0,0,0,0,0,0,0,0,0
1973,184,Tommy Davis,/players/d/davisto02.shtml,davisto02,34,BAL,15,137,130,137,4,0,0,4,0,0,0,0,0,0,0,128,7,0
1973,185,Willie Davis,/players/d/daviswi02.shtml,daviswi02,33,LAD,14,152,145,152,146,0,0,0,0,0,0,0,146,0,146,0,7,0
1973,186,Boots Day,/players/d/daybo01.shtml,daybo01,25,MON,5,101,41,101,54,0,0,0,0,0,0,12,48,2,54,0,57,0
1973,187,Doug DeCinces,/players/d/decindo01.shtml,decindo01,22,BAL,1st,10,4,10,10,0,0,0,2,8,1,0,0,0,0,0,0,1
1973,188,Joe Decker,/players/d/deckejo01.shtml,deckejo01,26,MIN,5,29,24,0,29,29,0,0,0,0,0,0,0,0,0,0,0,0
1973,189,Rick Dempsey,/players/d/dempsri01.shtml,dempsri01,23,NYY,5,6,3,6,5,0,5,0,0,0,0,0,0,0,0,0,0,1
1973,190,Bucky Dent,/players/d/dentbu01.shtml,dentbu01,21,CHW,1st,40,35,40,40,0,0,0,3,1,36,0,0,0,0,0,1,1
1973,191,Tom Dettore,/players/d/dettoto01.shtml,dettoto01,25,PIT,1st,12,1,12,12,12,0,0,0,0,0,0,0,0,0,0,0,0
1973,192,Adrian Devine,/players/d/devinad01.shtml,devinad01,21,ATL,1st,24,1,24,24,24,0,0,0,0,0,0,0,0,0,0,0,0
1973,193,Bob Didier,/players/d/didiebo01.shtml,didiebo01,24,DET,5,7,6,7,7,0,7,0,0,0,0,0,0,0,0,0,0,0
1973,194,Larry Dierker,/players/d/dierkla01.shtml,dierkla01,26,HOU,10,14,3,14,14,14,0,0,0,0,0,0,0,0,0,0,0,0
1973,195,Dick Dietz,/players/d/dietzdi01.shtml,dietzdi01,31,ATL,8,83,47,83,56,0,20,36,0,0,0,0,0,0,0,0,30,0
1973,196,Ron Diorio,/players/d/dioriro01.shtml,dioriro01,26,PHI,1st,23,0,23,23,23,0,0,0,0,0,0,0,0,0,0,0,0
1973,197,Chuck Dobson,/players/d/dobsoch01.shtml,dobsoch01,29,OAK,7,1,1,0,1,1,0,0,0,0,0,0,0,0,0,0,0,0
1973,198,Pat Dobson,/players/d/dobsopa01.shtml,dobsopa01,31,2TM,7,34,31,12,34,34,0,0,0,0,0,0,0,0,0,0,0,0
1973,199,Al Downing,/players/d/downial01.shtml,downial01,32,LAD,13,30,28,30,30,30,0,0,0,0,0,0,0,0,0,0,0,0
1973,200,Brian Downing,/players/d/downibr01.shtml,downibr01,22,CHW,1st,34,18,34,30,0,11,0,0,8,0,6,0,8,14,1,10,0
1973,201,Denny Doyle,/players/d/doylede01.shtml,doylede01,29,PHI,4,116,94,116,114,0,0,0,114,0,0,0,0,0,0,0,8,0
1973,202,Dick Drago,/players/d/dragodi01.shtml,dragodi01,28,KCR,5,38,33,1,37,37,0,0,0,0,0,0,0,0,0,0,0,1
1973,203,Dan Driessen,/players/d/driesda01.shtml,driesda01,21,CIN,1st,102,90,102,96,0,0,36,0,87,0,0,0,1,1,0,9,0
1973,204,Frank Duffy,/players/d/duffyfr01.shtml,duffyfr01,26,CLE,4,116,106,116,115,0,0,0,0,0,115,0,0,0,0,0,0,1
1973,205,Dave Duncan,/players/d/duncada01.shtml,duncada01,27,CLE,8,95,93,95,86,0,86,0,0,0,0,0,0,0,0,9,0,0
1973,206,Steve Dunning,/players/d/dunnist01.shtml,dunnist01,24,2TM,4,31,15,4,27,27,0,0,0,0,0,0,0,0,0,0,0,4
1973,207,Don Durham,/players/d/durhado01.shtml,durhado01,24,TEX,2,16,4,1,15,15,0,0,0,0,0,0,0,0,0,0,0,1
1973,208,Jim Dwyer,/players/d/dwyerji01.shtml,dwyerji01,23,STL,1st,28,12,28,20,0,0,0,0,0,0,8,11,1,20,0,8,1
1973,209,Duffy Dyer,/players/d/dyerdu01.shtml,dyerdu01,27,NYM,6,70,45,70,60,0,60,0,0,0,0,0,0,0,0,0,15,0
1973,210,Mike Easler,/players/e/easlemi01.shtml,easlemi01,22,HOU,1st,6,2,6,2,0,0,0,0,0,0,1,0,1,2,0,2,2
1973,211,Johnny Edwards,/players/e/edwarjo01.shtml,edwarjo01,35,HOU,13,79,69,79,76,0,76,0,0,0,0,0,0,0,0,0,8,0
1973,212,Dock Ellis,/players/e/ellisdo01.shtml,ellisdo01,28,PIT,6,29,28,29,28,28,0,0,0,0,0,0,0,0,0,0,0,1
1973,213,John Ellis,/players/e/ellisjo01.shtml,ellisjo01,24,CLE,5,127,112,127,84,0,72,12,0,0,0,0,0,0,0,38,15,0
1973,214,Mike Epstein,/players/e/epstemi01.shtml,epstemi01,30,2TM,8,118,110,118,110,0,0,110,0,0,0,0,0,0,0,0,7,0
1973,215,Jim Essian,/players/e/essiaji01.shtml,essiaji01,22,PHI,1st,2,0,2,1,0,1,0,0,0,0,0,0,0,0,0,2,0
1973,216,Andy Etchebarren,/players/e/etchean01.shtml,etchean01,30,BAL,10,54,45,54,50,0,50,0,0,0,0,0,0,0,0,0,4,1
1973,217,Darrell Evans,/players/e/evansda01.shtml,evansda01,26,ATL,5,161,159,161,160,0,0,20,0,146,0,0,0,0,0,0,2,0
1973,218,Dwight Evans,/players/e/evansdw01.shtml,evansdw01,21,BOS,2,119,81,119,113,0,0,0,0,0,0,19,1,94,114,7,4,10
1973,219,Sam Ewing,/players/e/ewingsa01.shtml,ewingsa01,24,CHW,1st,11,4,11,4,0,0,4,0,0,0,0,0,0,0,0,7,0
1973,220,Jim Fairey,/players/f/faireji01.shtml,faireji01,28,LAD,6,10,0,10,0,0,0,0,0,0,0,0,0,0,0,0,10,0
1973,221,Ron Fairly,/players/f/fairlro01.shtml,fairlro01,34,MON,16,142,110,142,126,0,0,5,0,0,0,123,0,0,123,0,31,0
1973,222,Carmen Fanzone,/players/f/fanzoca01.shtml,fanzoca01,31,CHC,4,64,37,64,52,0,0,24,0,25,0,6,0,0,6,0,16,1
1973,223,Ed Farmer,/players/f/farmeed01.shtml,farmeed01,23,2TM,3,40,0,0,40,40,0,0,0,0,0,0,0,0,0,0,0,0
1973,224,John Felske,/players/f/felskjo01.shtml,felskjo01,31,MIL,3,13,4,13,13,0,7,6,0,0,0,0,0,0,0,0,1,0
1973,225,Bobby Fenwick,/players/f/fenwibo01.shtml,fenwibo01,26,STL,2,5,0,5,3,0,0,0,3,0,0,0,0,0,0,0,2,0
1973,226,Joe Ferguson,/players/f/fergujo01.shtml,fergujo01,26,LAD,4,136,134,136,136,0,122,0,0,0,0,4,0,18,21,0,2,0
1973,227,Danny Fife,/players/f/fifeda01.shtml,fifeda01,23,MIN,1st,10,7,0,10,10,0,0,0,0,0,0,0,0,0,0,0,0
1973,228,Rollie Fingers,/players/f/fingero01.shtml,fingero01,26,OAK,6,62,2,2,62,62,0,0,0,0,0,0,0,0,0,0,0,0
1973,229,Eddie Fisher,/players/f/fisheed02.shtml,fisheed02,36,2TM,15,32,16,6,32,32,0,0,0,0,0,0,0,0,0,0,0,0
1973,230,Carlton Fisk,/players/f/fiskca01.shtml,fiskca01,25,BOS,4,135,133,135,131,0,131,0,0,0,0,0,0,0,0,3,2,0
1973,231,Al Fitzmorris,/players/f/fitzmal01.shtml,fitzmal01,27,KCR,5,15,13,0,15,15,0,0,0,0,0,0,0,0,0,0,0,0
1973,232,Bobby Floyd,/players/f/floydbo01.shtml,floydbo01,29,KCR,6,51,16,51,46,0,0,0,24,0,25,0,0,0,0,0,3,11
1973,233,Tim Foli,/players/f/foliti01.shtml,foliti01,22,MON,4,126,122,126,126,0,0,0,2,0,123,0,1,0,1,0,0,0
1973,234,Rich Folkers,/players/f/folkeri01.shtml,folkeri01,26,STL,3,34,9,34,34,34,0,0,0,0,0,0,0,0,0,0,0,0
1973,235,Jim Foor,/players/f/foorji01.shtml,foorji01,24,PIT,3,3,0,3,3,3,0,0,0,0,0,0,0,0,0,0,0,0
1973,236,Barry Foote,/players/f/footeba01.shtml,footeba01,21,MON,1st,6,0,6,0,0,0,0,0,0,0,0,0,0,0,0,6,0
1973,237,Ted Ford,/players/f/fordte01.shtml,fordte01,26,CLE,4,11,9,11,10,0,0,0,0,0,0,0,6,7,13,0,1,0
1973,238,Wenty Ford,/players/f/fordwe01.shtml,fordwe01,26,ATL,1st,4,2,4,4,4,0,0,0,0,0,0,0,0,0,0,0,0
1973,239,Ken Forsch,/players/f/forscke01.shtml,forscke01,26,HOU,4,46,26,46,46,46,0,0,0,0,0,0,0,0,0,0,0,0
1973,240,Terry Forster,/players/f/forstte01.shtml,forstte01,21,CHW,3,53,12,2,51,51,0,0,0,0,0,0,0,0,0,0,1,1
1973,241,Ray Fosse,/players/f/fossera01.shtml,fossera01,26,OAK,7,143,139,143,141,0,141,0,0,0,0,0,0,0,0,2,0,0
1973,242,Alan Foster,/players/f/fosteal01.shtml,fosteal01,26,STL,7,35,29,35,35,35,0,0,0,0,0,0,0,0,0,0,0,0
1973,243,George Foster,/players/f/fostege01.shtml,fostege01,24,CIN,5,17,9,17,13,0,0,0,0,0,0,1,11,5,13,0,5,1
1973,244,Leo Foster,/players/f/fostele01.shtml,fostele01,22,ATL,2,3,1,3,1,0,0,0,0,0,1,0,0,0,0,0,1,1
1973,245,Steve Foucault,/players/f/foucast01.shtml,foucast01,23,TEX,1st,32,0,1,32,32,0,0,0,0,0,0,0,0,0,0,0,0
1973,246,Ken Frailing,/players/f/frailke01.shtml,frailke01,25,CHW,2,10,0,0,10,10,0,0,0,0,0,0,0,0,0,0,0,0
1973,247,Bill Freehan,/players/f/freehbi01.shtml,freehbi01,31,DET,12,110,103,110,105,0,98,9,0,0,0,0,0,0,0,3,5,0
1973,248,Jimmy Freeman,/players/f/freemji01.shtml,freemji01,22,ATL,2,14,5,14,13,13,0,0,0,0,0,0,0,0,0,0,0,1
1973,249,Jim Fregosi,/players/f/fregoji01.shtml,fregoji01,31,2TM,13,90,80,90,83,0,0,13,0,51,23,1,0,0,1,0,8,0
1973,250,Pepe Frias,/players/f/friaspe01.shtml,friaspe01,24,MON,1st,100,60,100,96,0,0,0,44,7,46,0,0,1,1,0,2,7
1973,251,Danny Frisella,/players/f/friseda01.shtml,friseda01,27,ATL,7,42,0,42,42,42,0,0,0,0,0,0,0,0,0,0,0,0
1973,252,Woodie Fryman,/players/f/frymawo01.shtml,frymawo01,33,DET,8,34,29,0,34,34,0,0,0,0,0,0,0,0,0,0,0,0
1973,253,Tito Fuentes,/players/f/fuentti01.shtml,fuentti01,29,SFG,8,160,159,160,160,0,0,0,160,1,0,0,0,0,0,0,0,0
1973,254,Jim Fuller,/players/f/fulleji01.shtml,fulleji01,22,BAL,1st,9,6,9,5,0,0,2,0,0,0,0,0,5,5,1,3,0
1973,255,Phil Gagliano,/players/g/gagliph01.shtml,gagliph01,31,CIN,11,63,7,63,13,0,0,1,5,7,0,1,0,0,1,0,52,1
1973,256,Al Gallagher,/players/g/gallaal01.shtml,gallaal01,27,2TM,4,115,89,115,105,0,0,0,1,103,1,0,0,0,0,0,11,2
1973,257,Bob Gallagher,/players/g/gallabo01.shtml,gallabo01,24,HOU,2,71,24,71,43,0,0,1,0,0,0,16,12,16,42,0,30,2
1973,258,John Gamble,/players/g/gambljo01.shtml,gambljo01,25,DET,2,7,0,7,0,0,0,0,0,0,0,0,0,0,0,2,0,7
1973,259,Oscar Gamble,/players/g/gamblos01.shtml,gamblos01,23,CLE,5,113,99,113,37,0,0,0,0,0,0,2,1,35,38,70,13,0
1973,260,Gene Garber,/players/g/garbege01.shtml,garbege01,25,KCR,4,49,8,4,48,48,0,0,0,0,0,0,0,0,0,0,0,1
1973,261,Pedro Garcia,/players/g/garcipe01.shtml,garcipe01,23,MIL,1st,160,160,160,160,0,0,0,160,0,0,0,0,0,0,0,0,0
1973,262,Rob Gardner,/players/g/gardnro01.shtml,gardnro01,28,2TM,8,13,0,0,13,13,0,0,0,0,0,0,0,0,0,0,0,0
1973,263,Wayne Garland,/players/g/garlawa01.shtml,garlawa01,22,BAL,1st,4,1,0,4,4,0,0,0,0,0,0,0,0,0,0,0,0
1973,264,Mike Garman,/players/g/garmami01.shtml,garmami01,23,BOS,4,12,0,0,12,12,0,0,0,0,0,0,0,0,0,0,0,0
1973,265,Phil Garner,/players/g/garneph01.shtml,garneph01,24,OAK,1st,9,0,9,9,0,0,0,0,9,0,0,0,0,0,0,0,0
1973,266,Ralph Garr,/players/g/garrra01.shtml,garrra01,27,ATL,6,148,148,148,148,0,0,0,0,0,0,21,0,127,148,0,0,0
1973,267,Adrian Garrett,/players/g/garread01.shtml,garread01,30,CHC,5,36,9,36,13,0,6,0,0,0,0,3,0,4,7,0,24,1
1973,268,Wayne Garrett,/players/g/garrewa01.shtml,garrewa01,25,NYM,5,140,130,140,139,0,0,0,7,129,9,0,0,0,0,0,4,0
1973,269,Steve Garvey,/players/g/garvest01.shtml,garvest01,24,LAD,5,114,79,114,85,0,0,76,0,0,0,8,0,1,9,0,33,1
1973,270,Cito Gaston,/players/g/gastoci01.shtml,gastoci01,29,SDP,6,133,118,133,119,0,0,0,0,0,0,1,0,118,119,0,15,0
1973,271,Jim Geddes,/players/g/geddeji01.shtml,geddeji01,24,CHW,2,6,1,0,6,6,0,0,0,0,0,0,0,0,0,0,0,0
1973,272,Gary Gentry,/players/g/gentrga01.shtml,gentrga01,26,ATL,5,17,14,17,16,16,0,0,0,0,0,0,0,0,0,0,0,1
1973,273,Cesar Geronimo,/players/g/geronce01.shtml,geronce01,25,CIN,5,139,84,139,130,0,0,0,0,0,0,0,104,26,130,0,8,12
1973,274,Bob Gibson,/players/g/gibsobo01.shtml,gibsobo01,37,STL,15,25,25,25,25,25,0,0,0,0,0,0,0,0,0,0,0,0
1973,275,Joe Gilbert,/players/g/gilbejo02.shtml,gilbejo02,21,MON,2,21,0,21,21,21,0,0,0,0,0,0,0,0,0,0,0,0
1973,276,Rod Gilbreath,/players/g/gilbrro01.shtml,gilbrro01,20,ATL,2,29,17,29,22,0,0,0,0,22,0,0,0,0,0,0,5,3
1973,277,Dave Giusti,/players/g/giustda01.shtml,giustda01,33,PIT,11,67,0,67,67,67,0,0,0,0,0,0,0,0,0,0,0,0
1973,278,Fred Gladding,/players/g/gladdfr01.shtml,gladdfr01,37,HOU,13,16,0,16,16,16,0,0,0,0,0,0,0,0,0,0,0,0
1973,279,Chuck Goggin,/players/g/goggich01.shtml,goggich01,27,2TM,2,65,14,65,31,0,2,0,19,0,5,5,0,1,6,0,33,9
1973,280,Bill Gogolewski,/players/g/gogolbi01.shtml,gogolbi01,25,TEX,4,49,1,2,49,49,0,0,0,0,0,0,0,0,0,0,0,0
1973,281,Dave Goltz,/players/g/goltzda01.shtml,goltzda01,24,MIN,2,32,10,0,32,32,0,0,0,0,0,0,0,0,0,0,0,0
1973,282,Fernando Gonzalez,/players/g/gonzafe01.shtml,gonzafe01,23,PIT,2,37,4,37,5,0,0,0,0,5,0,0,0,0,0,0,32,0
1973,283,Ed Goodson,/players/g/goodsed01.shtml,goodsed01,25,SFG,4,102,93,102,93,0,0,0,0,93,0,0,0,0,0,0,9,0
1973,284,Jim Gosger,/players/g/gosgeji01.shtml,gosgeji01,30,NYM,9,38,22,38,35,0,0,0,0,0,0,21,18,0,35,0,4,0
1973,285,Rich Gossage,/players/g/gossari01.shtml,gossari01,21,CHW,2,21,4,1,20,20,0,0,0,0,0,0,0,0,0,1,0,1
1973,286,Billy Grabarkewitz,/players/g/grababi01.shtml,grababi01,27,2TM,5,86,51,86,54,0,0,0,38,16,1,2,0,0,2,8,21,11
1973,287,Wayne Granger,/players/g/grangwa01.shtml,grangwa01,29,2TM,6,40,0,33,40,40,0,0,0,0,0,0,0,0,0,0,0,0
1973,288,Dick Green,/players/g/greendi01.shtml,greendi01,32,OAK,11,133,122,133,133,0,0,0,133,0,1,0,0,0,0,0,0,0
1973,289,Bill Greif,/players/g/greifbi01.shtml,greifbi01,23,SDP,3,36,31,36,36,36,0,0,0,0,0,0,0,0,0,0,0,0
1973,290,Bobby Grich,/players/g/grichbo01.shtml,grichbo01,24,BAL,4,162,162,162,162,0,0,0,162,0,0,0,0,0,0,0,0,0
1973,291,Tom Grieve,/players/g/grievto01.shtml,grievto01,25,TEX,3,66,33,66,59,0,0,0,0,0,0,35,10,19,64,4,6,5
1973,292,Ken Griffey,/players/g/griffke01.shtml,griffke01,23,CIN,1st,25,20,25,21,0,0,0,0,0,0,0,0,21,21,0,4,1
1973,293,Doug Griffin,/players/g/griffdo01.shtml,griffdo01,26,BOS,4,113,113,113,113,0,0,0,113,0,0,0,0,0,0,0,0,0
1973,294,Tom Griffin,/players/g/griffto02.shtml,griffto02,25,HOU,5,25,12,25,25,25,0,0,0,0,0,0,0,0,0,0,0,0
1973,295,Ross Grimsley,/players/g/grimsro02.shtml,grimsro02,23,CIN,3,39,36,39,38,38,0,0,0,0,0,0,0,0,0,0,0,1
1973,296,Greg Gross,/players/g/grossgr01.shtml,grossgr01,20,HOU,1st,14,9,14,9,0,0,0,0,0,0,5,1,3,9,0,5,0
1973,297,Jerry Grote,/players/g/groteje01.shtml,groteje01,30,NYM,10,84,76,84,83,0,81,0,0,2,0,0,0,0,0,0,1,0
1973,298,Johnny Grubb,/players/g/grubbjo01.shtml,grubbjo01,24,SDP,2,113,96,113,104,0,0,0,0,2,0,1,103,0,103,0,14,1
1973,299,Mario Guerrero,/players/g/guerrma01.shtml,guerrma01,23,BOS,1st,66,53,66,66,0,0,0,24,0,46,0,0,0,0,0,0,0
1973,300,Don Gullett,/players/g/gulledo01.shtml,gulledo01,22,CIN,4,53,30,53,45,45,0,0,0,0,0,0,0,0,0,0,0,8
1973,301,Larry Gura,/players/g/gurala01.shtml,gurala01,25,CHC,4,22,7,22,21,21,0,0,0,0,0,0,0,0,0,0,0,1
1973,302,Joe Hague,/players/h/haguejo01.shtml,haguejo01,29,CIN,6,19,7,19,9,0,0,4,0,0,0,0,0,5,5,0,11,0
1973,303,Don Hahn,/players/h/hahndo01.shtml,hahndo01,24,NYM,5,93,63,93,87,0,0,0,0,0,0,4,83,2,87,0,10,4
1973,304,Jerry Hairston,/players/h/hairsje01.shtml,hairsje01,21,CHW,1st,60,56,60,50,0,0,19,0,0,0,34,0,0,34,9,3,1
1973,305,Tom Hall,/players/h/hallto01.shtml,hallto01,25,CIN,6,55,7,55,54,54,0,0,0,0,0,0,0,0,0,0,0,1
1973,306,Dave Hamilton,/players/h/hamilda01.shtml,hamilda01,25,OAK,2,16,11,0,16,16,0,0,0,0,0,0,0,0,0,0,0,0
1973,307,Rich Hand,/players/h/handri01.shtml,handri01,24,2TM,4,24,13,0,24,24,0,0,0,0,0,0,0,0,0,0,0,0
1973,308,Bill Hands,/players/h/handsbi01.shtml,handsbi01,33,MIN,9,39,15,0,39,39,0,0,0,0,0,0,0,0,0,0,0,0
1973,309,Larry Haney,/players/h/haneyla01.shtml,haneyla01,30,2TM,7,4,0,4,4,0,4,0,0,0,0,0,0,0,0,0,0,0
1973,310,Terry Harmon,/players/h/harmote01.shtml,harmote01,29,PHI,6,72,35,72,59,0,0,0,43,1,19,0,0,0,0,0,18,5
1973,311,Tommy Harper,/players/h/harpeto01.shtml,harpeto01,32,BOS,12,147,143,147,143,0,0,0,0,0,0,140,4,0,144,3,0,4
1973,312,Toby Harrah,/players/h/harrato01.shtml,harrato01,24,TEX,4,118,117,118,117,0,0,0,0,52,76,0,0,0,0,0,1,0
1973,313,Bud Harrelson,/players/h/harrebu01.shtml,harrebu01,29,NYM,9,106,102,106,103,0,0,0,0,0,103,0,0,0,0,0,0,3
1973,314,Vic Harris,/players/h/harrivi01.shtml,harrivi01,23,TEX,2,152,143,152,151,0,0,0,17,25,0,1,111,9,121,1,2,2
1973,315,Roric Harrison,/players/h/harriro01.shtml,harriro01,26,ATL,2,39,22,39,38,38,0,0,0,0,0,0,0,0,0,0,0,1
1973,316,Jim Ray Hart,/players/h/hartji01.shtml,hartji01,31,2TM,11,119,92,119,1,0,0,0,0,1,0,0,0,0,0,106,27,0
1973,317,Greg Harts,/players/h/hartsgr01.shtml,hartsgr01,23,NYM,1st,3,0,3,0,0,0,0,0,0,0,0,0,0,0,0,2,1
1973,318,Andy Hassler,/players/h/hasslan01.shtml,hasslan01,21,CAL,2,7,4,0,7,7,0,0,0,0,0,0,0,0,0,0,0,0
1973,319,Fran Healy,/players/h/healyfr02.shtml,healyfr02,26,KCR,4,95,88,95,92,0,92,0,0,0,0,0,0,0,0,1,1,3
1973,320,Richie Hebner,/players/h/hebneri01.shtml,hebneri01,25,PIT,6,144,137,144,139,0,0,0,0,139,0,0,0,0,0,0,7,0
1973,321,Mike Hegan,/players/h/heganmi01.shtml,heganmi01,30,2TM,8,113,44,113,96,0,0,94,0,0,0,2,0,1,3,5,24,2
1973,322,Tom Heintzelman,/players/h/heintto01.shtml,heintto01,26,STL,1st,23,3,23,6,0,0,0,6,0,0,0,0,0,0,0,19,0
1973,323,Bob Heise,/players/h/heisebo01.shtml,heisebo01,26,MIL,7,49,23,49,44,0,0,4,5,9,29,0,0,0,0,2,3,6
1973,324,Tommy Helms,/players/h/helmsto01.shtml,helmsto01,32,HOU,10,146,145,146,145,0,0,0,145,0,0,0,0,0,0,0,0,1
1973,325,Ken Henderson,/players/h/hendeke01.shtml,hendeke01,27,CHW,9,73,70,73,44,0,0,0,0,0,0,8,36,0,44,26,3,0
1973,326,George Hendrick,/players/h/hendrge01.shtml,hendrge01,23,CLE,3,113,110,113,110,0,0,0,0,0,0,0,107,3,110,0,3,0
1973,327,Elrod Hendricks,/players/h/hendrel01.shtml,hendrel01,32,BAL,6,41,28,41,38,0,38,0,0,0,0,0,0,0,0,1,3,3
1973,328,Phil Hennigan,/players/h/henniph01.shtml,henniph01,27,NYM,5,30,0,30,30,30,0,0,0,0,0,0,0,0,0,0,0,0
1973,329,Rick Henninger,/players/h/henniri01.shtml,henniri01,25,TEX,1st,6,2,0,6,6,0,0,0,0,0,0,0,0,0,0,0,0
1973,330,Enzo Hernandez,/players/h/hernaen01.shtml,hernaen01,24,SDP,3,70,64,70,67,0,0,0,0,0,67,0,0,0,0,0,2,1
1973,331,Jackie Hernandez,/players/h/hernaja01.shtml,hernaja01,32,PIT,9,54,22,54,49,0,0,0,0,0,49,0,0,0,0,0,3,6
1973,332,Ramon Hernandez,/players/h/hernara01.shtml,hernara01,32,PIT,5,59,0,59,59,59,0,0,0,0,0,0,0,0,0,0,0,0
1973,333,Ed Herrmann,/players/h/herrmed01.shtml,herrmed01,26,CHW,6,119,111,119,114,0,114,0,0,0,0,0,0,0,0,2,6,0
1973,334,Greg Heydeman,/players/h/heydegr01.shtml,heydegr01,21,LAD,1st,1,0,1,1,1,0,0,0,0,0,0,0,0,0,0,0,0
1973,335,Jim Hickman,/players/h/hickmji02.shtml,hickmji02,36,CHC,12,92,49,92,61,0,0,51,0,0,0,3,0,11,13,0,40,0
1973,336,Tom Hilgendorf,/players/h/hilgeto01.shtml,hilgeto01,31,CLE,4,48,1,0,48,48,0,0,0,0,0,0,0,0,0,0,0,0
1973,337,Marc Hill,/players/h/hillma01.shtml,hillma01,21,STL,1st,1,1,1,1,0,1,0,0,0,0,0,0,0,0,0,0,0
1973,338,John Hiller,/players/h/hillejo01.shtml,hillejo01,30,DET,8,65,0,0,65,65,0,0,0,0,0,0,0,0,0,0,0,0
1973,339,Dave Hilton,/players/h/hiltoda01.shtml,hiltoda01,22,SDP,2,70,69,70,70,0,0,0,24,46,0,0,0,0,0,0,0,0
1973,340,Gene Hiser,/players/h/hiserge01.shtml,hiserge01,24,CHC,3,100,13,100,64,0,0,0,0,0,0,25,21,19,64,0,41,20
1973,341,Larry Hisle,/players/h/hislela01.shtml,hislela01,26,MIN,5,143,139,143,143,0,0,0,0,0,0,50,93,3,146,0,1,2
1973,342,Ron Hodges,/players/h/hodgero01.shtml,hodgero01,24,NYM,1st,45,37,45,40,0,40,0,0,0,0,0,0,0,0,0,5,0
1973,343,Joe Hoerner,/players/h/hoernjo01.shtml,hoernjo01,36,2TM,10,42,0,21,42,42,0,0,0,0,0,0,0,0,0,0,0,0
1973,344,Fred Holdsworth,/players/h/holdsfr01.shtml,holdsfr01,21,DET,2,5,2,0,5,5,0,0,0,0,0,0,0,0,0,0,0,0
1973,345,Jim Holt,/players/h/holtji01.shtml,holtji01,29,MIN,6,132,114,132,128,0,0,33,0,0,0,80,3,21,104,0,11,0
1973,346,Ken Holtzman,/players/h/holtzke01.shtml,holtzke01,27,OAK,9,41,40,1,40,40,0,0,0,0,0,0,0,0,0,0,1,0
1973,347,Don Hood,/players/h/hooddo01.shtml,hooddo01,23,BAL,1st,8,4,0,8,8,0,0,0,0,0,0,0,0,0,0,0,0
1973,348,Burt Hooton,/players/h/hootobu01.shtml,hootobu01,23,CHC,3,42,34,42,42,42,0,0,0,0,0,0,0,0,0,0,0,0
1973,349,Gail Hopkins,/players/h/hopkiga01.shtml,hopkiga01,30,KCR,6,74,34,74,10,0,0,10,0,0,0,0,0,0,0,38,36,0
1973,350,Willie Horton,/players/h/hortowi01.shtml,hortowi01,30,DET,11,111,107,111,108,0,0,0,0,0,0,107,0,1,108,1,4,0
1973,351,Tim Hosley,/players/h/hosleti01.shtml,hosleti01,26,OAK,3,13,2,13,11,0,11,0,0,0,0,0,0,0,0,0,4,0
1973,352,Charlie Hough,/players/h/houghch01.shtml,houghch01,25,LAD,4,37,0,37,37,37,0,0,0,0,0,0,0,0,0,0,0,0
1973,353,Tom House,/players/h/houseto01.shtml,houseto01,26,ATL,3,52,0,52,52,52,0,0,0,0,0,0,0,0,0,0,0,0
1973,354,Steve Hovley,/players/h/hovlest01.shtml,hovlest01,28,KCR,5,104,51,104,80,0,0,0,0,0,0,4,26,53,83,15,19,7
1973,355,Doug Howard,/players/h/howardo01.shtml,howardo01,25,CAL,2,8,5,8,8,0,0,1,0,1,0,6,0,0,6,0,2,0
1973,356,Frank Howard,/players/h/howarfr01.shtml,howarfr01,36,DET,16,85,55,85,3,0,0,2,0,0,0,1,0,0,1,76,30,0
1973,357,Larry Howard,/players/h/howarla01.shtml,howarla01,28,2TM,4,24,15,24,22,0,22,0,0,0,0,0,0,0,0,0,4,0
1973,358,Wilbur Howard,/players/h/howarwi01.shtml,howarwi01,24,MIL,1st,16,9,16,11,0,0,0,0,0,0,5,0,6,11,2,1,4
1973,359,Jim Howarth,/players/h/howarji01.shtml,howarji01,26,SFG,3,65,14,65,34,0,0,1,0,0,0,5,21,7,33,0,29,4
1973,360,Al Hrabosky,/players/h/hraboal01.shtml,hraboal01,23,STL,4,44,0,44,44,44,0,0,0,0,0,0,0,0,0,0,0,0
1973,361,Charlie Hudson,/players/h/hudsoch01.shtml,hudsoch01,23,TEX,2,25,4,0,25,25,0,0,0,0,0,0,0,0,0,0,0,0
1973,362,Terry Hughes,/players/h/hughete01.shtml,hughete01,24,STL,2,11,2,11,6,0,0,1,0,5,0,0,0,0,0,0,5,1
1973,363,Terry Humphrey,/players/h/humphte01.shtml,humphte01,23,MON,3,43,26,43,35,0,35,0,0,0,0,0,0,0,0,0,8,0
1973,364,Randy Hundley,/players/h/hundlra01.shtml,hundlra01,31,CHC,10,124,103,124,122,0,122,0,0,0,0,0,0,0,0,0,3,0
1973,365,Ron Hunt,/players/h/huntro01.shtml,huntro01,32,MON,11,113,105,113,107,0,0,0,102,14,0,0,0,0,0,0,7,0
1973,366,Buddy Hunter,/players/h/huntebu01.shtml,huntebu01,25,BOS,2,13,2,13,5,0,0,0,2,3,0,0,0,0,0,8,0,9
1973,367,Catfish Hunter,/players/h/hunteca01.shtml,hunteca01,27,OAK,9,37,36,1,36,36,0,0,0,0,0,0,0,0,0,0,1,0
1973,368,Tom Hutton,/players/h/huttoto01.shtml,huttoto01,27,PHI,4,106,56,106,71,0,0,71,0,0,0,0,0,0,0,0,45,1
1973,369,Gary Ignasiak,/players/i/ignasga01.shtml,ignasga01,23,DET,1st,3,0,0,3,3,0,0,0,0,0,0,0,0,0,0,0,0
1973,370,Grant Jackson,/players/j/jacksgr01.shtml,jacksgr01,30,BAL,9,45,0,0,45,45,0,0,0,0,0,0,0,0,0,0,0,0
1973,371,Mike Jackson,/players/j/jacksmi01.shtml,jacksmi01,27,2TM,4,10,0,0,10,10,0,0,0,0,0,0,0,0,0,0,0,0
1973,372,Reggie Jackson,/players/j/jacksre01.shtml,jacksre01,27,OAK,7,151,146,151,145,0,0,0,0,0,0,0,1,144,145,3,5,0
1973,373,Sonny Jackson,/players/j/jacksso01.shtml,jacksso01,28,ATL,11,117,39,117,86,0,0,0,0,0,36,49,4,4,57,0,34,16
1973,374,Cleo James,/players/j/jamescl01.shtml,jamescl01,32,CHC,4,44,7,44,22,0,0,0,0,0,0,14,8,1,22,0,11,20
1973,375,Pat Jarvis,/players/j/jarvipa01.shtml,jarvipa01,32,MON,8,28,0,28,28,28,0,0,0,0,0,0,0,0,0,0,0,0
1973,376,Jesse Jefferson,/players/j/jeffeje01.shtml,jeffeje01,24,BAL,1st,18,15,0,18,18,0,0,0,0,0,0,0,0,0,0,0,0
1973,377,Fergie Jenkins,/players/j/jenkife01.shtml,jenkife01,30,CHC,9,38,38,38,38,38,0,0,0,0,0,0,0,0,0,0,0,0
1973,378,Johnny Jeter,/players/j/jeterjo01.shtml,jeterjo01,28,CHW,5,89,64,89,72,0,0,0,0,0,0,21,27,28,76,7,8,10
1973,379,Tommy John,/players/j/johnto01.shtml,johnto01,30,LAD,11,36,31,36,36,36,0,0,0,0,0,0,0,0,0,0,0,0
1973,380,Alex Johnson,/players/j/johnsal01.shtml,johnsal01,30,TEX,10,158,157,158,41,0,0,0,0,0,0,40,1,0,41,116,1,0
1973,381,Bart Johnson,/players/j/johnsba01.shtml,johnsba01,23,CHW,5,22,9,0,22,22,0,0,0,0,0,0,0,0,0,0,0,0
1973,382,Bob Johnson,/players/j/johnsbo03.shtml,johnsbo03,30,PIT,5,50,2,50,50,50,0,0,0,0,0,0,0,0,0,0,0,0
1973,383,Cliff Johnson,/players/j/johnscl01.shtml,johnscl01,25,HOU,2,7,5,7,5,0,0,5,0,0,0,0,0,0,0,0,2,0
1973,384,Davey Johnson,/players/j/johnsda02.shtml,johnsda02,30,ATL,9,157,155,157,156,0,0,0,156,0,0,0,0,0,0,0,2,0
1973,385,Deron Johnson,/players/j/johnsde01.shtml,johnsde01,34,2TM,13,143,137,143,32,0,0,32,0,0,0,0,0,0,0,107,6,0
1973,386,Jerry Johnson,/players/j/johnsje01.shtml,johnsje01,29,CLE,6,39,1,0,39,39,0,0,0,0,0,0,0,0,0,0,0,0
1973,387,Tim Johnson,/players/j/johnsti01.shtml,johnsti01,23,MIL,1st,136,125,136,135,0,0,0,0,0,135,0,0,0,0,0,2,3
1973,388,Jay Johnstone,/players/j/johnsja01.shtml,johnsja01,27,OAK,8,23,6,23,7,0,0,0,0,0,0,3,1,3,7,4,11,0
1973,389,Cleon Jones,/players/j/jonescl01.shtml,jonescl01,30,NYM,10,92,86,92,89,0,0,0,0,0,0,73,14,8,89,0,4,0
1973,390,Randy Jones,/players/j/jonesra01.shtml,jonesra01,23,SDP,1st,20,19,20,20,20,0,0,0,0,0,0,0,0,0,0,0,0
1973,391,Mike Jorgensen,/players/j/jorgemi01.shtml,jorgemi01,24,MON,5,138,105,138,130,0,0,124,0,0,0,9,2,0,11,0,19,6
1973,392,Von Joshua,/players/j/joshuvo01.shtml,joshuvo01,25,LAD,4,75,36,75,46,0,0,0,0,0,0,43,3,1,46,0,30,6
1973,393,Skip Jutze,/players/j/jutzesk01.shtml,jutzesk01,27,HOU,2,90,78,90,86,0,86,0,0,0,0,0,0,0,0,0,4,1
1973,394,Jim Kaat,/players/k/kaatji01.shtml,kaatji01,34,2TM,15,38,35,2,36,36,0,0,0,0,0,0,0,0,0,1,0,2
1973,395,Al Kaline,/players/k/kalinal01.shtml,kalinal01,38,DET,21,91,81,91,88,0,0,36,0,0,0,0,0,64,64,0,10,0
1973,396,Steve Kealey,/players/k/kealest01.shtml,kealest01,26,CHW,6,7,0,0,7,7,0,0,0,0,0,0,0,0,0,0,0,0
1973,397,Mike Kekich,/players/k/kekicmi01.shtml,kekicmi01,28,2TM,7,24,10,3,21,21,0,0,0,0,0,0,0,0,0,1,0,3
1973,398,Mick Kelleher,/players/k/kellemi02.shtml,kellemi02,25,STL,2,43,14,43,42,0,0,0,0,0,42,0,0,0,0,0,0,1
1973,399,Tom Kelley,/players/k/kelleto01.shtml,kelleto01,29,ATL,7,7,0,7,7,7,0,0,0,0,0,0,0,0,0,0,0,0
1973,400,Pat Kelly,/players/k/kellypa01.shtml,kellypa01,28,CHW,7,144,133,144,141,0,0,0,0,0,0,1,2,139,142,1,8,2
1973,401,Fred Kendall,/players/k/kendafr01.shtml,kendafr01,24,SDP,5,145,135,145,138,0,138,0,0,0,0,0,0,0,0,0,7,0
1973,402,John Kennedy,/players/k/kennejo03.shtml,kennejo03,32,BOS,11,67,41,67,55,0,0,0,31,24,0,0,0,0,0,10,1,16
1973,403,Jerry Kenney,/players/k/kenneje01.shtml,kenneje01,28,CLE,6,5,4,5,5,0,0,0,5,0,0,0,0,0,0,0,0,0
1973,404,Joe Keough,/players/k/keougjo01.shtml,keougjo01,27,CHW,6,5,0,5,0,0,0,0,0,0,0,0,0,0,0,0,1,4
1973,405,Don Kessinger,/players/k/kessido01.shtml,kessido01,30,CHC,10,160,156,160,158,0,0,0,0,0,158,0,0,0,0,0,2,0
1973,406,Mike Kilkenny,/players/k/kilkemi01.shtml,kilkemi01,28,CLE,5,5,0,0,5,5,0,0,0,0,0,0,0,0,0,0,0,0
1973,407,Harmon Killebrew,/players/k/killeha01.shtml,killeha01,37,MIN,20,69,66,69,57,0,0,57,0,0,0,0,0,0,0,9,3,0
1973,408,Hal King,/players/k/kingha01.shtml,kingha01,29,CIN,6,35,5,35,9,0,9,0,0,0,0,0,0,0,0,0,29,0
1973,409,Dave Kingman,/players/k/kingmda01.shtml,kingmda01,24,SFG,3,112,80,112,105,2,0,46,0,60,0,0,0,0,0,0,10,11
1973,410,Clay Kirby,/players/k/kirbycl01.shtml,kirbycl01,25,SDP,5,35,31,35,34,34,0,0,0,0,0,0,0,0,0,0,0,1
1973,411,Ed Kirkpatrick,/players/k/kirkped01.shtml,kirkped01,28,KCR,12,126,116,126,118,0,15,0,0,0,0,29,12,71,112,8,5,0
1973,412,Bruce Kison,/players/k/kisonbr01.shtml,kisonbr01,23,PIT,3,7,7,7,7,7,0,0,0,0,0,0,0,0,0,0,0,0
1973,413,Steve Kline,/players/k/klinest01.shtml,klinest01,25,NYY,4,14,13,0,14,14,0,0,0,0,0,0,0,0,0,0,0,0
1973,414,Darold Knowles,/players/k/knowlda01.shtml,knowlda01,31,OAK,9,53,5,3,52,52,0,0,0,0,0,0,0,0,0,0,1,0
1973,415,John Knox,/players/k/knoxjo01.shtml,knoxjo01,24,DET,2,12,8,12,9,0,0,0,9,0,0,0,0,0,0,0,0,3
1973,416,Kevin Kobel,/players/k/kobelke01.shtml,kobelke01,19,MIL,1st,2,1,0,2,2,0,0,0,0,0,0,0,0,0,0,0,0
1973,417,Doug Konieczny,/players/k/koniedo01.shtml,koniedo01,21,HOU,1st,2,2,2,2,2,0,0,0,0,0,0,0,0,0,0,0,0
1973,418,Jerry Koosman,/players/k/koosmje01.shtml,koosmje01,30,NYM,7,35,35,35,35,35,0,0,0,0,0,0,0,0,0,0,0,0
1973,419,Andy Kosco,/players/k/koscoan01.shtml,koscoan01,31,CIN,9,47,32,47,37,0,0,1,0,0,0,0,8,30,36,0,14,0
1973,420,Ed Kranepool,/players/k/kraneed01.shtml,kraneed01,28,NYM,12,100,73,100,83,0,0,51,0,0,0,31,0,1,32,0,21,1
1973,421,Lew Krausse,/players/k/krausle02.shtml,krausle02,30,STL,11,1,0,1,1,1,0,0,0,0,0,0,0,0,0,0,0,0
1973,422,Jim Kremmel,/players/k/kremmji01.shtml,kremmji01,24,TEX,1st,4,2,0,4,4,0,0,0,0,0,0,0,0,0,0,0,0
1973,423,Ted Kubiak,/players/k/kubiate01.shtml,kubiate01,31,OAK,7,106,41,106,106,0,0,0,83,2,26,0,0,0,0,0,4,1
1973,424,Craig Kusick,/players/k/kusiccr01.shtml,kusiccr01,24,MIN,1st,15,13,15,13,0,0,11,0,0,0,2,0,0,2,2,2,0
1973,425,Art Kusnyer,/players/k/kusnyar01.shtml,kusnyar01,27,CAL,4,41,19,41,41,0,41,0,0,0,0,0,0,0,0,0,0,0
1973,426,Tony La Russa,/players/l/larusto01.shtml,larusto01,28,CHC,6,1,0,1,0,0,0,0,0,0,0,0,0,0,0,0,0,1
1973,427,Coco Laboy,/players/l/laboyco01.shtml,laboyco01,32,MON,5,22,9,22,20,0,0,0,0,20,0,0,0,0,0,0,3,0
1973,428,Pete LaCock,/players/l/lacocpe01.shtml,lacocpe01,21,CHC,2,11,3,11,5,0,0,0,0,0,0,0,0,5,5,0,7,0
1973,429,Lee Lacy,/players/l/lacyle01.shtml,lacyle01,25,LAD,2,57,29,57,41,0,0,0,41,0,0,0,0,0,0,0,15,6
1973,430,Lerrin LaGrow,/players/l/lagrole01.shtml,lagrole01,24,DET,3,21,3,0,21,21,0,0,0,0,0,0,0,0,0,0,0,0
1973,431,Joe Lahoud,/players/l/lahoujo01.shtml,lahoujo01,26,MIL,6,96,57,96,41,0,0,0,0,0,0,2,0,40,42,41,33,1
1973,432,John Lamb,/players/l/lambjo01.shtml,lambjo01,26,PIT,3,22,0,22,22,22,0,0,0,0,0,0,0,0,0,0,0,0
1973,433,Ray Lamb,/players/l/lambra01.shtml,lambra01,28,CLE,5,32,1,0,32,32,0,0,0,0,0,0,0,0,0,0,0,0
1973,434,Marv Lane,/players/l/lanema01.shtml,lanema01,23,DET,3,6,2,6,4,0,0,0,0,0,0,3,0,3,6,0,0,2
1973,435,Dick Lange,/players/l/langedi01.shtml,langedi01,24,CAL,2,17,4,0,17,17,0,0,0,0,0,0,0,0,0,0,0,0
1973,436,Hal Lanier,/players/l/lanieha01.shtml,lanieha01,30,NYY,10,35,22,35,35,0,0,0,8,1,26,0,0,0,0,0,0,3
1973,437,Dave LaRoche,/players/l/larocda01.shtml,larocda01,25,CHC,4,45,0,45,45,45,0,0,0,0,0,0,0,0,0,0,0,0
1973,438,Bill Lee,/players/l/leebi03.shtml,leebi03,26,BOS,5,38,33,1,38,38,0,0,0,0,0,0,0,0,0,0,0,0
1973,439,Leron Lee,/players/l/leele02.shtml,leele02,25,SDP,5,118,79,118,84,0,0,0,0,0,0,73,0,13,84,0,38,0
1973,440,Dave Lemanczyk,/players/l/lemanda01.shtml,lemanda01,22,DET,1st,1,0,0,1,1,0,0,0,0,0,0,0,0,0,0,0,0
1973,441,Eddie Leon,/players/l/leoned01.shtml,leoned01,26,CHW,6,127,122,127,125,0,0,0,3,0,122,0,0,0,0,0,2,1
1973,442,Max Leon,/players/l/leonma01.shtml,leonma01,23,ATL,1st,16,1,16,12,12,0,0,0,0,0,0,0,0,0,0,0,4
1973,443,Barry Lersch,/players/l/lerscba01.shtml,lerscba01,28,PHI,5,43,4,43,42,42,0,0,0,0,0,0,0,0,0,0,0,2
1973,444,Allan Lewis,/players/l/lewisal01.shtml,lewisal01,31,OAK,6,35,0,35,1,0,0,0,0,0,0,1,0,0,1,13,0,35
1973,445,Paul Lindblad,/players/l/lindbpa01.shtml,lindbpa01,31,OAK,9,36,3,0,36,36,0,0,0,0,0,0,0,0,0,0,0,0
1973,446,Larry Lintz,/players/l/lintzla01.shtml,lintzla01,23,MON,1st,52,31,52,48,0,0,0,34,0,14,0,1,0,1,0,2,6
1973,447,Frank Linzy,/players/l/linzyfr01.shtml,linzyfr01,32,MIL,10,42,1,1,41,42,0,0,0,0,0,0,0,0,0,0,0,0
1973,448,Joe Lis,/players/l/lisjo01.shtml,lisjo01,26,MIN,4,103,68,103,96,0,0,96,0,0,0,0,0,0,0,3,5,6
1973,449,Mark Littell,/players/l/littema01.shtml,littema01,20,KCR,1st,8,7,0,8,8,0,0,0,0,0,0,0,0,0,0,0,0
1973,450,Winston Llenas,/players/l/llenawi01.shtml,llenawi01,29,CAL,4,78,13,78,35,0,0,0,21,11,0,4,0,0,4,5,64,0
1973,451,Bob Locker,/players/l/lockebo02.shtml,lockebo02,35,CHC,9,63,0,63,63,63,0,0,0,0,0,0,0,0,0,0,0,0
1973,452,Gene Locklear,/players/l/locklge01.shtml,locklge01,23,2TM,1st,96,38,96,42,0,0,0,0,0,0,40,0,2,42,0,50,5
1973,453,Skip Lockwood,/players/l/lockwsk01.shtml,lockwsk01,26,MIL,6,37,15,0,37,37,0,0,0,0,0,0,0,0,0,0,0,0
1973,454,Mickey Lolich,/players/l/lolicmi01.shtml,lolicmi01,32,DET,11,42,42,0,42,42,0,0,0,0,0,0,0,0,0,0,0,0
1973,455,Ron Lolich,/players/l/lolicro01.shtml,lolicro01,26,CLE,3,61,30,61,32,0,0,0,0,0,0,5,0,28,33,12,25,1
1973,456,Jim Lonborg,/players/l/lonboji01.shtml,lonboji01,31,PHI,9,38,30,38,38,38,0,0,0,0,0,0,0,0,0,0,0,0
1973,457,Davey Lopes,/players/l/lopesda01.shtml,lopesda01,28,LAD,2,142,133,142,138,0,0,0,135,1,2,0,2,3,5,0,2,4
1973,458,Joe Lovitto,/players/l/lovitjo01.shtml,lovitjo01,22,TEX,2,26,12,26,24,0,0,0,0,19,0,0,3,2,5,1,0,6
1973,459,John Lowenstein,/players/l/lowenjo01.shtml,lowenjo01,26,CLE,4,98,74,98,83,0,0,3,26,9,0,12,4,37,53,4,22,1
1973,460,Mike Lum,/players/l/lummi01.shtml,lummi01,27,ATL,7,138,125,138,130,0,0,84,0,0,0,48,3,14,65,0,10,0
1973,461,Tom Lundstedt,/players/l/lundsto01.shtml,lundsto01,24,CHC,1st,4,2,4,4,0,4,0,0,0,0,0,0,0,0,0,0,0
1973,462,Greg Luzinski,/players/l/luzingr01.shtml,luzingr01,22,PHI,4,161,157,161,159,0,0,0,0,0,0,159,0,0,159,0,4,0
1973,463,Sparky Lyle,/players/l/lylesp01.shtml,lylesp01,28,NYY,7,51,0,0,51,51,0,0,0,0,0,0,0,0,0,0,0,0
1973,464,Jim Lyttle,/players/l/lyttlji01.shtml,lyttlji01,27,MON,5,49,30,49,35,0,0,0,0,0,0,1,34,0,35,0,15,1
1973,465,Pete Mackanin,/players/m/mackape01.shtml,mackape01,21,TEX,1st,44,25,44,43,0,0,0,0,10,33,0,0,0,0,0,2,2
1973,466,Elliott Maddox,/players/m/maddoel01.shtml,maddoel01,25,TEX,4,100,52,100,95,0,0,0,0,7,0,22,59,11,92,2,4,14
1973,467,Garry Maddox,/players/m/maddoga01.shtml,maddoga01,23,SFG,2,144,140,144,140,0,0,0,0,0,0,0,140,0,140,0,2,2
1973,468,Bill Madlock,/players/m/madlobi01.shtml,madlobi01,22,TEX,1st,21,21,21,21,0,0,0,0,21,0,0,0,0,0,0,0,0
1973,469,Jim Magnuson,/players/m/magnuji01.shtml,magnuji01,26,NYY,3,8,0,0,8,8,0,0,0,0,0,0,0,0,0,0,0,0
1973,470,Angel Mangual,/players/m/manguan01.shtml,manguan01,26,OAK,4,74,43,74,50,0,0,0,0,0,0,14,17,21,52,14,16,1
1973,471,Pepe Mangual,/players/m/mangupe01.shtml,mangupe01,21,MON,2,33,15,33,23,0,0,0,0,0,0,19,3,1,23,0,10,5
1973,472,Juan Marichal,/players/m/maricju01.shtml,maricju01,35,SFG,14,34,32,34,34,34,0,0,0,0,0,0,0,0,0,0,0,0
1973,473,Gonzalo Marquez,/players/m/marqugo01.shtml,marqugo01,33,2TM,2,42,20,42,20,0,0,19,0,0,0,0,0,1,1,1,21,0
1973,474,Dave Marshall,/players/m/marshda01.shtml,marshda01,30,SDP,7,39,8,39,8,0,0,0,0,0,0,0,0,8,8,0,31,0
1973,475,Keith Marshall,/players/m/marshke01.shtml,marshke01,21,KCR,1st,8,1,8,8,0,0,0,0,0,0,5,2,2,9,0,0,0
1973,476,Mike Marshall,/players/m/marshmi01.shtml,marshmi01,30,MON,6,92,0,92,92,92,0,0,0,0,0,0,0,0,0,0,0,0
1973,477,Buck Martinez,/players/m/martibu01.shtml,martibu01,24,KCR,4,14,10,14,14,0,14,0,0,0,0,0,0,0,0,0,0,0
1973,478,Ted Martinez,/players/m/martite01.shtml,martite01,25,NYM,4,92,68,92,82,0,0,0,5,14,43,5,18,0,22,0,1,13
1973,479,Clyde Mashore,/players/m/mashocl01.shtml,mashocl01,28,MON,5,67,29,67,45,0,0,0,1,0,0,43,3,1,44,0,20,12
1973,480,Don Mason,/players/m/masondo01.shtml,masondo01,28,SDP,8,8,0,8,1,0,0,0,1,0,0,0,0,0,0,0,6,1
1973,481,Jim Mason,/players/m/masonji01.shtml,masonji01,22,TEX,3,93,72,93,92,0,0,0,19,1,74,0,0,0,0,0,1,2
1973,482,Jon Matlack,/players/m/matlajo01.shtml,matlajo01,23,NYM,3,35,34,35,34,34,0,0,0,0,0,0,0,0,0,0,0,1
1973,483,Gary Matthews,/players/m/matthga01.shtml,matthga01,22,SFG,2,148,140,148,145,0,0,0,0,0,0,144,0,1,145,0,1,2
1973,484,Dal Maxvill,/players/m/maxvida01.shtml,maxvida01,34,2TM,12,103,75,103,102,0,0,0,11,1,92,0,0,0,0,0,2,2
1973,485,Carlos May,/players/m/mayca01.shtml,mayca01,25,CHW,6,149,147,149,72,0,0,2,0,0,0,70,0,0,70,75,2,0
1973,486,Dave May,/players/m/mayda01.shtml,mayda01,29,MIL,7,156,152,156,152,0,0,0,0,0,0,0,152,0,152,2,3,1
1973,487,Jerry May,/players/m/mayje01.shtml,mayje01,29,2TM,10,15,12,15,15,0,15,0,0,0,0,0,0,0,0,0,0,0
1973,488,Lee May,/players/m/mayle01.shtml,mayle01,30,HOU,9,148,144,148,144,0,0,144,0,0,0,0,0,0,0,0,4,0
1973,489,Milt May,/players/m/maymi01.shtml,maymi01,22,PIT,4,101,78,101,79,0,79,0,0,0,0,0,0,0,0,0,22,0
1973,490,Rudy May,/players/m/mayru01.shtml,mayru01,28,CAL,6,34,28,1,34,34,0,0,0,0,0,0,0,0,0,0,0,0
1973,491,John Mayberry,/players/m/maybejo01.shtml,maybejo01,24,KCR,6,152,146,152,149,0,0,149,0,0,0,0,0,0,0,1,6,0
1973,492,Willie Mays,/players/m/mayswi01.shtml,mayswi01,42,NYM,22,66,55,66,62,0,0,17,0,0,0,0,45,0,45,0,9,0
1973,493,Ernie McAnally,/players/m/mcanaer01.shtml,mcanaer01,26,MON,3,27,24,27,27,27,0,0,0,0,0,0,0,0,0,0,0,0
1973,494,Jim McAndrew,/players/m/mcandji01.shtml,mcandji01,29,NYM,6,24,12,24,23,23,0,0,0,0,0,0,0,0,0,0,0,1
1973,495,Dick McAuliffe,/players/m/mcauldi01.shtml,mcauldi01,33,DET,14,106,96,106,102,0,0,0,102,0,2,0,0,0,0,1,7,2
1973,496,Bake McBride,/players/m/mcbriba01.shtml,mcbriba01,24,STL,1st,40,12,40,18,0,0,0,0,0,0,1,17,0,18,0,21,6
1973,497,Tim McCarver,/players/m/mccarti01.shtml,mccarti01,31,STL,14,130,78,130,87,0,11,77,0,0,0,0,0,0,0,0,47,0
1973,498,Willie McCovey,/players/m/mccovwi01.shtml,mccovwi01,35,SFG,15,130,116,130,117,0,0,117,0,0,0,0,0,0,0,0,13,0
1973,499,Tommy McCraw,/players/m/mccrato01.shtml,mccrato01,32,CAL,11,99,60,99,61,0,0,25,0,0,0,33,1,2,36,9,34,2
1973,500,Lindy McDaniel,/players/m/mcdanli01.shtml,mcdanli01,37,NYY,19,47,3,1,47,47,0,0,0,0,0,0,0,0,0,0,0,0
1973,501,Sam McDowell,/players/m/mcdowsa01.shtml,mcdowsa01,30,2TM,13,34,18,18,34,34,0,0,0,0,0,0,0,0,0,0,0,0
1973,502,Lynn McGlothen,/players/m/mcgloly01.shtml,mcgloly01,23,BOS,2,6,3,0,6,6,0,0,0,0,0,0,0,0,0,0,0,0
1973,503,Jim McGlothlin,/players/m/mcgloji01.shtml,mcgloji01,29,2TM,9,29,10,24,29,29,0,0,0,0,0,0,0,0,0,0,0,0
1973,504,Tug McGraw,/players/m/mcgratu01.shtml,mcgratu01,28,NYM,8,60,2,60,60,60,0,0,0,0,0,0,0,0,0,0,0,0
1973,505,Jim McKee,/players/m/mckeeji02.shtml,mckeeji02,26,PIT,2,15,1,15,15,15,0,0,0,0,0,0,0,0,0,0,0,0
1973,506,Rich McKinney,/players/m/mckinri01.shtml,mckinri01,26,OAK,4,48,8,48,26,0,0,0,7,17,0,3,0,0,3,6,23,0
1973,507,Don McMahon,/players/m/mcmahdo02.shtml,mcmahdo02,43,SFG,17,22,0,22,22,22,0,0,0,0,0,0,0,0,0,0,0,0
1973,508,Ken McMullen,/players/m/mcmulke01.shtml,mcmulke01,31,LAD,12,42,15,42,24,0,0,0,0,24,0,0,0,0,0,0,21,0
1973,509,Dave McNally,/players/m/mcnalda01.shtml,mcnalda01,30,BAL,12,38,38,0,38,38,0,0,0,0,0,0,0,0,0,0,0,0
1973,510,Jerry McNertney,/players/m/mcnerje01.shtml,mcnerje01,36,PIT,9,9,1,9,9,0,9,0,0,0,0,0,0,0,0,0,0,0
1973,511,Hal McRae,/players/m/mcraeha01.shtml,mcraeha01,27,KCR,5,106,90,106,66,0,0,0,0,3,0,3,0,63,66,37,14,0
1973,512,Doc Medich,/players/m/medicdo01.shtml,medicdo01,24,NYY,2,34,32,0,34,34,0,0,0,0,0,0,0,0,0,0,0,0
1973,513,Luis Melendez,/players/m/melenlu01.shtml,melenlu01,23,STL,4,121,84,121,96,0,0,0,0,0,0,2,65,33,96,0,31,2
1973,514,Bill Melton,/players/m/meltobi01.shtml,meltobi01,27,CHW,6,152,152,152,151,0,0,0,0,151,0,0,0,0,0,1,0,0
1973,515,Denis Menke,/players/m/menkede01.shtml,menkede01,32,CIN,12,139,73,139,132,0,0,1,5,123,7,0,0,0,0,0,15,0
1973,516,Rudy Meoli,/players/m/meoliru01.shtml,meoliru01,22,CAL,2,120,99,120,115,0,0,0,8,13,96,0,0,0,0,0,1,9
1973,517,Jim Merritt,/players/m/merriji01.shtml,merriji01,29,TEX,9,35,19,0,35,35,0,0,0,0,0,0,0,0,0,0,0,0
1973,518,Andy Messersmith,/players/m/messean01.shtml,messean01,27,LAD,6,34,33,34,33,33,0,0,0,0,0,0,0,0,0,0,1,0
1973,519,Roger Metzger,/players/m/metzgro01.shtml,metzgro01,25,HOU,4,154,146,154,149,0,0,0,0,0,149,0,0,0,0,0,0,6
1973,520,Gene Michael,/players/m/michage01.shtml,michage01,35,NYY,8,129,127,129,129,0,0,0,0,0,129,0,0,0,0,0,0,0
1973,521,Felix Millan,/players/m/millafe01.shtml,millafe01,29,NYM,8,153,153,153,153,0,0,0,153,0,0,0,0,0,0,0,0,0
1973,522,Bob Miller,/players/m/millebo04.shtml,millebo04,34,3TM,16,41,0,19,41,41,0,0,0,0,0,0,0,0,0,0,0,0
1973,523,Bruce Miller,/players/m/millebr01.shtml,millebr01,26,SFG,1st,12,4,12,8,0,0,0,3,4,1,0,0,0,0,0,4,1
1973,524,Norm Miller,/players/m/milleno01.shtml,milleno01,27,2TM,9,12,1,12,2,0,0,0,0,0,0,1,0,1,2,0,11,0
1973,525,Rick Miller,/players/m/milleri01.shtml,milleri01,25,BOS,3,143,116,143,137,0,0,0,0,0,0,15,73,60,148,3,3,6
1973,526,John Milner,/players/m/milnejo01.shtml,milnejo01,23,NYM,3,129,122,129,123,0,0,95,0,0,0,29,0,0,29,0,6,0
1973,527,Steve Mingori,/players/m/mingost01.shtml,mingost01,29,2TM,4,24,1,0,24,24,0,0,0,0,0,0,0,0,0,0,0,0
1973,528,Bobby Mitchell,/players/m/mitchbo02.shtml,mitchbo02,29,MIL,3,47,33,47,20,0,0,0,0,0,0,10,0,10,20,19,10,1
1973,529,George Mitterwald,/players/m/mittege01.shtml,mittege01,28,MIN,7,125,117,125,122,0,122,0,0,0,0,0,0,0,0,3,4,0
1973,530,Randy Moffitt,/players/m/moffira01.shtml,moffira01,24,SFG,2,60,0,60,60,60,0,0,0,0,0,0,0,0,0,0,0,0
1973,531,Rick Monday,/players/m/mondari01.shtml,mondari01,27,CHC,8,149,144,149,148,0,0,0,0,0,0,0,148,0,148,0,3,0
1973,532,Don Money,/players/m/moneydo01.shtml,moneydo01,26,MIL,6,145,143,145,145,0,0,0,0,130,18,0,0,0,0,0,2,0
1973,533,John Montague,/players/m/montajo01.shtml,montajo01,25,MON,1st,4,0,4,4,4,0,0,0,0,0,0,0,0,0,0,0,0
1973,534,Willie Montanez,/players/m/montawi01.shtml,montawi01,25,PHI,5,146,140,146,140,0,0,99,0,0,0,0,0,52,52,0,6,0
1973,535,Aurelio Monteagudo,/players/m/monteau01.shtml,monteau01,29,CAL,7,15,0,0,15,15,0,0,0,0,0,0,0,0,0,0,0,0
1973,536,Bob Montgomery,/players/m/montgbo01.shtml,montgbo01,29,BOS,4,34,31,34,33,0,33,0,0,0,0,0,0,0,0,0,1,0
1973,537,Dan Monzon,/players/m/monzoda01.shtml,monzoda01,27,MIN,2,39,19,39,31,0,0,0,17,14,0,1,0,0,1,2,3,6
1973,538,Balor Moore,/players/m/mooreba02.shtml,mooreba02,22,MON,3,35,32,35,35,35,0,0,0,0,0,0,0,0,0,0,0,0
1973,539,Charlie Moore,/players/m/moorech02.shtml,moorech02,20,MIL,1st,8,7,8,8,0,8,0,0,0,0,0,0,0,0,0,0,0
1973,540,Tommy Moore,/players/m/mooreto01.shtml,mooreto01,24,NYM,2,4,1,4,3,3,0,0,0,0,0,0,0,0,0,0,0,1
1973,541,Bob Moose,/players/m/moosebo01.shtml,moosebo01,25,PIT,7,37,29,37,33,33,0,0,0,0,0,0,0,0,0,0,0,4
1973,542,Jerry Morales,/players/m/moralje01.shtml,moralje01,24,SDP,5,122,89,122,101,0,0,0,0,0,0,29,52,27,101,0,25,1
1973,543,Jose Morales,/players/m/moraljo01.shtml,moraljo01,28,2TM,1st,11,3,11,0,0,0,0,0,0,0,0,0,0,0,3,8,0
1973,544,Rich Morales,/players/m/moralri01.shtml,moralri01,29,2TM,7,97,82,97,96,0,0,0,81,5,11,0,0,0,0,0,2,4
1973,545,Roger Moret,/players/m/moretro01.shtml,moretro01,23,BOS,4,30,15,0,30,30,0,0,0,0,0,0,0,0,0,0,0,0
1973,546,Joe Morgan,/players/m/morgajo02.shtml,morgajo02,29,CIN,11,157,151,157,154,0,0,0,154,0,0,0,0,0,0,0,4,1
1973,547,John Morlan,/players/m/morlajo01.shtml,morlajo01,25,PIT,1st,10,7,10,10,10,0,0,0,0,0,0,0,0,0,0,0,0
1973,548,John Morris,/players/m/morrijo06.shtml,morrijo06,31,SFG,7,7,0,7,7,7,0,0,0,0,0,0,0,0,0,0,0,0
1973,549,Carl Morton,/players/m/mortoca01.shtml,mortoca01,29,ATL,5,40,37,40,38,38,0,0,0,0,0,0,0,0,0,0,1,1
1973,550,Jerry Moses,/players/m/mosesje01.shtml,mosesje01,26,NYY,7,21,17,21,17,0,17,0,0,0,0,0,0,0,0,1,3,0
1973,551,Manny Mota,/players/m/motama01.shtml,motama01,35,LAD,12,89,71,89,74,0,0,0,0,0,0,74,0,0,74,0,18,0
1973,552,Curt Motton,/players/m/mottocu01.shtml,mottocu01,32,BAL,7,5,1,5,1,0,0,0,0,0,0,1,0,0,1,1,2,1
1973,553,Thurman Munson,/players/m/munsoth01.shtml,munsoth01,26,NYY,5,147,142,147,142,0,142,0,0,0,0,0,0,0,0,1,5,0
1973,554,Bobby Murcer,/players/m/murcebo01.shtml,murcebo01,27,NYY,7,160,160,160,160,0,0,0,0,0,0,0,160,0,160,0,0,0
1973,555,Tom Murphy,/players/m/murphto02.shtml,murphto02,27,STL,6,19,13,19,19,19,0,0,0,0,0,0,0,0,0,0,0,0
1973,556,Ivan Murrell,/players/m/murreiv01.shtml,murreiv01,30,SDP,9,93,41,93,60,0,0,24,0,0,0,10,18,12,37,0,36,2
1973,557,Tony Muser,/players/m/muserto01.shtml,muserto01,25,CHW,4,109,78,109,91,0,0,89,0,0,0,2,0,0,2,13,11,2
1973,558,Mike Nagy,/players/n/nagymi01.shtml,nagymi01,25,STL,5,9,7,9,9,9,0,0,0,0,0,0,0,0,0,0,0,0
1973,559,Gary Neibauer,/players/n/neibaga01.shtml,neibaga01,28,ATL,5,16,1,16,16,16,0,0,0,0,0,0,0,0,0,0,0,0
1973,560,Dave Nelson,/players/n/nelsoda01.shtml,nelsoda01,29,TEX,6,142,137,142,140,0,0,0,140,0,0,0,0,0,0,1,3,2
1973,561,Roger Nelson,/players/n/nelsoro02.shtml,nelsoro02,29,CIN,7,14,8,14,14,14,0,0,0,0,0,0,0,0,0,0,0,0
1973,562,Graig Nettles,/players/n/nettlgr01.shtml,nettlgr01,28,NYY,7,160,159,160,157,0,0,0,0,157,0,0,0,0,0,2,1,0
1973,563,Don Newhauser,/players/n/newhado01.shtml,newhado01,25,BOS,2,9,0,0,9,9,0,0,0,0,0,0,0,0,0,0,0,0
1973,564,Ray Newman,/players/n/newmara01.shtml,newmara01,28,MIL,3,11,0,0,11,11,0,0,0,0,0,0,0,0,0,0,0,0
1973,565,Joe Niekro,/players/n/niekrjo01.shtml,niekrjo01,28,ATL,7,20,0,20,20,20,0,0,0,0,0,0,0,0,0,0,0,0
1973,566,Phil Niekro,/players/n/niekrph01.shtml,niekrph01,34,ATL,10,42,30,42,42,42,0,0,0,0,0,0,0,0,0,0,0,0
1973,567,Gary Nolan,/players/n/nolanga01.shtml,nolanga01,25,CIN,7,2,2,2,2,2,0,0,0,0,0,0,0,0,0,0,0,0
1973,568,Fred Norman,/players/n/normafr01.shtml,normafr01,30,2TM,9,36,35,36,36,36,0,0,0,0,0,0,0,0,0,0,0,0
1973,569,Bill North,/players/n/northbi01.shtml,northbi01,25,OAK,3,146,142,146,138,0,0,0,0,0,0,0,136,2,138,6,2,2
1973,570,Jim Northrup,/players/n/northji01.shtml,northji01,33,DET,10,119,95,119,116,0,0,0,0,0,0,56,10,78,144,1,10,5
1973,571,Denny O'Toole,/players/o/o'toode01.shtml,o'toode01,24,CHW,5,6,0,0,6,6,0,0,0,0,0,0,0,0,0,0,0,0
1973,572,Johnny Oates,/players/o/oatesjo01.shtml,oatesjo01,27,ATL,3,93,79,93,86,0,86,0,0,0,0,0,0,0,0,0,10,1
1973,573,Blue Moon Odom,/players/o/odombl01.shtml,odombl01,28,OAK,10,51,24,21,30,30,0,0,0,0,0,0,0,0,0,9,1,20
1973,574,Ben Oglivie,/players/o/oglivbe01.shtml,oglivbe01,24,BOS,3,58,36,58,33,0,0,0,0,0,0,4,0,29,33,16,13,9
1973,575,Tony Oliva,/players/o/olivato01.shtml,olivato01,34,MIN,12,146,138,146,0,0,0,0,0,0,0,0,0,0,0,142,8,0
1973,576,Al Oliver,/players/o/oliveal01.shtml,oliveal01,26,PIT,6,158,156,158,156,0,0,50,0,0,0,0,109,0,109,0,2,0
1973,577,Bob Oliver,/players/o/olivebo01.shtml,olivebo01,30,CAL,6,151,136,151,127,0,0,32,0,49,0,0,0,47,47,12,15,0
1973,578,Steve Ontiveros,/players/o/ontivst01.shtml,ontivst01,21,SFG,1st,24,4,24,6,0,0,5,0,0,0,0,0,1,1,0,18,0
1973,579,Jorge Orta,/players/o/ortajo01.shtml,ortajo01,22,CHW,2,128,116,128,122,0,0,0,122,0,1,0,0,0,0,0,9,0
1973,580,Frank Ortenzio,/players/o/ortenfr01.shtml,ortenfr01,22,KCR,1st,9,6,9,7,0,0,7,0,0,0,0,0,0,0,1,2,0
1973,581,Claude Osteen,/players/o/osteecl01.shtml,osteecl01,33,LAD,16,33,33,33,33,33,0,0,0,0,0,0,0,0,0,0,0,0
1973,582,Brian Ostrosser,/players/o/ostrobr01.shtml,ostrobr01,24,NYM,1st,4,1,4,4,0,0,0,0,0,4,0,0,0,0,0,0,0
1973,583,Amos Otis,/players/o/otisam01.shtml,otisam01,26,KCR,6,148,148,148,134,0,0,0,0,0,0,0,134,0,134,14,0,0
1973,584,Tom Paciorek,/players/p/pacioto01.shtml,pacioto01,26,LAD,4,96,41,96,80,0,0,3,0,0,0,38,23,26,78,0,20,9
1973,585,Dave Pagan,/players/p/paganda01.shtml,paganda01,23,NYY,1st,4,1,0,4,4,0,0,0,0,0,0,0,0,0,0,0,0
1973,586,Jose Pagan,/players/p/paganjo01.shtml,paganjo01,38,PHI,15,46,10,46,21,0,0,5,0,17,0,1,0,1,2,0,30,0
1973,587,Jim Palmer,/players/p/palmeji01.shtml,palmeji01,27,BAL,8,38,37,0,38,38,0,0,0,0,0,0,0,0,0,0,0,0
1973,588,Jim Panther,/players/p/panthji01.shtml,panthji01,28,ATL,3,23,0,23,23,23,0,0,0,0,0,0,0,0,0,0,0,0
1973,589,Milt Pappas,/players/p/pappami01.shtml,pappami01,34,CHC,17,30,29,30,30,30,0,0,0,0,0,0,0,0,0,0,0,0
1973,590,Billy Parker,/players/p/parkebi01.shtml,parkebi01,31,CAL,3,38,30,38,32,0,0,0,32,0,3,0,0,0,0,2,2,6
1973,591,Dave Parker,/players/p/parkeda01.shtml,parkeda01,22,PIT,1st,54,31,54,39,0,0,0,0,0,0,4,16,19,39,0,15,2
1973,592,Harry Parker,/players/p/parkeha01.shtml,parkeha01,25,NYM,3,38,9,38,38,38,0,0,0,0,0,0,0,0,0,0,0,0
1973,593,Bill Parsons,/players/p/parsobi01.shtml,parsobi01,24,MIL,3,20,17,0,20,20,0,0,0,0,0,0,0,0,0,0,0,0
1973,594,Freddie Patek,/players/p/patekfr01.shtml,patekfr01,28,KCR,6,135,131,135,135,0,0,0,0,0,135,0,0,0,0,0,0,1
1973,595,Marty Pattin,/players/p/pattima01.shtml,pattima01,30,BOS,6,34,30,1,34,34,0,0,0,0,0,0,0,0,0,0,0,0
1973,596,Mike Paul,/players/p/paulmi01.shtml,paulmi01,28,2TM,6,47,11,11,47,47,0,0,0,0,0,0,0,0,0,0,0,0
1973,597,Orlando Pena,/players/p/penaor01.shtml,penaor01,39,2TM,12,53,2,42,53,53,0,0,0,0,0,0,0,0,0,0,0,0
1973,598,Joe Pepitone,/players/p/pepitjo01.shtml,pepitjo01,32,2TM,12,34,31,34,31,0,0,31,0,0,0,0,0,0,0,0,3,0
1973,599,Marty Perez,/players/p/perezma01.shtml,perezma01,27,ATL,5,141,130,141,139,0,0,0,0,0,139,0,0,0,0,0,6,1
1973,600,Tony Perez,/players/p/perezto01.shtml,perezto01,31,CIN,10,151,150,151,151,0,0,151,0,0,0,0,0,0,0,0,1,0
1973,601,Ron Perranoski,/players/p/perraro01.shtml,perraro01,37,CAL,13,8,0,1,8,8,0,0,0,0,0,0,0,0,0,0,0,0
1973,602,Gaylord Perry,/players/p/perryga01.shtml,perryga01,34,CLE,12,41,41,0,41,41,0,0,0,0,0,0,0,0,0,0,0,0
1973,603,Jim Perry,/players/p/perryji01.shtml,perryji01,37,DET,15,35,34,0,35,35,0,0,0,0,0,0,0,0,0,0,0,0
1973,604,Fritz Peterson,/players/p/peterfr01.shtml,peterfr01,31,NYY,8,31,31,1,31,31,0,0,0,0,0,0,0,0,0,0,0,0
1973,605,Rico Petrocelli,/players/p/petrori01.shtml,petrori01,30,BOS,10,100,99,100,99,0,0,0,0,99,0,0,0,0,0,0,1,0
1973,606,Mike Phillips,/players/p/phillmi01.shtml,phillmi01,22,SFG,1st,63,24,63,53,0,0,0,7,28,20,0,0,0,0,0,5,17
1973,607,Jack Pierce,/players/p/piercja01.shtml,piercja01,24,ATL,1st,11,4,11,6,0,0,6,0,0,0,0,0,0,0,0,5,0
1973,608,Horacio Pina,/players/p/pinaho01.shtml,pinaho01,28,OAK,6,47,0,2,47,47,0,0,0,0,0,0,0,0,0,0,0,0
1973,609,Lou Piniella,/players/p/pinielo01.shtml,pinielo01,29,KCR,7,144,133,144,128,0,0,0,0,0,0,128,0,0,128,9,11,0
1973,610,Vada Pinson,/players/p/pinsova01.shtml,pinsova01,34,CAL,16,124,113,124,121,0,0,0,0,0,0,81,33,26,140,0,6,1
1973,611,Juan Pizarro,/players/p/pizarju01.shtml,pizarju01,36,2TM,17,17,1,17,17,17,0,0,0,0,0,0,0,0,0,0,0,0
1973,612,Bill Plummer,/players/p/plummbi01.shtml,plummbi01,26,CIN,5,50,33,50,47,0,42,0,0,5,0,0,0,0,0,0,4,0
1973,613,Dick Pole,/players/p/poledi01.shtml,poledi01,22,BOS,1st,12,7,0,12,12,0,0,0,0,0,0,0,0,0,0,0,0
1973,614,Paul Popovich,/players/p/popovpa01.shtml,popovpa01,32,CHC,9,99,72,99,92,0,0,0,85,1,9,0,0,0,0,0,10,0
1973,615,Tom Poquette,/players/p/poqueto01.shtml,poqueto01,21,KCR,1st,21,7,21,20,0,0,0,0,0,0,0,2,18,20,0,1,2
1973,616,Darrell Porter,/players/p/porteda02.shtml,porteda02,21,MIL,3,117,103,117,90,0,90,0,0,0,0,0,0,0,0,20,10,0
1973,617,Boog Powell,/players/p/powelbo01.shtml,powelbo01,31,BAL,13,114,104,114,111,0,0,111,0,0,0,0,0,0,0,0,7,0
1973,618,Paul Powell,/players/p/powelpa01.shtml,powelpa01,25,LAD,2,2,0,2,1,0,0,0,0,0,0,1,0,0,1,0,1,0
1973,619,Dave Rader,/players/r/raderda01.shtml,raderda01,24,SFG,3,148,135,148,148,0,148,0,0,0,0,0,0,0,0,0,7,0
1973,620,Doug Rader,/players/r/raderdo02.shtml,raderdo02,28,HOU,7,154,152,154,152,0,0,0,0,152,0,0,0,0,0,0,2,0
1973,621,Tom Ragland,/players/r/raglato01.shtml,raglato01,27,CLE,3,67,50,67,67,0,0,0,65,0,2,0,0,0,0,0,2,1
1973,622,Lenny Randle,/players/r/randlle01.shtml,randlle01,24,TEX,3,10,7,10,7,0,0,0,5,0,0,0,2,0,2,3,0,3
1973,623,Doug Rau,/players/r/raudo01.shtml,raudo01,24,LAD,2,31,3,31,31,31,0,0,0,0,0,0,0,0,0,0,0,0
1973,624,Jim Ray,/players/r/rayji01.shtml,rayji01,28,HOU,8,42,0,42,42,42,0,0,0,0,0,0,0,0,0,0,0,0
1973,625,Barry Raziano,/players/r/raziaba01.shtml,raziaba01,26,KCR,1st,2,0,0,2,2,0,0,0,0,0,0,0,0,0,0,0,0
1973,626,Ron Reed,/players/r/reedro01.shtml,reedro01,30,ATL,8,21,19,21,20,20,0,0,0,0,0,0,0,0,0,0,0,1
1973,627,Rich Reese,/players/r/reeseri01.shtml,reeseri01,31,2TM,10,81,25,81,69,0,0,54,0,0,0,21,0,1,22,0,18,7
1973,628,Rick Reichardt,/players/r/reichri01.shtml,reichri01,30,2TM,10,87,72,87,44,0,0,0,0,0,0,31,6,7,44,37,11,1
1973,629,Ken Reitz,/players/r/reitzke01.shtml,reitzke01,22,STL,2,147,108,147,136,0,0,0,0,135,1,0,0,0,0,0,12,0
1973,630,Steve Renko,/players/r/renkost01.shtml,renkost01,28,MON,5,41,34,41,36,36,0,0,0,0,0,0,0,0,0,0,5,0
1973,631,Merv Rettenmund,/players/r/retteme01.shtml,retteme01,30,BAL,6,95,78,95,90,0,0,0,0,0,0,11,3,81,95,0,15,0
1973,632,Rick Reuschel,/players/r/reuscri01.shtml,reuscri01,24,CHC,2,36,36,36,36,36,0,0,0,0,0,0,0,0,0,0,0,0
1973,633,Jerry Reuss,/players/r/reussje01.shtml,reussje01,24,HOU,5,42,40,42,41,41,0,0,0,0,0,0,0,0,0,0,0,1
1973,634,Bob Reynolds,/players/r/reynobo01.shtml,reynobo01,26,BAL,4,42,1,0,42,42,0,0,0,0,0,0,0,0,0,0,0,0
1973,635,Ken Reynolds,/players/r/reynoke01.shtml,reynoke01,26,MIL,4,2,1,0,2,2,0,0,0,0,0,0,0,0,0,0,0,0
1973,636,J.R. Richard,/players/r/richaj.01.shtml,richaj.01,23,HOU,3,16,10,16,16,16,0,0,0,0,0,0,0,0,0,0,0,0
1973,637,Pete Richert,/players/r/richepe01.shtml,richepe01,33,LAD,12,39,0,39,39,39,0,0,0,0,0,0,0,0,0,0,0,0
1973,638,Mickey Rivers,/players/r/rivermi01.shtml,rivermi01,24,CAL,4,30,29,30,29,0,0,0,0,0,0,0,29,0,29,0,0,1
1973,639,Dave Roberts,/players/r/roberda06.shtml,roberda06,22,SDP,2,127,119,127,120,0,0,0,13,111,0,0,0,0,0,0,8,0
1973,640,Dave Roberts,/players/r/roberda05.shtml,roberda05,28,HOU,5,41,36,41,39,39,0,0,0,0,0,0,0,0,0,0,0,2
1973,641,Bob Robertson,/players/r/roberbo01.shtml,roberbo01,26,PIT,6,119,106,119,107,0,0,107,0,0,0,0,0,0,0,0,12,0
1973,642,Bill Robinson,/players/r/robinbi02.shtml,robinbi02,30,PHI,6,124,109,124,116,0,0,0,0,14,0,15,47,74,113,0,14,1
1973,643,Brooks Robinson,/players/r/robinbr01.shtml,robinbr01,36,BAL,19,155,151,155,154,0,0,0,0,154,0,0,0,0,0,0,1,0
1973,644,Craig Robinson,/players/r/robincr01.shtml,robincr01,24,PHI,2,46,40,46,45,0,0,0,4,0,42,0,0,0,0,0,2,0
1973,645,Frank Robinson,/players/r/robinfr02.shtml,robinfr02,37,CAL,18,147,144,147,17,0,0,0,0,0,0,17,0,0,17,127,3,0
1973,646,Sergio Robles,/players/r/roblese01.shtml,roblese01,27,BAL,2,8,4,8,8,0,8,0,0,0,0,0,0,0,0,0,0,1
1973,647,Aurelio Rodriguez,/players/r/rodriau01.shtml,rodriau01,25,DET,7,160,156,160,160,0,0,0,0,160,1,0,0,0,0,0,0,0
1973,648,Eduardo Rodriguez,/players/r/rodried01.shtml,rodried01,21,MIL,1st,30,6,2,30,30,0,0,0,0,0,0,0,0,0,0,0,0
1973,649,Ellie Rodriguez,/players/r/rodriel01.shtml,rodriel01,27,MIL,6,94,84,94,77,0,77,0,0,0,0,0,0,0,0,14,8,0
1973,650,Steve Rogers,/players/r/rogerst01.shtml,rogerst01,23,MON,1st,17,17,17,17,17,0,0,0,0,0,0,0,0,0,0,0,0
1973,651,Mike Rogodzinski,/players/r/rogodmi01.shtml,rogodmi01,25,PHI,1st,66,6,66,16,0,0,0,0,0,0,5,0,13,16,0,55,1
1973,652,Cookie Rojas,/players/r/rojasco01.shtml,rojasco01,34,KCR,12,139,136,139,136,0,0,0,136,0,0,0,0,0,0,0,3,0
1973,653,Vicente Romo,/players/r/romovi01.shtml,romovi01,30,SDP,6,49,1,49,49,49,0,0,0,0,0,0,0,0,0,0,0,0
1973,654,Phil Roof,/players/r/roofph01.shtml,roofph01,32,MIN,11,47,36,47,47,0,47,0,0,0,0,0,0,0,0,0,0,1
1973,655,Jim Rooker,/players/r/rookeji01.shtml,rookeji01,30,PIT,6,42,18,42,41,41,0,0,0,0,0,0,0,0,0,0,0,1
1973,656,Jorge Roque,/players/r/roquejo01.shtml,roquejo01,23,MON,4,25,17,25,24,0,0,0,0,0,0,0,24,0,24,0,0,2
1973,657,Pete Rose,/players/r/rosepe01.shtml,rosepe01,32,CIN,11,160,159,160,159,0,0,0,0,0,0,159,0,0,159,0,1,0
1973,658,Dave Rosello,/players/r/roselda01.shtml,roselda01,23,CHC,2,16,8,16,14,0,0,0,13,0,1,0,0,0,0,0,1,1
1973,659,Gary Ross,/players/r/rossga01.shtml,rossga01,25,SDP,6,58,0,58,58,58,0,0,0,0,0,0,0,0,0,0,0,0
1973,660,Jerry Royster,/players/r/roystje01.shtml,roystje01,20,LAD,1st,10,5,10,7,0,0,0,1,6,0,0,0,0,0,0,0,4
1973,661,Joe Rudi,/players/r/rudijo01.shtml,rudijo01,26,OAK,7,120,115,120,118,0,0,1,0,0,0,117,0,0,117,1,2,0
1973,662,Ken Rudolph,/players/r/rudolke01.shtml,rudolke01,26,CHC,5,64,52,64,64,0,64,0,0,0,0,0,0,0,0,0,0,0
1973,663,Bill Russell,/players/r/russebi01.shtml,russebi01,24,LAD,5,162,162,162,162,0,0,0,0,0,162,0,0,0,0,0,0,0
1973,664,Dick Ruthven,/players/r/ruthvdi01.shtml,ruthvdi01,22,PHI,1st,27,23,27,25,25,0,0,0,0,0,0,0,0,0,0,0,2
1973,665,Mike Ryan,/players/r/ryanmi02.shtml,ryanmi02,31,PHI,10,28,21,28,27,0,27,0,0,0,0,0,0,0,0,0,1,0
1973,666,Nolan Ryan,/players/r/ryanno01.shtml,ryanno01,26,CAL,7,41,39,1,41,41,0,0,0,0,0,0,0,0,0,0,0,0
1973,667,Gary Ryerson,/players/r/ryersga01.shtml,ryersga01,25,MIL,2,9,4,0,9,9,0,0,0,0,0,0,0,0,0,0,0,0
1973,668,Ray Sadecki,/players/s/sadecra01.shtml,sadecra01,32,NYM,14,31,11,31,31,31,0,0,0,0,0,0,0,0,0,0,0,0
1973,669,Mike Sadek,/players/s/sadekmi01.shtml,sadekmi01,27,SFG,1st,39,23,39,36,0,36,0,0,0,0,0,0,0,0,0,2,4
1973,670,Celerino Sanchez,/players/s/sanchce01.shtml,sanchce01,29,NYY,2,34,11,34,15,0,0,0,0,11,2,0,0,2,2,14,11,8
1973,671,Ken Sanders,/players/s/sandeke01.shtml,sandeke01,31,2TM,7,42,0,0,42,42,0,0,0,0,0,0,0,0,0,0,0,0
1973,672,Charlie Sands,/players/s/sandsch01.shtml,sandsch01,25,CAL,4,17,7,17,10,0,10,0,0,0,0,0,0,0,0,0,9,0
1973,673,Manny Sanguillen,/players/s/sanguma01.shtml,sanguma01,29,PIT,6,149,142,149,146,0,89,0,0,0,0,0,0,59,59,0,5,0
1973,674,Ron Santo,/players/s/santoro01.shtml,santoro01,33,CHC,14,149,146,149,146,0,0,0,0,146,0,0,0,0,0,0,3,0
1973,675,Al Santorini,/players/s/santoal01.shtml,santoal01,25,STL,6,6,0,6,6,6,0,0,0,0,0,0,0,0,0,0,0,0
1973,676,Mac Scarce,/players/s/scarcma01.shtml,scarcma01,24,PHI,2,52,0,52,52,52,0,0,0,0,0,0,0,0,0,0,0,0
1973,677,Paul Schaal,/players/s/schaapa01.shtml,schaapa01,30,KCR,10,121,118,121,121,0,0,0,0,121,0,0,0,0,0,0,1,0
1973,678,Richie Scheinblum,/players/s/scheiri01.shtml,scheiri01,30,2TM,7,106,75,106,73,0,0,0,0,0,0,7,0,67,74,7,30,0
1973,679,Fred Scherman,/players/s/scherfr01.shtml,scherfr01,28,DET,5,35,0,1,34,34,0,0,0,0,0,0,0,0,0,0,0,1
1973,680,Mike Schmidt,/players/s/schmimi01.shtml,schmimi01,23,PHI,2,132,106,132,125,0,0,2,5,125,2,0,0,0,0,0,14,0
1973,681,Dave Schneck,/players/s/schneda02.shtml,schneda02,24,NYM,2,13,12,13,12,0,0,0,0,0,0,0,12,0,12,0,1,0
1973,682,Ron Schueler,/players/s/schuero01.shtml,schuero01,25,ATL,2,39,20,39,39,39,0,0,0,0,0,0,0,0,0,0,0,0
1973,683,George Scott,/players/s/scottge02.shtml,scottge02,29,MIL,8,158,157,158,157,0,0,157,0,0,0,0,0,0,0,1,1,0
1973,684,Mickey Scott,/players/s/scottmi02.shtml,scottmi02,25,2TM,2,23,0,22,23,23,0,0,0,0,0,0,0,0,0,0,0,0
1973,685,Tony Scott,/players/s/scottto01.shtml,scottto01,21,MON,1st,11,1,11,3,0,0,0,0,0,0,1,1,1,3,0,1,9
1973,686,Tom Seaver,/players/s/seaveto01.shtml,seaveto01,28,NYM,7,39,36,39,36,36,0,0,0,0,0,0,0,0,0,0,0,3
1973,687,Chuck Seelbach,/players/s/seelbch01.shtml,seelbch01,25,DET,3,5,0,0,5,5,0,0,0,0,0,0,0,0,0,0,0,0
1973,688,Diego Segui,/players/s/seguidi01.shtml,seguidi01,35,STL,12,65,0,65,65,65,0,0,0,0,0,0,0,0,0,0,0,0
1973,689,Dave Sells,/players/s/sellsda01.shtml,sellsda01,26,CAL,2,51,0,1,51,51,0,0,0,0,0,0,0,0,0,0,0,0
1973,690,Dick Selma,/players/s/selmadi01.shtml,selmadi01,29,PHI,9,6,0,6,6,6,0,0,0,0,0,0,0,0,0,0,0,0
1973,691,Greg Shanahan,/players/s/shanagr01.shtml,shanagr01,25,LAD,1st,7,0,7,7,7,0,0,0,0,0,0,0,0,0,0,0,0
1973,692,Dick Sharon,/players/s/sharodi01.shtml,sharodi01,23,DET,1st,91,43,91,91,0,0,0,0,0,0,20,7,71,98,0,3,8
1973,693,Bill Sharp,/players/s/sharpbi01.shtml,sharpbi01,23,CHW,1st,77,54,77,71,0,0,0,0,0,0,13,58,1,72,1,8,3
1973,694,Jim Shellenback,/players/s/shellji01.shtml,shellji01,29,TEX,7,2,0,0,2,2,0,0,0,0,0,0,0,0,0,0,0,0
1973,695,Chris Short,/players/s/shortch02.shtml,shortch02,35,MIL,15,42,7,1,42,42,0,0,0,0,0,0,0,0,0,0,0,0
1973,696,Sonny Siebert,/players/s/siebeso01.shtml,siebeso01,36,2TM,10,27,20,1,27,27,0,0,0,0,0,0,0,0,0,0,0,0
1973,697,Ted Simmons,/players/s/simmote01.shtml,simmote01,23,STL,6,161,160,161,161,0,152,7,0,0,0,0,0,2,2,0,1,0
1973,698,Wayne Simpson,/players/s/simpswa01.shtml,simpswa01,24,KCR,4,16,10,0,16,16,0,0,0,0,0,0,0,0,0,0,0,0
1973,699,Duke Sims,/players/s/simsdu01.shtml,simsdu01,32,2TM,10,84,71,84,75,0,69,0,0,0,0,5,0,1,6,2,12,1
1973,700,Bill Singer,/players/s/singebi01.shtml,singebi01,29,CAL,10,40,40,0,40,40,0,0,0,0,0,0,0,0,0,0,0,0
1973,701,Ken Singleton,/players/s/singlke01.shtml,singlke01,26,MON,4,162,159,162,161,0,0,0,0,0,0,1,0,161,161,0,3,0
1973,702,Ted Sizemore,/players/s/sizemte01.shtml,sizemte01,28,STL,5,142,137,142,140,0,0,0,139,3,0,0,0,0,0,0,4,0
1973,703,Craig Skok,/players/s/skokcr01.shtml,skokcr01,25,BOS,1st,11,0,0,11,11,0,0,0,0,0,0,0,0,0,0,0,0
1973,704,Jim Slaton,/players/s/slatoji01.shtml,slatoji01,23,MIL,3,38,38,1,38,38,0,0,0,0,0,0,0,0,0,0,0,0
1973,705,Bill Slayback,/players/s/slaybbi01.shtml,slaybbi01,25,DET,2,3,0,0,3,3,0,0,0,0,0,0,0,0,0,0,0,0
1973,706,Reggie Smith,/players/s/smithre06.shtml,smithre06,28,BOS,8,115,113,115,105,0,0,1,0,0,0,0,104,0,104,8,2,0
1973,707,Tommy Smith,/players/s/smithto04.shtml,smithto04,24,CLE,1st,14,11,14,13,0,0,0,0,0,0,1,12,1,14,0,0,1
1973,708,Frank Snook,/players/s/snookfr01.shtml,snookfr01,24,SDP,1st,18,0,18,18,18,0,0,0,0,0,0,0,0,0,0,0,0
1973,709,Eric Soderholm,/players/s/soderer01.shtml,soderer01,24,MIN,3,35,29,35,34,0,0,0,0,33,1,0,0,0,0,0,3,0
1973,710,Eddie Solomon,/players/s/solomed01.shtml,solomed01,22,LAD,1st,4,0,4,4,4,0,0,0,0,0,0,0,0,0,0,0,0
1973,711,Elias Sosa,/players/s/sosael01.shtml,sosael01,23,SFG,2,71,1,71,71,71,0,0,0,0,0,0,0,0,0,0,0,0
1973,712,Chris Speier,/players/s/speiech01.shtml,speiech01,23,SFG,3,153,147,153,150,0,0,0,1,0,150,0,0,0,0,0,4,0
1973,713,Jim Spencer,/players/s/spencji01.shtml,spencji01,25,2TM,6,131,113,131,125,0,0,125,0,0,0,0,0,0,0,2,10,0
1973,714,Charlie Spikes,/players/s/spikech01.shtml,spikech01,22,CLE,2,140,135,140,111,0,0,0,0,0,0,91,0,22,113,26,4,0
1973,715,Scipio Spinks,/players/s/spinksc01.shtml,spinksc01,25,STL,5,8,8,8,8,8,0,0,0,0,0,0,0,0,0,0,0,0
1973,716,Paul Splittorff,/players/s/splitpa01.shtml,splitpa01,26,KCR,4,38,38,2,38,38,0,0,0,0,0,0,0,0,0,0,0,0
1973,717,Ed Sprague,/players/s/spraged01.shtml,spraged01,27,3TM,5,43,0,36,43,43,0,0,0,0,0,0,0,0,0,0,0,0
1973,718,Larry Stahl,/players/s/stahlla01.shtml,stahlla01,32,CIN,10,76,16,76,30,0,0,2,0,0,0,3,4,23,28,0,52,1
1973,719,Don Stanhouse,/players/s/stanhdo01.shtml,stanhdo01,22,TEX,2,23,5,2,21,21,0,0,0,0,0,0,0,0,0,1,0,2
1973,720,Fred Stanley,/players/s/stanlfr01.shtml,stanlfr01,25,NYY,5,26,21,26,23,0,0,0,3,0,21,0,0,0,0,3,0,3
1973,721,Mickey Stanley,/players/s/stanlmi01.shtml,stanlmi01,30,DET,10,157,152,157,156,0,0,0,0,0,0,0,156,0,156,0,0,0
1973,722,Leroy Stanton,/players/s/stantle01.shtml,stantle01,27,CAL,4,119,76,119,110,0,0,0,0,0,1,36,0,80,116,0,14,10
1973,723,Willie Stargell,/players/s/stargwi01.shtml,stargwi01,33,PIT,12,148,141,148,142,0,0,0,0,0,0,142,0,0,142,0,7,0
1973,724,Joe Staton,/players/s/statojo01.shtml,statojo01,25,DET,2,9,3,9,5,0,0,5,0,0,0,0,0,0,0,0,2,4
1973,725,Rusty Staub,/players/s/staubru01.shtml,staubru01,29,NYM,11,152,150,152,152,0,0,0,0,0,0,0,0,152,152,0,0,1
1973,726,Bill Stein,/players/s/steinbi02.shtml,steinbi02,26,STL,2,32,9,32,13,0,0,2,0,1,0,2,0,8,10,0,20,0
1973,727,Rick Stelmaszek,/players/s/stelmri01.shtml,stelmri01,24,2TM,2,29,11,29,29,0,29,0,0,0,0,0,0,0,0,0,0,0
1973,728,Rennie Stennett,/players/s/stennre01.shtml,stennre01,22,PIT,3,128,107,128,123,0,0,0,84,0,43,3,0,2,5,0,17,1
1973,729,John Stephenson,/players/s/stephjo02.shtml,stephjo02,32,CAL,10,60,32,60,56,0,56,0,0,0,0,0,0,0,0,0,10,0
1973,730,Jimmy Stewart,/players/s/stewaji01.shtml,stewaji01,34,HOU,10,61,6,61,12,0,0,0,1,8,0,3,0,0,3,0,54,1
1973,731,Bob Stinson,/players/s/stinsbo01.shtml,stinsbo01,27,MON,5,48,30,48,36,0,35,0,0,0,0,0,1,0,1,0,12,0
1973,732,George Stone,/players/s/stonege02.shtml,stonege02,26,NYM,7,28,20,28,27,27,0,0,0,0,0,0,0,0,0,0,0,1
1973,733,Steve Stone,/players/s/stonest01.shtml,stonest01,25,CHW,3,39,22,3,36,36,0,0,0,0,0,0,0,0,0,0,0,3
1973,734,Bill Stoneman,/players/s/stonebi01.shtml,stonebi01,29,MON,7,29,17,29,29,29,0,0,0,0,0,0,0,0,0,0,0,0
1973,735,Mel Stottlemyre,/players/s/stottme01.shtml,stottme01,31,NYY,10,38,38,0,38,38,0,0,0,0,0,0,0,0,0,0,0,0
1973,736,Mike Strahler,/players/s/strahmi01.shtml,strahmi01,26,DET,4,22,11,0,22,22,0,0,0,0,0,0,0,0,0,0,0,0
1973,737,Jim Strickland,/players/s/stricji01.shtml,stricji01,27,MIN,3,7,0,0,7,7,0,0,0,0,0,0,0,0,0,0,0,0
1973,738,John Strohmayer,/players/s/strohjo01.shtml,strohjo01,26,2TM,4,24,3,24,24,24,0,0,0,0,0,0,0,0,0,0,0,0
1973,739,Brent Strom,/players/s/strombr01.shtml,strombr01,24,CLE,2,27,18,0,27,27,0,0,0,0,0,0,0,0,0,0,0,0
1973,740,Ken Suarez,/players/s/suareke01.shtml,suareke01,30,TEX,7,93,88,93,90,0,90,0,0,0,0,0,0,0,0,0,4,0
1973,741,Bill Sudakis,/players/s/sudakbi01.shtml,sudakbi01,27,TEX,6,82,59,82,62,0,9,24,0,29,0,0,0,2,2,9,18,0
1973,742,Gary Sutherland,/players/s/suthega01.shtml,suthega01,28,HOU,8,16,13,16,15,0,0,0,14,0,1,0,0,0,0,0,2,0
1973,743,Don Sutton,/players/s/suttodo01.shtml,suttodo01,28,LAD,8,33,33,33,33,33,0,0,0,0,0,0,0,0,0,0,0,0
1973,744,Craig Swan,/players/s/swancr01.shtml,swancr01,22,NYM,1st,3,1,3,3,3,0,0,0,0,0,0,0,0,0,0,0,0
1973,745,Ron Swoboda,/players/s/swoboro01.shtml,swoboro01,29,NYY,9,35,10,35,20,0,0,0,0,0,0,0,8,12,20,15,3,12
1973,746,Frank Tanana,/players/t/tananfr01.shtml,tananfr01,19,CAL,1st,4,4,0,4,4,0,0,0,0,0,0,0,0,0,0,0,0
1973,747,Ken Tatum,/players/t/tatumke01.shtml,tatumke01,29,BOS,5,1,0,0,1,1,0,0,0,0,0,0,0,0,0,0,0,0
1973,748,Carl Taylor,/players/t/tayloca01.shtml,tayloca01,29,KCR,6,69,48,69,65,0,63,2,0,0,0,0,0,0,0,1,4,6
1973,749,Chuck Taylor,/players/t/tayloch02.shtml,tayloch02,31,MON,5,8,0,8,8,8,0,0,0,0,0,0,0,0,0,0,0,0
1973,750,Tony Taylor,/players/t/tayloto02.shtml,tayloto02,37,DET,16,84,61,84,79,0,0,6,73,4,0,1,0,0,1,2,11,5
1973,751,Gene Tenace,/players/t/tenacge01.shtml,tenacge01,26,OAK,5,160,158,160,157,0,34,134,1,0,0,0,0,0,0,3,2,0
1973,752,Frank Tepedino,/players/t/tepedfr01.shtml,tepedfr01,25,ATL,6,74,30,74,58,0,0,58,0,0,0,0,0,0,0,0,28,5
1973,753,Jerry Terrell,/players/t/terreje01.shtml,terreje01,26,MIN,1st,124,106,124,121,0,0,0,15,30,81,0,0,1,1,1,4,1
1973,754,George Theodore,/players/t/theodge01.shtml,theodge01,26,NYM,1st,45,27,45,36,0,0,4,0,0,0,29,3,1,33,0,14,2
1973,755,Derrel Thomas,/players/t/thomade01.shtml,thomade01,22,SDP,3,113,101,113,108,0,0,0,48,0,74,0,0,0,0,0,6,2
1973,756,Gorman Thomas,/players/t/thomago01.shtml,thomago01,22,MIL,1st,60,39,60,52,0,0,0,0,0,0,3,1,48,52,4,8,6
1973,757,Gary Thomasson,/players/t/thomaga01.shtml,thomaga01,21,SFG,2,112,53,112,89,0,0,47,0,0,0,24,11,9,44,0,22,16
1973,758,Danny Thompson,/players/t/thompda01.shtml,thompda01,26,MIN,4,99,92,99,96,0,0,0,0,1,95,0,0,0,0,0,3,0
1973,759,Mike Thompson,/players/t/thompmi01.shtml,thompmi01,23,STL,2,2,2,2,2,2,0,0,0,0,0,0,0,0,0,0,0,0
1973,760,Andre Thornton,/players/t/thornan01.shtml,thornan01,23,CHC,1st,17,8,17,9,0,0,9,0,0,0,0,0,0,0,0,9,0
1973,761,Otis Thornton,/players/t/thornot01.shtml,thornot01,28,HOU,1st,2,0,2,2,0,2,0,0,0,0,0,0,0,0,0,0,0
1973,762,Luis Tiant,/players/t/tiantlu01.shtml,tiantlu01,32,BOS,10,35,35,0,35,35,0,0,0,0,0,0,0,0,0,0,0,0
1973,763,Dick Tidrow,/players/t/tidrodi01.shtml,tidrodi01,26,CLE,2,42,40,0,42,42,0,0,0,0,0,0,0,0,0,0,0,0
1973,764,Tom Timmermann,/players/t/timmeto01.shtml,timmeto01,33,2TM,5,46,16,0,46,46,0,0,0,0,0,0,0,0,0,0,0,0
1973,765,Bobby Tolan,/players/t/tolanbo01.shtml,tolanbo01,27,CIN,8,129,116,129,120,0,0,0,0,0,0,0,76,67,120,0,13,0
1973,766,Dave Tomlin,/players/t/tomlida01.shtml,tomlida01,24,CIN,2,16,0,16,16,16,0,0,0,0,0,0,0,0,0,0,0,0
1973,767,Jeff Torborg,/players/t/torboje01.shtml,torboje01,31,CAL,10,102,95,102,102,0,102,0,0,0,0,0,0,0,0,0,0,0
1973,768,Joe Torre,/players/t/torrejo01.shtml,torrejo01,32,STL,14,141,138,141,141,0,0,113,0,59,0,0,0,0,0,0,0,0
1973,769,Hector Torres,/players/t/torrehe01.shtml,torrehe01,27,HOU,6,38,19,38,34,0,0,0,13,0,22,0,0,0,0,0,5,4
1973,770,Rusty Torres,/players/t/torreru01.shtml,torreru01,24,CLE,3,122,86,122,114,0,0,0,0,0,0,1,38,75,114,1,9,2
1973,771,Mike Torrez,/players/t/torremi01.shtml,torremi01,26,MON,7,36,34,36,35,35,0,0,0,0,0,0,0,0,0,0,0,1
1973,772,Cesar Tovar,/players/t/tovarce01.shtml,tovarce01,32,PHI,9,97,79,97,80,0,0,0,22,45,0,6,3,16,24,0,17,1
1973,773,Manny Trillo,/players/t/trillma01.shtml,trillma01,22,OAK,1st,17,1,17,16,0,0,0,16,0,0,0,0,0,0,0,0,1
1973,774,Rich Troedson,/players/t/troedri01.shtml,troedri01,23,SDP,1st,50,18,50,50,50,0,0,0,0,0,0,0,0,0,0,0,0
1973,775,Wayne Twitchell,/players/t/twitcwa01.shtml,twitcwa01,25,PHI,4,34,28,34,34,34,0,0,0,0,0,0,0,0,0,0,0,0
1973,776,Mike Tyson,/players/t/tysonmi01.shtml,tysonmi01,23,STL,2,144,137,144,142,0,0,0,16,0,128,0,0,0,0,0,1,2
1973,777,Del Unser,/players/u/unserde01.shtml,unserde01,28,PHI,6,136,113,136,132,0,0,0,0,0,0,0,132,0,132,0,13,0
1973,778,Cecil Upshaw,/players/u/upshace01.shtml,upshace01,30,2TM,7,40,0,40,40,40,0,0,0,0,0,0,0,0,0,0,0,0
1973,779,Bobby Valentine,/players/v/valenbo02.shtml,valenbo02,23,CAL,4,32,32,32,32,0,0,0,0,0,26,1,7,0,8,0,0,0
1973,780,Pete Varney,/players/v/varnepe01.shtml,varnepe01,24,CHW,1st,5,1,5,5,0,5,0,0,0,0,0,0,0,0,0,0,0
1973,781,Bob Veale,/players/v/vealebo01.shtml,vealebo01,37,BOS,12,32,0,0,32,32,0,0,0,0,0,0,0,0,0,0,0,0
1973,782,Carlos Velazquez,/players/v/velazca01.shtml,velazca01,25,MIL,1st,18,0,0,18,18,0,0,0,0,0,0,0,0,0,0,0,0
1973,783,Freddie Velazquez,/players/v/velazfr01.shtml,velazfr01,35,ATL,2,15,5,15,11,0,11,0,0,0,0,0,0,0,0,0,5,0
1973,784,Otto Velez,/players/v/velezot01.shtml,velezot01,22,NYY,1st,23,23,23,23,0,0,0,0,0,0,0,0,23,23,0,0,0
1973,785,Tom Veryzer,/players/v/veryzto01.shtml,veryzto01,20,DET,1st,18,3,18,18,0,0,0,0,0,18,0,0,0,0,0,0,1
1973,786,John Vukovich,/players/v/vukovjo01.shtml,vukovjo01,25,MIL,3,55,37,55,54,0,0,13,0,40,1,0,0,0,0,0,1,1
1973,787,Rick Waits,/players/w/waitsri01.shtml,waitsri01,21,TEX,1st,1,0,0,1,1,0,0,0,0,0,0,0,0,0,0,0,0
1973,788,Luke Walker,/players/w/walkelu01.shtml,walkelu01,29,PIT,8,37,18,37,37,37,0,0,0,0,0,0,0,0,0,0,0,0
1973,789,Tom Walker,/players/w/walketo02.shtml,walketo02,24,MON,2,54,0,54,54,54,0,0,0,0,0,0,0,0,0,0,0,0
1973,790,Dave Wallace,/players/w/wallada01.shtml,wallada01,25,PHI,1st,4,0,4,4,4,0,0,0,0,0,0,0,0,0,0,0,0
1973,791,Mike Wallace,/players/w/wallami01.shtml,wallami01,22,PHI,1st,20,3,20,20,20,0,0,0,0,0,0,0,0,0,0,0,0
1973,792,Danny Walton,/players/w/waltoda01.shtml,waltoda01,25,MIN,5,37,25,37,19,0,0,0,0,1,0,15,0,3,18,13,9,2
1973,793,Bob Watson,/players/w/watsobo01.shtml,watsobo01,27,HOU,8,158,156,158,156,0,3,26,0,0,0,142,0,0,142,0,2,0
1973,794,Eddie Watt,/players/w/watted01.shtml,watted01,32,BAL,8,30,0,0,30,30,0,0,0,0,0,0,0,0,0,0,0,0
1973,795,Hank Webb,/players/w/webbha01.shtml,webbha01,23,NYM,2,2,0,2,2,2,0,0,0,0,0,0,0,0,0,0,0,0
1973,796,Frank White,/players/w/whitefr01.shtml,whitefr01,22,KCR,1st,51,33,51,45,0,0,0,13,0,34,0,0,0,0,2,1,8
1973,797,Roy White,/players/w/whitero01.shtml,whitero01,29,NYY,9,162,162,162,162,0,0,0,0,0,0,162,0,0,162,0,0,0
1973,798,Milt Wilcox,/players/w/wilcomi01.shtml,wilcomi01,23,CLE,4,27,19,1,26,26,0,0,0,0,0,0,0,0,0,0,0,1
1973,799,Billy Williams,/players/w/willibi01.shtml,willibi01,35,CHC,15,156,151,156,153,0,0,19,0,0,0,138,0,0,138,0,4,0
1973,800,Charlie Williams,/players/w/willich01.shtml,willich01,25,SFG,3,12,2,12,12,12,0,0,0,0,0,0,0,0,0,0,0,0
1973,801,Earl Williams,/players/w/williea02.shtml,williea02,24,BAL,4,132,127,132,128,0,93,44,0,0,0,0,0,0,0,2,4,0
1973,802,Walt Williams,/players/w/williwa02.shtml,williwa02,29,CLE,8,104,80,104,62,0,0,0,0,0,0,61,0,1,62,26,22,0
1973,803,Jim Willoughby,/players/w/willoji01.shtml,willoji01,24,SFG,3,41,12,41,39,39,0,0,0,0,0,0,0,0,0,0,0,2
1973,804,Terry Wilshusen,/players/w/wilshte01.shtml,wilshte01,24,CAL,1st,1,0,0,1,1,0,0,0,0,0,0,0,0,0,0,0,0
1973,805,Bill Wilson,/players/w/wilsobi03.shtml,wilsobi03,30,PHI,5,44,0,44,44,44,0,0,0,0,0,0,0,0,0,0,0,0
1973,806,Don Wilson,/players/w/wilsodo01.shtml,wilsodo01,28,HOU,8,37,32,37,37,37,0,0,0,0,0,0,0,0,0,0,0,0
1973,807,Dave Winfield,/players/w/winfida01.shtml,winfida01,21,SDP,1st,56,36,56,37,0,0,1,0,0,0,35,2,0,36,0,19,0
1973,808,Rick Wise,/players/w/wiseri01.shtml,wiseri01,27,STL,9,35,34,35,35,35,0,0,0,0,0,0,0,0,0,0,0,0
1973,809,Jim Wohlford,/players/w/wohlfji01.shtml,wohlfji01,22,KCR,2,45,27,45,13,0,0,0,0,0,0,12,0,1,13,24,10,7
1973,810,Wilbur Wood,/players/w/woodwi01.shtml,woodwi01,31,CHW,12,49,48,0,49,49,0,0,0,0,0,0,0,0,0,0,0,0
1973,811,Ron Woods,/players/w/woodsro01.shtml,woodsro01,30,MON,5,135,77,135,115,0,0,0,0,0,0,31,94,3,115,0,32,5
1973,812,Dick Woodson,/players/w/woodsdi01.shtml,woodsdi01,28,MIN,4,23,23,0,23,23,0,0,0,0,0,0,0,0,0,0,0,0
1973,813,Clyde Wright,/players/w/wrighcl01.shtml,wrighcl01,32,CAL,8,37,36,0,37,37,0,0,0,0,0,0,0,0,0,0,0,0
1973,814,Ken Wright,/players/w/wrighke01.shtml,wrighke01,26,KCR,4,25,12,1,25,25,0,0,0,0,0,0,0,0,0,0,0,0
1973,815,Jim Wynn,/players/w/wynnji01.shtml,wynnji01,31,HOU,11,139,127,139,133,0,0,0,0,0,0,2,10,127,133,0,9,1
1973,816,Carl Yastrzemski,/players/y/yastrca01.shtml,yastrca01,33,BOS,13,152,151,152,152,0,0,104,0,33,0,15,0,0,15,0,1,0
1973,817,Steve Yeager,/players/y/yeagest01.shtml,yeagest01,24,LAD,2,54,40,54,51,0,51,0,0,0,0,0,0,0,0,0,5,3
1973,818,Jim York,/players/y/yorkji01.shtml,yorkji01,25,HOU,4,41,0,41,41,41,0,0,0,0,0,0,0,0,0,0,0,0
1973,819,Chris Zachary,/players/z/zachach02.shtml,zachach02,29,PIT,9,6,0,6,6,6,0,0,0,0,0,0,0,0,0,0,0,0
1973,820,Geoff Zahn,/players/z/zahnge01.shtml,zahnge01,27,LAD,1st,6,1,6,6,6,0,0,0,0,0,0,0,0,0,0,0,0
1973,821,Richie Zisk,/players/z/ziskri01.shtml,ziskri01,24,PIT,3,103,78,103,84,0,0,0,0,0,0,23,0,64,84,0,21,0
