1981,1,Don Aase,/players/a/aasedo01.shtml,aasedo01,26,CAL,5,39,0,0,39,39,0,0,0,0,0,0,0,0,0,0,0,0
1981,2,Glenn Abbott,/players/a/abbotgl01.shtml,abbotgl01,30,SEA,9,22,20,0,22,22,0,0,0,0,0,0,0,0,0,0,0,0
1981,3,Glenn Adams,/players/a/adamsgl01.shtml,adamsgl01,33,MIN,7,72,56,72,0,0,0,0,0,0,0,0,0,0,0,62,16,0
1981,4,Juan Agosto,/players/a/agostju01.shtml,agostju01,23,CHW,1st,2,0,0,2,2,0,0,0,0,0,0,0,0,0,0,0,0
1981,5,Luis Aguayo,/players/a/aguaylu01.shtml,aguaylu01,22,PHI,2,45,20,45,41,0,0,0,21,3,21,0,0,0,0,0,3,4
1981,6,Willie Aikens,/players/a/aikenwi01.shtml,aikenwi01,26,KCR,4,101,96,101,99,0,0,99,0,0,0,0,0,0,0,0,4,0
1981,7,Danny Ainge,/players/a/aingeda01.shtml,aingeda01,22,TOR,3,86,73,86,84,0,0,0,2,77,6,0,3,1,4,2,0,6
1981,8,Doyle Alexander,/players/a/alexado01.shtml,alexado01,30,SFG,11,24,24,24,24,24,0,0,0,0,0,0,0,0,0,0,0,0
1981,9,Gary Alexander,/players/a/alexaga01.shtml,alexaga01,28,PIT,7,21,13,21,16,0,0,9,0,0,0,7,0,2,9,0,6,1
1981,10,Matt Alexander,/players/a/alexama01.shtml,alexama01,34,PIT,9,15,0,15,6,0,0,0,0,0,0,3,3,0,6,0,4,9
1981,11,Brian Allard,/players/a/allarbr01.shtml,allarbr01,23,SEA,3,7,7,0,7,7,0,0,0,0,0,0,0,0,0,0,0,0
1981,12,Kim Allen,/players/a/allenki01.shtml,allenki01,28,SEA,2,19,0,19,4,0,0,0,2,0,0,0,2,0,2,8,2,14
1981,13,Neil Allen,/players/a/allenne01.shtml,allenne01,23,NYM,3,43,0,43,43,43,0,0,0,0,0,0,0,0,0,0,0,0
1981,14,Gary Allenson,/players/a/allenga01.shtml,allenga01,26,BOS,3,47,41,47,47,0,47,0,0,0,0,0,0,0,0,0,0,1
1981,15,Bill Almon,/players/a/almonbi01.shtml,almonbi01,28,CHW,8,103,102,103,103,0,0,0,0,0,103,0,0,0,0,0,0,0
1981,16,Jose Alvarez,/players/a/alvarjo01.shtml,alvarjo01,25,ATL,1st,1,0,1,1,1,0,0,0,0,0,0,0,0,0,0,0,0
1981,17,Larry Andersen,/players/a/anderla02.shtml,anderla02,28,SEA,4,41,0,0,41,41,0,0,0,0,0,0,0,0,0,0,0,0
1981,18,Jim Anderson,/players/a/anderji01.shtml,anderji01,24,SEA,4,70,52,70,68,0,0,0,0,2,68,0,0,0,0,1,0,4
1981,19,Joaquin Andujar,/players/a/andujjo01.shtml,andujjo01,28,2TM,6,21,11,21,20,20,0,0,0,0,0,0,0,0,0,0,0,1
1981,20,Luis Aponte,/players/a/apontlu01.shtml,apontlu01,28,BOS,2,7,0,0,7,7,0,0,0,0,0,0,0,0,0,0,0,0
1981,21,Tony Armas,/players/a/armasto01.shtml,armasto01,27,OAK,6,109,109,109,109,0,0,0,0,0,0,0,2,108,110,0,0,0
1981,22,Mike Armstrong,/players/a/armstmi01.shtml,armstmi01,27,SDP,2,10,0,10,10,10,0,0,0,0,0,0,0,0,0,0,0,0
1981,23,Fernando Arroyo,/players/a/arroyfe01.shtml,arroyfe01,29,MIN,6,23,19,0,23,23,0,0,0,0,0,0,0,0,0,0,0,0
1981,24,Alan Ashby,/players/a/ashbyal01.shtml,ashbyal01,29,HOU,9,83,74,83,81,0,81,0,0,0,0,0,0,0,0,0,7,0
1981,25,Tucker Ashford,/players/a/ashfotu01.shtml,ashfotu01,26,NYY,5,3,0,3,2,0,0,0,2,0,0,0,0,0,0,0,0,1
1981,26,Brian Asselstine,/players/a/asselbr01.shtml,asselbr01,27,ATL,6,56,13,56,16,0,0,0,0,0,0,4,0,12,16,0,43,0
1981,27,Rick Auerbach,/players/a/auerbri01.shtml,auerbri01,31,SEA,11,38,29,38,38,0,0,0,0,0,38,0,0,0,0,0,0,1
1981,28,Jerry Augustine,/players/a/augusje01.shtml,augusje01,28,MIL,7,27,2,0,27,27,0,0,0,0,0,0,0,0,0,0,0,0
1981,29,Ramon Aviles,/players/a/avilera01.shtml,avilera01,29,PHI,4,38,1,38,32,0,0,0,20,13,5,0,0,0,0,0,6,3
1981,30,Benny Ayala,/players/a/ayalabe01.shtml,ayalabe01,30,BAL,6,44,24,44,4,0,0,0,0,0,0,4,0,0,4,27,20,0
1981,31,Bob Babcock,/players/b/babcobo01.shtml,babcobo01,31,TEX,3,16,0,0,16,16,0,0,0,0,0,0,0,0,0,0,0,0
1981,32,Shooty Babitt,/players/b/babitsh01.shtml,babitsh01,22,OAK,1st,54,44,54,52,0,0,0,52,0,0,0,0,0,0,0,2,3
1981,33,Wally Backman,/players/b/backmwa01.shtml,backmwa01,21,NYM,2,26,5,26,12,0,0,0,11,1,0,0,0,0,0,0,13,3
1981,34,Stan Bahnsen,/players/b/bahnsst01.shtml,bahnsst01,36,MON,15,25,3,25,25,25,0,0,0,0,0,0,0,0,0,0,0,0
1981,35,Howard Bailey,/players/b/baileho01.shtml,baileho01,23,DET,1st,9,5,0,9,9,0,0,0,0,0,0,0,0,0,0,0,0
1981,36,Bob Bailor,/players/b/bailobo01.shtml,bailobo01,29,NYM,7,51,16,51,47,0,0,0,13,1,22,11,0,3,14,0,4,10
1981,37,Harold Baines,/players/b/baineha01.shtml,baineha01,22,CHW,2,82,67,82,81,0,0,0,0,0,0,0,0,81,81,0,8,2
1981,38,Doug Bair,/players/b/bairdo01.shtml,bairdo01,31,2TM,6,35,0,35,35,35,0,0,0,0,0,0,0,0,0,0,0,0
1981,39,Chuck Baker,/players/b/bakerch02.shtml,bakerch02,28,MIN,3,40,17,40,35,0,0,0,3,1,31,0,0,0,0,1,5,5
1981,40,Dusty Baker,/players/b/bakerdu01.shtml,bakerdu01,32,LAD,14,103,101,103,101,0,0,0,0,0,0,101,0,0,101,0,2,0
1981,41,Steve Balboni,/players/b/balbost01.shtml,balbost01,24,NYY,1st,4,2,4,3,0,0,3,0,0,0,0,0,0,0,1,1,0
1981,42,Chris Bando,/players/b/bandoch01.shtml,bandoch01,25,CLE,1st,21,9,21,15,0,15,0,0,0,0,0,0,0,0,2,9,0
1981,43,Sal Bando,/players/b/bandosa01.shtml,bandosa01,37,MIL,16,32,16,32,24,0,0,9,0,15,0,0,0,0,0,2,11,1
1981,44,Alan Bannister,/players/b/bannial01.shtml,bannial01,29,CLE,8,68,52,68,66,0,0,2,30,0,1,18,6,18,42,0,13,1
1981,45,Floyd Bannister,/players/b/bannifl01.shtml,bannifl01,26,SEA,5,21,20,0,21,21,0,0,0,0,0,0,0,0,0,0,0,0
1981,46,Jesse Barfield,/players/b/barfije01.shtml,barfije01,21,TOR,1st,25,25,25,25,0,0,0,0,0,0,0,0,25,25,0,0,0
1981,47,Len Barker,/players/b/barkele01.shtml,barkele01,25,CLE,6,22,22,0,22,22,0,0,0,0,0,0,0,0,0,0,0,0
1981,48,Mike Barlow,/players/b/barlomi01.shtml,barlomi01,33,TOR,7,12,0,0,12,12,0,0,0,0,0,0,0,0,0,0,0,0
1981,49,German Barranca,/players/b/barrage01.shtml,barrage01,24,CIN,3,9,0,9,0,0,0,0,0,0,0,0,0,0,0,0,6,3
1981,50,Francisco Barrios,/players/b/barrifr01.shtml,barrifr01,28,CHW,7,8,7,0,8,8,0,0,0,0,0,0,0,0,0,0,0,0
1981,51,Randy Bass,/players/b/bassra01.shtml,bassra01,27,SDP,5,69,45,69,50,0,0,50,0,0,0,0,0,0,0,0,22,0
1981,52,Ross Baumgarten,/players/b/baumgro01.shtml,baumgro01,26,CHW,4,21,19,2,19,19,0,0,0,0,0,0,0,0,0,1,0,2
1981,53,Don Baylor,/players/b/baylodo01.shtml,baylodo01,32,CAL,12,103,102,103,5,0,0,4,0,0,0,1,0,0,1,97,1,0
1981,54,Charlie Beamon,/players/b/beamoch02.shtml,beamoch02,27,TOR,3,8,4,8,1,0,0,1,0,0,0,0,0,0,0,4,4,0
1981,55,Dave Beard,/players/b/beardda01.shtml,beardda01,21,OAK,2,8,0,0,8,8,0,0,0,0,0,0,0,0,0,0,0,0
1981,56,Jim Beattie,/players/b/beattji01.shtml,beattji01,26,SEA,4,13,9,0,13,13,0,0,0,0,0,0,0,0,0,0,0,0
1981,57,Steve Bedrosian,/players/b/bedrost01.shtml,bedrost01,23,ATL,1st,15,1,15,15,15,0,0,0,0,0,0,0,0,0,0,0,0
1981,58,Mark Belanger,/players/b/belanma01.shtml,belanma01,37,BAL,17,64,49,64,63,0,0,0,0,0,63,0,0,0,0,0,1,2
1981,59,Buddy Bell,/players/b/bellbu01.shtml,bellbu01,29,TEX,10,97,96,97,96,0,0,0,0,96,1,0,0,0,0,0,1,0
1981,60,George Bell,/players/b/bellge02.shtml,bellge02,21,TOR,1st,60,42,60,45,0,0,0,0,0,0,28,0,18,46,9,6,8
1981,61,Johnny Bench,/players/b/benchjo01.shtml,benchjo01,33,CIN,15,52,44,52,45,0,7,38,0,0,0,0,0,0,0,0,8,0
1981,62,Bruce Benedict,/players/b/benedbr01.shtml,benedbr01,25,ATL,4,90,86,90,90,0,90,0,0,0,0,0,0,0,0,0,0,0
1981,63,Juan Beniquez,/players/b/beniqju01.shtml,beniqju01,31,CAL,10,58,48,58,55,0,0,0,0,0,0,15,36,7,58,1,4,0
1981,64,Juan Berenguer,/players/b/berenju01.shtml,berenju01,26,2TM,4,20,14,0,20,20,0,0,0,0,0,0,0,0,0,0,0,0
1981,65,Bruce Berenyi,/players/b/berenbr01.shtml,berenbr01,26,CIN,2,21,20,21,21,21,0,0,0,0,0,0,0,0,0,0,0,0
1981,66,Dave Bergman,/players/b/bergmda01.shtml,bergmda01,28,2TM,6,69,34,69,48,0,0,34,0,0,0,15,0,0,15,0,26,0
1981,67,Dwight Bernard,/players/b/bernadw01.shtml,bernadw01,29,MIL,3,6,0,0,6,6,0,0,0,0,0,0,0,0,0,0,0,0
1981,68,Tony Bernazard,/players/b/bernato01.shtml,bernato01,24,CHW,3,106,104,106,104,0,0,0,104,0,1,0,0,0,0,0,2,0
1981,69,Dale Berra,/players/b/berrada01.shtml,berrada01,24,PIT,5,81,61,81,78,0,0,0,18,42,30,0,0,0,0,0,5,3
1981,70,Kurt Bevacqua,/players/b/bevacku01.shtml,bevacku01,34,PIT,11,29,1,29,6,0,0,0,4,2,0,0,0,0,0,0,25,0
1981,71,Jim Bibby,/players/b/bibbyji01.shtml,bibbyji01,36,PIT,10,14,14,14,14,14,0,0,0,0,0,0,0,0,0,0,0,0
1981,72,Larry Biittner,/players/b/biittla01.shtml,biittla01,35,CIN,12,42,7,42,11,0,0,8,0,0,0,0,0,3,3,0,34,0
1981,73,Doug Bird,/players/b/birddo01.shtml,birddo01,31,2TM,9,29,16,12,29,29,0,0,0,0,0,0,0,0,0,0,0,0
1981,74,Bud Black,/players/b/blackbu02.shtml,blackbu02,24,SEA,1st,2,0,0,2,2,0,0,0,0,0,0,0,0,0,0,0,0
1981,75,Tim Blackwell,/players/b/blackti01.shtml,blackti01,28,CHC,8,58,47,58,56,0,56,0,0,0,0,0,0,0,0,0,2,0
1981,76,Vida Blue,/players/b/bluevi01.shtml,bluevi01,31,SFG,13,18,18,18,18,18,0,0,0,0,0,0,0,0,0,0,0,0
1981,77,Bert Blyleven,/players/b/blylebe01.shtml,blylebe01,30,CLE,12,20,20,0,20,20,0,0,0,0,0,0,0,0,0,0,0,0
1981,78,Bruce Bochte,/players/b/bochtbr01.shtml,bochtbr01,30,SEA,8,99,86,99,92,0,0,82,0,0,0,14,0,0,14,1,8,0
1981,79,Mike Boddicker,/players/b/boddimi01.shtml,boddimi01,23,BAL,2,2,0,0,2,2,0,0,0,0,0,0,0,0,0,0,0,0
1981,80,Tommy Boggs,/players/b/boggsto01.shtml,boggsto01,25,ATL,6,25,24,25,25,25,0,0,0,0,0,0,0,0,0,0,1,0
1981,81,Dan Boitano,/players/b/boitada01.shtml,boitada01,28,NYM,4,16,0,16,15,16,0,0,0,0,0,0,0,0,0,0,0,0
1981,82,Mark Bomback,/players/b/bombama01.shtml,bombama01,28,TOR,3,20,11,0,20,20,0,0,0,0,0,0,0,0,0,0,0,0
1981,83,Bobby Bonds,/players/b/bondsbo01.shtml,bondsbo01,35,CHC,14,45,45,45,45,0,0,0,0,0,0,0,42,3,45,0,0,0
1981,84,Juan Bonilla,/players/b/bonilju01.shtml,bonilju01,25,SDP,1st,99,97,99,97,0,0,0,97,0,0,0,0,0,0,0,1,1
1981,85,Barry Bonnell,/players/b/bonneba01.shtml,bonneba01,27,TOR,5,66,61,66,66,0,0,0,0,0,0,9,18,42,69,0,2,0
1981,86,Bobby Bonner,/players/b/bonnebo01.shtml,bonnebo01,24,BAL,2,10,7,10,9,0,0,0,0,0,9,0,0,0,0,0,0,2
1981,87,Bob Boone,/players/b/boonebo01.shtml,boonebo01,33,PHI,10,76,64,76,75,0,75,0,0,0,0,0,0,0,0,0,4,0
1981,88,Danny Boone,/players/b/booneda02.shtml,booneda02,27,SDP,1st,37,0,37,37,37,0,0,0,0,0,0,0,0,0,0,0,0
1981,89,Rich Bordi,/players/b/bordiri01.shtml,bordiri01,22,OAK,2,2,0,0,2,2,0,0,0,0,0,0,0,0,0,0,0,0
1981,90,Rick Bosetti,/players/b/bosetri01.shtml,bosetri01,27,2TM,6,34,15,34,24,0,0,0,0,0,0,5,17,3,25,3,3,9
1981,91,Thad Bosley,/players/b/bosleth01.shtml,bosleth01,24,MIL,5,42,24,42,36,0,0,0,0,0,0,8,8,20,36,2,4,2
1981,92,Larry Bowa,/players/b/bowala01.shtml,bowala01,35,PHI,12,103,100,103,102,0,0,0,0,0,102,0,0,0,0,0,1,0
1981,93,Doe Boyland,/players/b/boylado01.shtml,boylado01,26,PIT,3,11,0,11,0,0,0,0,0,0,0,0,0,0,0,0,9,2
1981,94,Larry Bradford,/players/b/bradfla01.shtml,bradfla01,31,ATL,4,25,0,25,25,25,0,0,0,0,0,0,0,0,0,0,0,0
1981,95,Mark Bradley,/players/b/bradlma01.shtml,bradlma01,24,LAD,1st,9,0,9,6,0,0,0,0,0,0,1,0,5,6,0,2,3
1981,96,Steve Braun,/players/b/braunst01.shtml,braunst01,33,STL,11,44,6,44,13,0,0,0,0,1,0,6,0,6,12,0,34,1
1981,97,Fred Breining,/players/b/breinfr01.shtml,breinfr01,25,SFG,2,45,1,45,45,45,0,0,0,0,0,0,0,0,0,0,0,0
1981,98,Bob Brenly,/players/b/brenlbo01.shtml,brenlbo01,27,SFG,1st,19,13,19,18,0,14,0,0,3,0,1,0,0,1,0,2,3
1981,99,Tom Brennan,/players/b/brennto01.shtml,brennto01,28,CLE,1st,7,6,0,7,7,0,0,0,0,0,0,0,0,0,0,0,0
1981,100,George Brett,/players/b/brettge01.shtml,brettge01,28,KCR,9,89,87,89,88,0,0,0,0,88,0,0,0,0,0,0,1,1
1981,101,Ken Brett,/players/b/brettke01.shtml,brettke01,32,KCR,14,22,0,0,22,22,0,0,0,0,0,0,0,0,0,0,0,0
1981,102,Dan Briggs,/players/b/briggda01.shtml,briggda01,28,MON,6,9,1,9,6,0,0,3,0,0,0,1,2,1,4,0,3,1
1981,103,Tom Brookens,/players/b/brookto01.shtml,brookto01,27,DET,3,71,70,71,71,0,0,0,0,71,0,0,0,0,0,0,1,0
1981,104,Hubie Brooks,/players/b/brookhu01.shtml,brookhu01,24,NYM,2,98,92,98,96,0,0,0,0,93,1,1,0,2,3,0,5,0
1981,105,Mark Brouhard,/players/b/brouhma01.shtml,brouhma01,25,MIL,2,60,52,60,50,0,0,0,0,0,0,8,0,44,52,7,4,1
1981,106,Bobby Brown,/players/b/brownbo04.shtml,brownbo04,27,NYY,3,31,15,31,29,0,0,0,0,0,0,6,11,14,31,2,1,4
1981,107,Darrell Brown,/players/b/brownda01.shtml,brownda01,25,DET,1st,16,0,16,6,0,0,0,0,0,0,1,2,3,6,4,2,11
1981,108,Scott Brown,/players/b/brownsc01.shtml,brownsc01,24,CIN,1st,10,0,10,10,10,0,0,0,0,0,0,0,0,0,0,0,0
1981,109,Glenn Brummer,/players/b/brummgl01.shtml,brummgl01,26,STL,1st,21,7,21,19,0,19,0,0,0,0,0,0,0,0,0,2,0
1981,110,Tom Brunansky,/players/b/brunato01.shtml,brunato01,20,CAL,1st,11,11,11,11,0,0,0,0,0,0,11,0,0,11,0,0,0
1981,111,Warren Brusstar,/players/b/brusswa01.shtml,brusswa01,29,PHI,5,14,0,14,14,14,0,0,0,0,0,0,0,0,0,0,0,0
1981,112,Bill Buckner,/players/b/bucknbi01.shtml,bucknbi01,31,CHC,13,106,105,106,105,0,0,105,0,0,0,0,0,0,0,0,1,0
1981,113,Mark Budaska,/players/b/budasma01.shtml,budasma01,28,OAK,2,9,8,9,0,0,0,0,0,0,0,0,0,0,0,9,0,1
1981,114,Bud Bulling,/players/b/bullibu01.shtml,bullibu01,28,SEA,2,62,50,62,62,0,62,0,0,0,0,0,0,0,0,0,6,0
1981,115,Al Bumbry,/players/b/bumbral01.shtml,bumbral01,34,BAL,10,101,97,101,100,0,0,0,0,0,0,3,100,0,103,0,2,0
1981,116,Tom Burgmeier,/players/b/burgmto01.shtml,burgmto01,37,BOS,14,32,0,0,32,32,0,0,0,0,0,0,0,0,0,0,0,0
1981,117,Rick Burleson,/players/b/burleri01.shtml,burleri01,30,CAL,8,109,108,109,109,0,0,0,0,0,109,0,0,0,0,0,0,0
1981,118,Britt Burns,/players/b/burnsbr01.shtml,burnsbr01,22,CHW,4,24,23,0,24,24,0,0,0,0,0,0,0,0,0,0,0,0
1981,119,Ray Burris,/players/b/burrira01.shtml,burrira01,30,MON,9,22,21,22,22,22,0,0,0,0,0,0,0,0,0,0,0,0
1981,120,Jeff Burroughs,/players/b/burroje01.shtml,burroje01,30,SEA,12,89,88,89,87,0,0,0,0,0,0,1,0,86,87,1,1,0
1981,121,John Butcher,/players/b/butchjo01.shtml,butchjo01,24,TEX,2,5,3,0,5,5,0,0,0,0,0,0,0,0,0,0,0,0
1981,122,Sal Butera,/players/b/butersa01.shtml,butersa01,28,MIN,2,62,52,62,60,0,59,1,0,0,0,0,0,0,0,1,2,0
1981,123,Brett Butler,/players/b/butlebr01.shtml,butlebr01,24,ATL,1st,40,33,40,37,0,0,0,0,0,0,26,11,5,42,0,2,2
1981,124,Marty Bystrom,/players/b/bystrma01.shtml,bystrma01,22,PHI,2,9,9,9,9,9,0,0,0,0,0,0,0,0,0,0,0,0
1981,125,Enos Cabell,/players/c/cabelen01.shtml,cabelen01,31,SFG,10,96,89,96,91,0,0,69,0,22,0,0,0,0,0,0,6,0
1981,126,Mike Caldwell,/players/c/caldwmi01.shtml,caldwmi01,32,MIL,11,24,23,0,24,24,0,0,0,0,0,0,0,0,0,0,0,0
1981,127,Ernie Camacho,/players/c/camacer01.shtml,camacer01,26,PIT,2,7,3,7,7,7,0,0,0,0,0,0,0,0,0,0,0,0
1981,128,Rick Camp,/players/c/campri01.shtml,campri01,28,ATL,5,48,0,48,48,48,0,0,0,0,0,0,0,0,0,0,0,0
1981,129,Bert Campaneris,/players/c/campabe01.shtml,campabe01,39,CAL,18,55,22,55,51,0,0,0,2,46,3,0,0,0,0,0,3,14
1981,130,Bill Campbell,/players/c/campbbi02.shtml,campbbi02,32,BOS,9,30,0,0,30,30,0,0,0,0,0,0,0,0,0,0,0,0
1981,131,John Candelaria,/players/c/candejo01.shtml,candejo01,27,PIT,7,6,6,6,6,6,0,0,0,0,0,0,0,0,0,0,0,0
1981,132,Doug Capilla,/players/c/capildo01.shtml,capildo01,29,CHC,6,42,0,42,42,42,0,0,0,0,0,0,0,0,0,0,0,0
1981,133,George Cappuzzello,/players/c/cappuge01.shtml,cappuge01,27,DET,1st,18,3,0,18,18,0,0,0,0,0,0,0,0,0,0,0,0
1981,134,Rod Carew,/players/c/carewro01.shtml,carewro01,35,CAL,15,93,91,93,90,0,0,90,0,0,0,0,0,0,0,2,2,0
1981,135,Steve Carlton,/players/c/carltst01.shtml,carltst01,36,PHI,17,24,24,24,24,24,0,0,0,0,0,0,0,0,0,0,0,0
1981,136,Gary Carter,/players/c/cartega01.shtml,cartega01,27,MON,8,100,100,100,100,0,100,1,0,0,0,0,0,0,0,0,0,0
1981,137,Bobby Castillo,/players/c/castibo01.shtml,castibo01,26,LAD,5,34,1,34,34,34,0,0,0,0,0,0,0,0,0,0,0,0
1981,138,Marty Castillo,/players/c/castima02.shtml,castima02,24,DET,1st,6,2,6,6,0,1,0,0,4,0,1,0,0,1,0,0,0
1981,139,John Castino,/players/c/castijo01.shtml,castijo01,26,MIN,3,101,100,101,101,0,0,0,4,98,0,0,0,0,0,0,1,0
1981,140,Bill Castro,/players/c/castrbi01.shtml,castrbi01,29,NYY,8,11,0,0,11,11,0,0,0,0,0,0,0,0,0,0,0,0
1981,141,Bill Caudill,/players/c/caudibi01.shtml,caudibi01,24,CHC,3,30,10,30,30,30,0,0,0,0,0,0,0,0,0,0,0,0
1981,142,Cesar Cedeno,/players/c/cedence01.shtml,cedence01,30,HOU,12,82,80,82,79,0,0,45,0,0,0,0,34,0,34,0,2,0
1981,143,Rick Cerone,/players/c/ceronri01.shtml,ceronri01,27,NYY,7,71,64,71,69,0,69,0,0,0,0,0,0,0,0,0,2,0
1981,144,Ron Cey,/players/c/ceyro01.shtml,ceyro01,33,LAD,11,85,84,85,84,0,0,0,0,84,0,0,0,0,0,0,1,0
1981,145,Dave Chalk,/players/c/chalkda01.shtml,chalkda01,30,KCR,9,27,13,27,25,0,0,0,10,14,1,0,0,0,0,0,5,4
1981,146,Chris Chambliss,/players/c/chambch01.shtml,chambch01,32,ATL,11,107,107,107,107,0,0,107,0,0,0,0,0,0,0,0,0,0
1981,147,Joe Charboneau,/players/c/charbjo01.shtml,charbjo01,26,CLE,2,48,36,48,27,0,0,0,0,0,0,23,0,6,29,14,12,0
1981,148,Larry Christenson,/players/c/chrisla01.shtml,chrisla01,27,PHI,9,20,15,20,20,20,0,0,0,0,0,0,0,0,0,0,0,0
1981,149,Jim Clancy,/players/c/clancji01.shtml,clancji01,25,TOR,5,22,22,0,22,22,0,0,0,0,0,0,0,0,0,0,0,0
1981,150,Bobby Clark,/players/c/clarkbo04.shtml,clarkbo04,26,CAL,3,34,23,34,34,0,0,0,0,0,0,27,8,1,36,0,3,1
1981,151,Bryan Clark,/players/c/clarkbr01.shtml,clarkbr01,24,SEA,1st,30,9,1,29,29,0,0,0,0,0,0,0,0,0,1,0,1
1981,152,Jack Clark,/players/c/clarkja01.shtml,clarkja01,25,SFG,7,99,97,99,98,0,0,0,0,0,0,0,0,98,98,0,2,0
1981,153,Ken Clay,/players/c/clayke01.shtml,clayke01,27,SEA,5,22,14,0,22,22,0,0,0,0,0,0,0,0,0,0,0,0
1981,154,Mark Clear,/players/c/clearma01.shtml,clearma01,25,BOS,3,34,0,0,34,34,0,0,0,0,0,0,0,0,0,0,0,0
1981,155,Reggie Cleveland,/players/c/clevere01.shtml,clevere01,33,MIL,13,35,0,0,35,35,0,0,0,0,0,0,0,0,0,0,0,0
1981,156,Dave Collins,/players/c/collida02.shtml,collida02,28,CIN,7,95,94,95,93,0,0,0,0,0,0,1,2,92,95,0,1,0
1981,157,Geoff Combe,/players/c/combege01.shtml,combege01,25,CIN,2,14,0,14,14,14,0,0,0,0,0,0,0,0,0,0,0,0
1981,158,Steve Comer,/players/c/comerst01.shtml,comerst01,27,TEX,4,36,1,0,36,36,0,0,0,0,0,0,0,0,0,0,0,0
1981,159,Dave Concepcion,/players/c/conceda01.shtml,conceda01,33,CIN,12,106,106,106,106,0,0,0,0,0,106,0,0,0,0,0,0,0
1981,160,Onix Concepcion,/players/c/conceon01.shtml,conceon01,23,KCR,2,2,0,2,1,0,0,0,0,0,1,0,0,0,0,0,0,1
1981,161,Cecil Cooper,/players/c/coopece01.shtml,coopece01,31,MIL,11,106,103,106,101,0,0,101,0,0,0,0,0,0,0,5,3,0
1981,162,Don Cooper,/players/c/coopedo01.shtml,coopedo01,25,MIN,1st,27,2,0,27,27,0,0,0,0,0,0,0,0,0,0,0,0
1981,163,Doug Corbett,/players/c/corbedo01.shtml,corbedo01,28,MIN,2,54,0,0,54,54,0,0,0,0,0,0,0,0,0,0,0,0
1981,164,Tim Corcoran,/players/c/corcoti01.shtml,corcoti01,28,MIN,5,22,13,22,16,0,0,16,0,0,0,0,0,0,0,3,5,0
1981,165,Mark Corey,/players/c/coreyma01.shtml,coreyma01,25,BAL,3,10,3,10,9,0,0,0,0,0,0,7,0,2,9,0,1,2
1981,166,Al Cowens,/players/c/cowenal01.shtml,cowenal01,29,DET,8,85,64,85,83,0,0,0,0,0,0,0,65,19,84,0,12,0
1981,167,Jeff Cox,/players/c/coxje01.shtml,coxje01,25,OAK,2,2,0,2,1,0,0,0,1,0,0,0,0,0,0,0,0,1
1981,168,Larry Cox,/players/c/coxla01.shtml,coxla01,33,TEX,8,5,5,5,5,0,5,0,0,0,0,0,0,0,0,0,0,0
1981,169,Ted Cox,/players/c/coxte02.shtml,coxte02,26,TOR,5,16,15,16,15,0,0,1,0,14,0,0,0,0,0,1,1,0
1981,170,Steve Crawford,/players/c/crawfst01.shtml,crawfst01,23,BOS,2,14,11,0,14,14,0,0,0,0,0,0,0,0,0,0,0,0
1981,171,Warren Cromartie,/players/c/cromawa01.shtml,cromawa01,27,MON,7,99,96,99,99,0,0,62,0,0,0,0,0,38,38,0,1,0
1981,172,Terry Crowley,/players/c/crowlte01.shtml,crowlte01,34,BAL,13,68,36,68,4,0,0,4,0,0,0,0,0,0,0,42,32,0
1981,173,Hector Cruz,/players/c/cruzhe01.shtml,cruzhe01,28,CHC,8,53,26,53,31,0,0,0,0,18,0,8,0,10,18,0,22,0
1981,174,Jose Cruz,/players/c/cruzjo01.shtml,cruzjo01,33,HOU,12,107,105,107,104,0,0,0,0,0,0,104,0,0,104,0,2,0
1981,175,Julio Cruz,/players/c/cruzju01.shtml,cruzju01,26,SEA,5,94,87,94,93,0,0,0,92,0,1,0,0,0,0,0,1,4
1981,176,Victor Cruz,/players/c/cruzvi01.shtml,cruzvi01,23,PIT,4,22,0,22,22,22,0,0,0,0,0,0,0,0,0,0,0,0
1981,177,Mike Cubbage,/players/c/cubbami01.shtml,cubbami01,30,NYM,8,67,11,67,12,0,0,0,0,12,0,0,0,0,0,0,55,0
1981,178,John Curtis,/players/c/curtijo01.shtml,curtijo01,33,SDP,12,28,8,28,28,28,0,0,0,0,0,0,0,0,0,0,0,0
1981,179,John D'Acquisto,/players/d/d'acqjo01.shtml,d'acqjo01,29,CAL,9,6,0,0,6,6,0,0,0,0,0,0,0,0,0,0,0,0
1981,180,Danny Darwin,/players/d/darwida01.shtml,darwida01,25,TEX,4,22,22,0,22,22,0,0,0,0,0,0,0,0,0,0,0,0
1981,181,Rich Dauer,/players/d/dauerri01.shtml,dauerri01,28,BAL,6,96,92,96,95,0,0,0,94,4,0,0,0,0,0,0,1,0
1981,182,Bob Davis,/players/d/davisbo02.shtml,davisbo02,29,CAL,8,1,1,1,1,0,1,0,0,0,0,0,0,0,0,0,0,0
1981,183,Chili Davis,/players/d/davisch01.shtml,davisch01,21,SFG,1st,8,2,8,6,0,0,0,0,0,0,1,2,3,6,0,3,0
1981,184,Dick Davis,/players/d/davisdi02.shtml,davisdi02,27,PHI,5,45,19,45,32,0,0,0,0,0,0,1,0,31,32,0,20,0
1981,185,Jody Davis,/players/d/davisjo02.shtml,davisjo02,24,CHC,1st,56,53,56,56,0,56,0,0,0,0,0,0,0,0,0,0,0
1981,186,Mark Davis,/players/d/davisma01.shtml,davisma01,20,PHI,2,9,9,9,9,9,0,0,0,0,0,0,0,0,0,0,0,0
1981,187,Mike Davis,/players/d/davismi02.shtml,davismi02,22,OAK,2,17,2,17,3,0,0,1,0,0,0,2,0,0,2,3,11,2
1981,188,Ron Davis,/players/d/davisro02.shtml,davisro02,25,NYY,4,43,0,0,43,43,0,0,0,0,0,0,0,0,0,0,0,0
1981,189,Andre Dawson,/players/d/dawsoan01.shtml,dawsoan01,26,MON,6,103,103,103,103,0,0,0,0,0,0,0,103,0,103,0,0,0
1981,190,Ivan de Jesus,/players/d/dejesiv01.shtml,dejesiv01,28,CHC,8,106,106,106,106,0,0,0,0,0,106,0,0,0,0,0,0,0
1981,191,Doug DeCinces,/players/d/decindo01.shtml,decindo01,30,BAL,9,100,97,100,100,0,0,1,0,100,0,1,0,0,1,0,1,1
1981,192,Luis DeLeon,/players/d/deleolu01.shtml,deleolu01,22,STL,1st,10,0,10,10,10,0,0,0,0,0,0,0,0,0,0,0,0
1981,193,Rick Dempsey,/players/d/dempsri01.shtml,dempsri01,31,BAL,13,92,71,92,90,0,90,0,0,0,0,0,0,0,0,0,9,6
1981,194,John Denny,/players/d/dennyjo01.shtml,dennyjo01,28,CLE,8,19,19,0,19,19,0,0,0,0,0,0,0,0,0,0,0,0
1981,195,Bucky Dent,/players/d/dentbu01.shtml,dentbu01,29,NYY,9,73,73,73,73,0,0,0,0,0,73,0,0,0,0,0,0,0
1981,196,Bob Dernier,/players/d/dernibo01.shtml,dernibo01,24,PHI,2,10,0,10,5,0,0,0,0,0,0,0,5,0,5,0,0,5
1981,197,Bo Diaz,/players/d/diazbo01.shtml,diazbo01,28,CLE,5,63,44,63,52,0,52,0,0,0,0,0,0,0,0,3,16,0
1981,198,Steve Dillard,/players/d/dillast01.shtml,dillast01,30,CHC,7,53,24,53,41,0,0,0,32,7,2,0,0,0,0,0,14,8
1981,199,Miguel Dilone,/players/d/dilonmi01.shtml,dilonmi01,26,CLE,8,72,63,72,56,0,0,0,0,0,0,56,0,0,56,12,4,5
1981,200,Frank DiPino,/players/d/dipinfr01.shtml,dipinfr01,24,MIL,1st,2,0,0,2,2,0,0,0,0,0,0,0,0,0,0,0,0
1981,201,Richard Dotson,/players/d/dotsori01.shtml,dotsori01,22,CHW,3,27,24,3,24,24,0,0,0,0,0,0,0,0,0,3,0,3
1981,202,Brian Downing,/players/d/downibr01.shtml,downibr01,30,CAL,9,93,88,93,87,0,37,0,0,0,0,56,0,0,56,5,2,0
1981,203,Brian Doyle,/players/d/doylebr01.shtml,doylebr01,26,OAK,4,17,15,17,17,0,0,0,17,0,0,0,0,0,0,0,0,1
1981,204,Dick Drago,/players/d/dragodi01.shtml,dragodi01,36,SEA,13,39,0,0,39,39,0,0,0,0,0,0,0,0,0,0,0,0
1981,205,Dan Driessen,/players/d/driesda01.shtml,driesda01,29,CIN,9,82,66,82,74,0,0,74,0,0,0,0,0,0,0,0,5,4
1981,206,Keith Drumright,/players/d/drumrke01.shtml,drumrke01,26,OAK,2,31,21,31,19,0,0,0,19,0,0,0,0,0,0,5,9,0
1981,207,Dan Duran,/players/d/duranda01.shtml,duranda01,27,TEX,1st,13,3,13,8,0,0,1,0,0,0,7,0,0,7,0,6,0
1981,208,Leon Durham,/players/d/durhale01.shtml,durhale01,23,CHC,2,87,84,87,84,0,0,3,0,0,0,0,0,83,83,0,3,0
1981,209,Jim Dwyer,/players/d/dwyerji01.shtml,dwyerji01,31,BAL,9,68,33,68,61,0,0,3,0,0,0,43,2,20,65,1,10,5
1981,210,Jerry Dybzinski,/players/d/dybzije01.shtml,dybzije01,25,CLE,2,48,17,48,40,0,0,0,4,3,34,0,0,0,0,2,2,12
1981,211,Duffy Dyer,/players/d/dyerdu01.shtml,dyerdu01,35,DET,14,2,0,2,2,0,2,0,0,0,0,0,0,0,0,0,0,0
1981,212,Mike Easler,/players/e/easlemi01.shtml,easlemi01,30,PIT,8,95,82,95,90,0,0,0,0,0,0,73,0,24,97,0,8,1
1981,213,Jamie Easterly,/players/e/easteja01.shtml,easteja01,28,MIL,7,44,0,0,44,44,0,0,0,0,0,0,0,0,0,0,0,0
1981,214,Rawly Eastwick,/players/e/eastwra01.shtml,eastwra01,30,CHC,8,30,0,30,30,30,0,0,0,0,0,0,0,0,0,0,0,0
1981,215,Dennis Eckersley,/players/e/eckerde01.shtml,eckerde01,26,BOS,7,23,23,0,23,23,0,0,0,0,0,0,0,0,0,0,0,0
1981,216,Joe Edelen,/players/e/edelejo01.shtml,edelejo01,25,2TM,1st,18,0,18,18,18,0,0,0,0,0,0,0,0,0,0,0,0
1981,217,Dave Edler,/players/e/edlerda01.shtml,edlerda01,24,SEA,2,29,22,29,27,0,0,0,0,26,1,0,0,0,0,0,4,0
1981,218,Dave Edwards,/players/e/edwarda01.shtml,edwarda01,27,SDP,4,58,25,58,49,0,0,0,0,0,0,11,2,40,53,0,20,3
1981,219,Marshall Edwards,/players/e/edwarma01.shtml,edwarma01,28,MIL,1st,40,10,40,37,0,0,0,0,0,0,2,21,15,38,1,1,13
1981,220,Juan Eichelberger,/players/e/eicheju01.shtml,eicheju01,27,SDP,4,25,24,25,25,25,0,0,0,0,0,0,0,0,0,0,0,0
1981,221,John Ellis,/players/e/ellisjo01.shtml,ellisjo01,32,TEX,13,23,14,23,18,0,0,18,0,0,0,0,0,0,0,1,9,0
1981,222,Dave Engle,/players/e/engleda01.shtml,engleda01,24,MIN,1st,82,64,82,78,0,0,0,0,1,0,0,0,77,77,1,13,1
1981,223,Rick Engle,/players/e/engleri01.shtml,engleri01,24,MON,1st,1,0,1,1,1,0,0,0,0,0,0,0,0,0,0,0,0
1981,224,Roger Erickson,/players/e/erickro01.shtml,erickro01,24,MIN,4,14,14,0,14,14,0,0,0,0,0,0,0,0,0,0,0,0
1981,225,Nino Espinosa,/players/e/espinni01.shtml,espinni01,27,2TM,8,15,14,14,15,15,0,0,0,0,0,0,0,0,0,0,0,0
1981,226,Jim Essian,/players/e/essiaji01.shtml,essiaji01,30,CHW,9,27,17,27,27,0,25,0,0,2,0,0,0,0,0,0,2,1
1981,227,Barry Evans,/players/e/evansba01.shtml,evansba01,25,SDP,4,54,20,54,42,0,0,10,6,24,2,0,0,0,0,0,21,0
1981,228,Darrell Evans,/players/e/evansda01.shtml,evansda01,34,SFG,13,102,96,102,99,0,0,12,0,87,0,0,0,0,0,0,5,0
1981,229,Dwight Evans,/players/e/evansdw01.shtml,evansdw01,29,BOS,10,108,108,108,108,0,0,0,0,0,0,0,0,108,108,0,0,0
1981,230,Lenny Faedo,/players/f/faedole01.shtml,faedole01,21,MIN,2,12,12,12,12,0,0,0,0,0,12,0,0,0,0,0,0,0
1981,231,Bill Fahey,/players/f/faheybi01.shtml,faheybi01,31,DET,9,27,19,27,27,0,27,0,0,0,0,0,0,0,0,0,0,0
1981,232,Pete Falcone,/players/f/falcope01.shtml,falcope01,27,NYM,7,35,9,35,35,35,0,0,0,0,0,0,0,0,0,0,0,0
1981,233,Ed Farmer,/players/f/farmeed01.shtml,farmeed01,31,CHW,9,42,0,0,42,42,0,0,0,0,0,0,0,0,0,0,0,0
1981,234,Terry Felton,/players/f/feltote01.shtml,feltote01,23,MIN,3,1,0,0,1,1,0,0,0,0,0,0,0,0,0,0,0,0
1981,235,Joe Ferguson,/players/f/fergujo01.shtml,fergujo01,34,2TM,12,29,11,29,13,0,8,0,0,0,0,3,0,2,5,0,17,0
1981,236,Neil Fiala,/players/f/fialane01.shtml,fialane01,24,2TM,1st,5,0,5,0,0,0,0,0,0,0,0,0,0,0,0,5,0
1981,237,Ed Figueroa,/players/f/figueed01.shtml,figueed01,32,OAK,8,2,1,0,2,2,0,0,0,0,0,0,0,0,0,0,0,0
1981,238,Rollie Fingers,/players/f/fingero01.shtml,fingero01,34,MIL,14,47,0,1,47,47,0,0,0,0,0,0,0,0,0,0,0,0
1981,239,Steve Fireovid,/players/f/fireost01.shtml,fireost01,24,SDP,1st,5,4,5,5,5,0,0,0,0,0,0,0,0,0,0,0,0
1981,240,Dan Firova,/players/f/firovda01.shtml,firovda01,24,SEA,1st,13,0,13,13,0,13,0,0,0,0,0,0,0,0,0,0,0
1981,241,Mike Fischlin,/players/f/fischmi01.shtml,fischmi01,25,CLE,4,22,14,22,20,0,0,0,1,0,19,0,0,0,0,0,0,3
1981,242,Carlton Fisk,/players/f/fiskca01.shtml,fiskca01,33,CHW,12,96,91,96,95,0,92,1,0,1,0,1,0,0,1,0,2,0
1981,243,Mike Flanagan,/players/f/flanami01.shtml,flanami01,29,BAL,7,20,20,0,20,20,0,0,0,0,0,0,0,0,0,0,0,0
1981,244,Tim Flannery,/players/f/flannti01.shtml,flannti01,23,SDP,3,37,14,37,21,0,0,0,7,15,0,0,0,0,0,0,17,0
1981,245,Scott Fletcher,/players/f/fletcsc01.shtml,fletcsc01,22,CHC,1st,19,11,19,17,0,0,0,13,1,4,0,0,0,0,0,0,4
1981,246,Doug Flynn,/players/f/flynndo01.shtml,flynndo01,30,NYM,7,105,103,105,105,0,0,0,100,0,5,0,0,0,0,0,0,1
1981,247,Tim Foli,/players/f/foliti01.shtml,foliti01,30,PIT,12,86,78,86,81,0,0,0,0,0,81,0,0,0,0,0,5,1
1981,248,Barry Foote,/players/f/footeba01.shtml,footeba01,29,2TM,9,49,43,49,43,0,42,1,0,0,0,0,0,0,0,4,2,0
1981,249,Dan Ford,/players/f/fordda01.shtml,fordda01,29,CAL,7,97,94,97,96,0,0,0,0,0,0,0,0,96,96,0,1,0
1981,250,Dave Ford,/players/f/fordda02.shtml,fordda02,24,BAL,4,15,2,0,15,15,0,0,0,0,0,0,0,0,0,0,0,0
1981,251,Bob Forsch,/players/f/forscbo01.shtml,forscbo01,31,STL,8,20,20,20,20,20,0,0,0,0,0,0,0,0,0,0,0,0
1981,252,Ken Forsch,/players/f/forscke01.shtml,forscke01,34,CAL,12,20,20,0,20,20,0,0,0,0,0,0,0,0,0,0,0,0
1981,253,Terry Forster,/players/f/forstte01.shtml,forstte01,29,LAD,11,21,0,21,21,21,0,0,0,0,0,0,0,0,0,0,0,0
1981,254,George Foster,/players/f/fostege01.shtml,fostege01,32,CIN,13,108,108,108,108,0,0,0,0,0,0,108,0,0,108,0,0,0
1981,255,Terry Francona,/players/f/francte01.shtml,francte01,22,MON,1st,34,21,34,27,0,0,1,0,0,0,24,0,2,26,0,10,0
1981,256,George Frazier,/players/f/frazige01.shtml,frazige01,26,NYY,4,16,0,0,16,16,0,0,0,0,0,0,0,0,0,0,0,0
1981,257,Pepe Frias,/players/f/friaspe01.shtml,friaspe01,32,LAD,9,25,8,25,22,0,0,0,6,1,15,0,0,0,0,0,1,5
1981,258,Dave Frost,/players/f/frostda01.shtml,frostda01,28,CAL,5,12,9,0,12,12,0,0,0,0,0,0,0,0,0,0,0,0
1981,259,Woodie Fryman,/players/f/frymawo01.shtml,frymawo01,41,MON,16,35,0,35,35,35,0,0,0,0,0,0,0,0,0,0,0,0
1981,260,Mark Funderburk,/players/f/fundema01.shtml,fundema01,24,MIN,1st,8,5,8,6,0,0,0,0,0,0,6,0,0,6,2,2,0
1981,261,Gary Gaetti,/players/g/gaettga01.shtml,gaettga01,22,MIN,1st,9,8,9,8,0,0,0,0,8,0,0,0,0,0,1,0,0
1981,262,Bob Galasso,/players/g/galasbo01.shtml,galasbo01,29,SEA,3,13,1,0,13,13,0,0,0,0,0,0,0,0,0,0,0,0
1981,263,Rich Gale,/players/g/galeri01.shtml,galeri01,27,KCR,4,19,15,1,19,19,0,0,0,0,0,0,0,0,0,0,0,0
1981,264,Oscar Gamble,/players/g/gamblos01.shtml,gamblos01,31,NYY,13,80,51,80,43,0,0,0,0,0,0,15,1,27,43,32,29,0
1981,265,Jim Gantner,/players/g/gantnji01.shtml,gantnji01,28,MIL,6,107,100,107,107,0,0,0,107,0,0,0,0,0,0,0,3,1
1981,266,Gene Garber,/players/g/garbege01.shtml,garbege01,33,ATL,12,35,0,35,35,35,0,0,0,0,0,0,0,0,0,0,0,0
1981,267,Damaso Garcia,/players/g/garcida01.shtml,garcida01,24,TOR,4,64,63,64,62,0,0,0,62,0,0,0,0,0,0,1,1,0
1981,268,Danny Garcia,/players/g/garcida02.shtml,garcida02,27,KCR,1st,12,2,12,8,0,0,2,0,0,0,1,0,5,6,0,1,6
1981,269,Kiko Garcia,/players/g/garciki01.shtml,garciki01,27,HOU,6,48,34,48,46,0,0,0,9,14,28,0,0,0,0,0,4,1
1981,270,Ron Gardenhire,/players/g/gardero01.shtml,gardero01,23,NYM,1st,27,14,27,23,0,0,0,6,1,18,0,0,0,0,0,0,9
1981,271,Wayne Garland,/players/g/garlawa01.shtml,garlawa01,30,CLE,9,12,10,0,12,12,0,0,0,0,0,0,0,0,0,0,0,0
1981,272,Phil Garner,/players/g/garneph01.shtml,garneph01,32,2TM,9,87,80,87,81,0,0,0,81,0,0,0,0,0,0,0,4,3
1981,273,Steve Garvey,/players/g/garvest01.shtml,garvest01,32,LAD,13,110,110,110,110,0,0,110,0,0,0,0,0,0,0,0,0,0
1981,274,Jerry Garvin,/players/g/garvije01.shtml,garvije01,25,TOR,5,35,4,0,35,35,0,0,0,0,0,0,0,0,0,0,0,0
1981,275,Mike Gates,/players/g/gatesmi01.shtml,gatesmi01,24,MON,1st,1,0,1,1,0,0,0,1,0,0,0,0,0,0,0,1,0
1981,276,Rich Gedman,/players/g/gedmari01.shtml,gedmari01,21,BOS,2,62,56,62,59,0,59,0,0,0,0,0,0,0,0,0,4,0
1981,277,Dave Geisel,/players/g/geiseda01.shtml,geiseda01,26,CHC,3,11,2,11,11,11,0,0,0,0,0,0,0,0,0,0,0,0
1981,278,Cesar Geronimo,/players/g/geronce01.shtml,geronce01,33,KCR,13,59,31,59,57,0,0,0,0,0,0,5,3,50,58,0,6,6
1981,279,Kirk Gibson,/players/g/gibsoki01.shtml,gibsoki01,24,DET,3,83,70,83,68,0,0,0,0,0,0,8,26,38,72,9,9,3
1981,280,Brian Giles,/players/g/gilesbr01.shtml,gilesbr01,21,NYM,1st,9,1,9,4,0,0,0,2,0,2,0,0,0,0,0,3,3
1981,281,Jerry Don Gleaton,/players/g/gleatje01.shtml,gleatje01,23,SEA,3,20,13,0,20,20,0,0,0,0,0,0,0,0,0,0,0,0
1981,282,Ed Glynn,/players/g/glynned01.shtml,glynned01,28,CLE,7,4,0,0,4,4,0,0,0,0,0,0,0,0,0,0,0,0
1981,283,Dave Goltz,/players/g/goltzda01.shtml,goltzda01,32,LAD,10,26,8,26,26,26,0,0,0,0,0,0,0,0,0,0,0,0
1981,284,Luis Gomez,/players/g/gomezlu01.shtml,gomezlu01,29,ATL,8,35,8,35,34,1,0,0,4,8,21,0,0,0,0,0,2,0
1981,285,Julio Gonzalez,/players/g/gonzaju02.shtml,gonzaju02,28,STL,5,20,0,20,11,0,0,0,4,2,5,0,0,0,0,0,10,0
1981,286,Danny Goodwin,/players/g/goodwda01.shtml,goodwda01,27,MIN,6,59,42,59,41,0,0,40,0,0,0,1,0,0,1,6,11,4
1981,287,Tom Gorman,/players/g/gormato03.shtml,gormato03,23,MON,1st,9,0,9,9,9,0,0,0,0,0,0,0,0,0,0,0,0
1981,288,Rich Gossage,/players/g/gossari01.shtml,gossari01,29,NYY,10,32,0,0,32,32,0,0,0,0,0,0,0,0,0,0,0,0
1981,289,Dan Graham,/players/g/grahada01.shtml,grahada01,26,BAL,3,55,44,55,44,0,40,0,0,4,0,0,0,0,0,7,9,0
1981,290,Gary Gray,/players/g/grayga01.shtml,grayga01,28,SEA,5,69,50,69,38,0,0,34,0,0,0,4,0,0,4,15,19,0
1981,291,David Green,/players/g/greenda03.shtml,greenda03,20,STL,1st,21,9,21,18,0,0,0,0,0,0,0,18,0,18,0,2,4
1981,292,Bobby Grich,/players/g/grichbo01.shtml,grichbo01,32,CAL,12,100,100,100,100,0,0,0,100,0,0,0,0,0,0,0,0,0
1981,293,Ken Griffey,/players/g/griffke01.shtml,griffke01,31,CIN,9,101,99,101,99,0,0,0,0,0,0,0,98,2,100,0,2,0
1981,294,Alfredo Griffin,/players/g/griffal01.shtml,griffal01,23,TOR,6,101,98,101,100,0,0,0,1,4,97,0,0,0,0,0,1,2
1981,295,Mike Griffin,/players/g/griffmi02.shtml,griffmi02,24,2TM,3,18,9,16,18,18,0,0,0,0,0,0,0,0,0,0,0,0
1981,296,Tom Griffin,/players/g/griffto02.shtml,griffto02,33,SFG,13,22,22,22,22,22,0,0,0,0,0,0,0,0,0,0,0,0
1981,297,Greg Gross,/players/g/grossgr01.shtml,grossgr01,28,PHI,9,83,11,83,55,0,0,0,0,0,0,14,4,38,56,0,44,2
1981,298,Wayne Gross,/players/g/grosswa01.shtml,grosswa01,29,OAK,6,82,65,82,76,0,0,2,0,74,0,0,0,0,0,1,13,0
1981,299,Jerry Grote,/players/g/groteje01.shtml,groteje01,38,2TM,16,24,20,24,23,0,23,0,0,0,0,0,0,0,0,0,2,0
1981,300,Johnny Grubb,/players/g/grubbjo01.shtml,grubbjo01,32,TEX,10,67,56,67,58,0,0,0,0,0,0,2,0,56,58,0,10,0
1981,301,Pedro Guerrero,/players/g/guerrpe01.shtml,guerrpe01,25,LAD,4,98,93,98,96,0,0,1,0,21,0,0,8,70,78,0,4,0
1981,302,Ron Guidry,/players/g/guidrro01.shtml,guidrro01,30,NYY,7,23,21,0,23,23,0,0,0,0,0,0,0,0,0,0,0,0
1981,303,Brad Gulden,/players/g/guldebr01.shtml,guldebr01,25,SEA,4,8,3,8,6,0,6,0,0,0,0,0,0,0,0,0,4,0
1981,304,Bill Gullickson,/players/g/gullibi01.shtml,gullibi01,22,MON,3,22,22,22,22,22,0,0,0,0,0,0,0,0,0,0,0,0
1981,305,Larry Gura,/players/g/gurala01.shtml,gurala01,33,KCR,12,23,23,0,23,23,0,0,0,0,0,0,0,0,0,0,0,0
1981,306,Doug Gwosdz,/players/g/gwosddo01.shtml,gwosddo01,21,SDP,1st,16,6,16,13,0,13,0,0,0,0,0,0,0,0,0,4,0
1981,307,Moose Haas,/players/h/haasmo01.shtml,haasmo01,25,MIL,6,24,22,0,24,24,0,0,0,0,0,0,0,0,0,0,0,0
1981,308,Jerry Hairston,/players/h/hairsje01.shtml,hairsje01,29,CHW,6,9,6,9,7,0,0,0,0,0,0,4,2,1,7,0,2,0
1981,309,Albert Hall,/players/h/hallal02.shtml,hallal02,23,ATL,1st,6,0,6,2,0,0,0,0,0,0,1,0,1,2,0,2,4
1981,310,Mel Hall,/players/h/hallme01.shtml,hallme01,20,CHC,1st,10,0,10,3,0,0,0,0,0,0,1,2,0,3,0,8,0
1981,311,Atlee Hammaker,/players/h/hammaat01.shtml,hammaat01,23,KCR,1st,10,6,0,10,10,0,0,0,0,0,0,0,0,0,0,0,0
1981,312,Garry Hancock,/players/h/hancoga01.shtml,hancoga01,27,BOS,3,26,7,26,8,0,0,0,0,0,0,0,5,3,8,4,16,0
1981,313,Preston Hanna,/players/h/hannapr01.shtml,hannapr01,26,ATL,7,20,1,20,20,20,0,0,0,0,0,0,0,0,0,0,0,0
1981,314,Alan Hargesheimer,/players/h/hargeal01.shtml,hargeal01,26,SFG,2,6,3,6,6,6,0,0,0,0,0,0,0,0,0,0,0,0
1981,315,Mike Hargrove,/players/h/hargrmi01.shtml,hargrmi01,31,CLE,8,94,90,94,88,0,0,88,0,0,0,0,0,0,0,4,4,0
1981,316,Larry Harlow,/players/h/harlola01.shtml,harlola01,29,CAL,6,43,23,43,40,0,0,0,0,0,0,23,8,13,44,0,7,5
1981,317,Brian Harper,/players/h/harpebr01.shtml,harpebr01,21,CAL,2,4,3,4,2,0,0,0,0,0,0,1,0,1,2,1,1,0
1981,318,Terry Harper,/players/h/harpete01.shtml,harpete01,25,ATL,2,40,13,40,27,0,0,0,0,0,0,9,0,18,27,0,16,6
1981,319,Toby Harrah,/players/h/harrato01.shtml,harrato01,32,CLE,12,103,102,103,102,0,0,0,0,102,3,0,0,0,0,1,1,0
1981,320,Greg Harris,/players/h/harrigr01.shtml,harrigr01,25,NYM,1st,17,14,17,16,16,0,0,0,0,0,0,0,0,0,0,0,1
1981,321,John Harris,/players/h/harrijo04.shtml,harrijo04,26,CAL,3,36,15,36,20,0,0,11,0,0,0,10,0,0,10,1,20,0
1981,322,Ron Hassey,/players/h/hassero01.shtml,hassero01,28,CLE,4,61,56,61,59,0,56,5,0,0,0,0,0,0,0,1,4,0
1981,323,Andy Hassler,/players/h/hasslan01.shtml,hasslan01,29,CAL,10,42,0,0,42,42,0,0,0,0,0,0,0,0,0,0,0,0
1981,324,Mickey Hatcher,/players/h/hatchmi01.shtml,hatchmi01,26,MIN,3,99,97,99,97,0,0,7,0,2,0,5,86,0,91,1,2,0
1981,325,Tom Hausman,/players/h/hausmto01.shtml,hausmto01,28,NYM,6,20,0,20,20,20,0,0,0,0,0,0,0,0,0,0,0,0
1981,326,Brad Havens,/players/h/havenbr01.shtml,havenbr01,21,MIN,1st,14,12,0,14,14,0,0,0,0,0,0,0,0,0,0,0,0
1981,327,Bill Hayes,/players/h/hayesbi01.shtml,hayesbi01,23,CHC,2,1,0,1,1,0,1,0,0,0,0,0,0,0,0,0,0,0
1981,328,Von Hayes,/players/h/hayesvo01.shtml,hayesvo01,22,CLE,1st,43,28,43,18,0,0,0,0,4,0,12,0,2,14,21,13,1
1981,329,Mike Heath,/players/h/heathmi02.shtml,heathmi02,26,OAK,4,84,76,84,80,0,78,0,0,0,0,5,0,1,6,0,4,0
1981,330,Dave Heaverlo,/players/h/heaveda01.shtml,heaveda01,30,OAK,7,6,0,0,6,6,0,0,0,0,0,0,0,0,0,0,0,0
1981,331,Richie Hebner,/players/h/hebneri01.shtml,hebneri01,33,DET,14,78,62,78,61,0,0,61,0,0,0,0,0,0,0,11,15,0
1981,332,Danny Heep,/players/h/heepda01.shtml,heepda01,23,HOU,3,33,23,33,23,0,0,22,0,0,0,0,0,1,1,0,10,0
1981,333,Dave Henderson,/players/h/hendeda01.shtml,hendeda01,22,SEA,1st,59,35,59,58,0,0,0,0,0,0,3,32,31,66,0,8,4
1981,334,Rickey Henderson,/players/h/henderi01.shtml,henderi01,22,OAK,3,108,107,108,107,0,0,0,0,0,0,107,0,0,107,0,1,0
1981,335,Steve Henderson,/players/h/hendest01.shtml,hendest01,28,CHC,5,82,76,82,77,0,0,0,0,0,0,77,0,0,77,0,5,0
1981,336,George Hendrick,/players/h/hendrge01.shtml,hendrge01,31,STL,11,101,101,101,101,0,0,0,0,0,0,0,51,60,111,0,0,0
1981,337,Keith Hernandez,/players/h/hernake01.shtml,hernake01,27,STL,8,103,99,103,99,0,0,98,0,0,0,3,0,0,3,0,4,0
1981,338,Willie Hernandez,/players/h/hernawi01.shtml,hernawi01,26,CHC,5,13,0,13,12,12,0,0,0,0,0,0,0,0,0,0,0,1
1981,339,Larry Herndon,/players/h/herndla01.shtml,herndla01,27,SFG,7,96,90,96,93,0,0,0,0,0,0,83,7,11,101,0,5,0
1981,340,Tom Herr,/players/h/herrto01.shtml,herrto01,25,STL,3,103,103,103,103,0,0,0,103,0,0,0,0,0,0,0,0,0
1981,341,Kevin Hickey,/players/h/hickeke01.shtml,hickeke01,25,CHW,1st,41,0,0,41,41,0,0,0,0,0,0,0,0,0,0,0,0
1981,342,Marc Hill,/players/h/hillma01.shtml,hillma01,29,CHW,9,16,0,16,15,0,14,1,0,1,0,0,0,0,0,0,3,0
1981,343,Larry Hisle,/players/h/hislela01.shtml,hislela01,34,MIL,13,27,23,27,0,0,0,0,0,0,0,0,0,0,0,24,4,0
1981,344,John Hobbs,/players/h/hobbsjo01.shtml,hobbsjo01,25,MIN,1st,4,0,0,4,4,0,0,0,0,0,0,0,0,0,0,0,0
1981,345,Butch Hobson,/players/h/hobsobu01.shtml,hobsobu01,29,CAL,7,85,85,85,83,0,0,0,0,83,0,0,0,0,0,2,0,0
1981,346,Ron Hodges,/players/h/hodgero01.shtml,hodgero01,32,NYM,9,35,5,35,7,0,7,0,0,0,0,0,0,0,0,0,29,0
1981,347,Glenn Hoffman,/players/h/hoffmgl01.shtml,hoffmgl01,22,BOS,2,78,72,78,78,0,0,0,0,1,78,0,0,0,0,0,0,0
1981,348,Al Holland,/players/h/hollaal01.shtml,hollaal01,28,SFG,4,47,3,47,47,47,0,0,0,0,0,0,0,0,0,0,0,0
1981,349,Rick Honeycutt,/players/h/honeyri01.shtml,honeyri01,27,TEX,5,20,20,0,20,20,0,0,0,0,0,0,0,0,0,0,0,0
1981,350,Burt Hooton,/players/h/hootobu01.shtml,hootobu01,31,LAD,11,23,23,23,23,23,0,0,0,0,0,0,0,0,0,0,0,0
1981,351,Bob Horner,/players/h/hornebo01.shtml,hornebo01,23,ATL,4,79,79,79,79,0,0,0,0,79,0,0,0,0,0,0,0,0
1981,352,Tim Hosley,/players/h/hosleti01.shtml,hosleti01,34,OAK,9,18,1,18,1,0,0,1,0,0,0,0,0,0,0,4,16,0
1981,353,Dave Hostetler,/players/h/hosteda01.shtml,hosteda01,25,MON,1st,5,0,5,2,0,0,2,0,0,0,0,0,0,0,0,3,0
1981,354,Charlie Hough,/players/h/houghch01.shtml,houghch01,33,TEX,12,21,5,0,21,21,0,0,0,0,0,0,0,0,0,0,0,0
1981,355,Paul Householder,/players/h/housepa02.shtml,housepa02,22,CIN,2,23,14,23,19,0,0,0,0,0,0,1,6,13,20,0,4,1
1981,356,Mike Howard,/players/h/howarmi01.shtml,howarmi01,23,NYM,1st,14,6,14,14,0,0,0,0,0,0,6,1,7,14,0,0,3
1981,357,Art Howe,/players/h/howear01.shtml,howear01,34,HOU,8,103,100,103,100,0,0,2,0,98,0,0,0,0,0,0,3,0
1981,358,Steve Howe,/players/h/howest01.shtml,howest01,23,LAD,2,41,0,41,41,41,0,0,0,0,0,0,0,0,0,0,0,0
1981,359,Jay Howell,/players/h/howelja01.shtml,howelja01,25,CHC,2,10,2,10,10,10,0,0,0,0,0,0,0,0,0,0,0,0
1981,360,Roy Howell,/players/h/howelro02.shtml,howelro02,27,MIL,8,76,65,76,56,0,0,3,0,53,0,0,0,1,1,13,8,1
1981,361,LaMarr Hoyt,/players/h/hoytla01.shtml,hoytla01,26,CHW,3,43,1,0,43,43,0,0,0,0,0,0,0,0,0,0,0,0
1981,362,Al Hrabosky,/players/h/hraboal01.shtml,hraboal01,31,ATL,12,24,0,24,24,24,0,0,0,0,0,0,0,0,0,0,0,0
1981,363,Kent Hrbek,/players/h/hrbekke01.shtml,hrbekke01,21,MIN,1st,24,18,24,13,0,0,13,0,0,0,0,0,0,0,8,5,0
1981,364,Glenn Hubbard,/players/h/hubbagl01.shtml,hubbagl01,23,ATL,4,99,97,99,98,0,0,0,98,0,0,0,0,0,0,0,1,0
1981,365,Tom Hume,/players/h/humeto01.shtml,humeto01,28,CIN,5,51,0,51,51,51,0,0,0,0,0,0,0,0,0,0,0,0
1981,366,Clint Hurdle,/players/h/hurdlcl01.shtml,hurdlcl01,23,KCR,5,28,26,28,28,0,0,0,0,0,0,0,0,28,28,0,2,0
1981,367,Bruce Hurst,/players/h/hurstbr01.shtml,hurstbr01,23,BOS,2,5,5,0,5,5,0,0,0,0,0,0,0,0,0,0,0,0
1981,368,Tom Hutton,/players/h/huttoto01.shtml,huttoto01,35,MON,12,31,1,31,11,0,0,9,0,0,0,1,0,1,2,0,21,1
1981,369,Dane Iorg,/players/i/iorgda01.shtml,iorgda01,31,STL,5,75,56,75,63,0,0,8,0,2,0,46,0,14,60,0,16,0
1981,370,Garth Iorg,/players/i/iorgga01.shtml,iorgga01,26,TOR,3,70,53,70,64,0,0,1,46,17,2,0,0,0,0,1,10,3
1981,371,Tim Ireland,/players/i/irelati01.shtml,irelati01,28,KCR,1st,4,0,4,4,0,0,4,0,0,0,0,0,0,0,0,0,3
1981,372,Mike Ivie,/players/i/iviemi01.shtml,iviemi01,28,2TM,9,26,11,26,15,0,0,15,0,0,0,0,0,0,0,0,13,1
1981,373,Darrell Jackson,/players/j/jacksda01.shtml,jacksda01,25,MIN,4,14,5,0,14,14,0,0,0,0,0,0,0,0,0,0,0,0
1981,374,Grant Jackson,/players/j/jacksgr01.shtml,jacksgr01,38,2TM,17,45,0,45,45,45,0,0,0,0,0,0,0,0,0,0,0,0
1981,375,Reggie Jackson,/players/j/jacksre01.shtml,jacksre01,35,NYY,15,94,92,94,61,0,0,0,0,0,0,0,0,61,61,33,2,0
1981,376,Ron Jackson,/players/j/jacksro02.shtml,jacksro02,28,2TM,7,85,68,85,74,0,0,65,0,3,0,6,0,1,7,6,12,1
1981,377,Roy Lee Jackson,/players/j/jacksro03.shtml,jacksro03,27,TOR,5,39,0,0,39,39,0,0,0,0,0,0,0,0,0,0,0,0
1981,378,Brook Jacoby,/players/j/jacobbr01.shtml,jacobbr01,21,ATL,1st,11,0,11,3,0,0,0,0,3,0,0,0,0,0,0,8,1
1981,379,Jesse Jefferson,/players/j/jeffeje01.shtml,jeffeje01,32,CAL,9,26,5,0,26,26,0,0,0,0,0,0,0,0,0,0,0,0
1981,380,Fergie Jenkins,/players/j/jenkife01.shtml,jenkife01,38,TEX,17,19,16,0,19,19,0,0,0,0,0,0,0,0,0,0,0,0
1981,381,Tommy John,/players/j/johnto01.shtml,johnto01,38,NYY,18,20,20,0,20,20,0,0,0,0,0,0,0,0,0,0,0,0
1981,382,Bob Johnson,/players/j/johnsbo04.shtml,johnsbo04,21,TEX,1st,6,4,6,6,0,5,1,0,0,0,0,0,0,0,0,0,0
1981,383,Cliff Johnson,/players/j/johnscl01.shtml,johnscl01,33,OAK,10,84,66,84,9,0,0,9,0,0,0,0,0,0,0,68,18,0
1981,384,John Henry Johnson,/players/j/johnsjo04.shtml,johnsjo04,24,TEX,4,24,0,0,24,24,0,0,0,0,0,0,0,0,0,0,0,0
1981,385,Lamar Johnson,/players/j/johnsla02.shtml,johnsla02,30,CHW,8,41,34,41,36,0,0,36,0,0,0,0,0,0,0,3,7,0
1981,386,Tony Johnson,/players/j/johnsto03.shtml,johnsto03,25,MON,1st,2,0,2,1,0,0,0,0,0,0,1,0,0,1,0,0,1
1981,387,Wallace Johnson,/players/j/johnswa03.shtml,johnswa03,24,MON,1st,11,0,11,1,0,0,0,1,0,0,0,0,0,0,0,8,2
1981,388,Greg Johnston,/players/j/johnsgr01.shtml,johnsgr01,26,MIN,3,7,5,7,6,0,0,0,0,0,0,0,6,0,6,0,0,1
1981,389,Jay Johnstone,/players/j/johnsja01.shtml,johnsja01,35,LAD,16,61,9,61,18,0,0,2,0,0,0,8,0,8,16,0,43,0
1981,390,Bob Jones,/players/j/jonesbo02.shtml,jonesbo02,31,TEX,5,10,9,10,10,0,0,0,0,0,0,1,0,9,10,0,0,0
1981,391,Jeff Jones,/players/j/jonesje01.shtml,jonesje01,24,OAK,2,33,0,0,33,33,0,0,0,0,0,0,0,0,0,0,0,0
1981,392,Lynn Jones,/players/j/jonesly01.shtml,jonesly01,28,DET,3,71,46,71,60,0,0,0,0,0,0,9,0,52,61,4,14,2
1981,393,Mike Jones,/players/j/jonesmi02.shtml,jonesmi02,21,KCR,2,12,11,0,12,12,0,0,0,0,0,0,0,0,0,0,0,0
1981,394,Odell Jones,/players/j/jonesod01.shtml,jonesod01,28,PIT,5,13,8,13,13,13,0,0,0,0,0,0,0,0,0,0,0,0
1981,395,Randy Jones,/players/j/jonesra01.shtml,jonesra01,31,NYM,9,13,12,13,13,13,0,0,0,0,0,0,0,0,0,0,0,0
1981,396,Ruppert Jones,/players/j/jonesru01.shtml,jonesru01,26,SDP,6,105,102,105,104,0,0,0,0,0,0,0,104,0,104,0,0,1
1981,397,Mike Jorgensen,/players/j/jorgemi01.shtml,jorgemi01,32,NYM,13,86,22,86,53,0,0,39,0,0,0,6,0,15,21,0,37,0
1981,398,Jim Kaat,/players/k/kaatji01.shtml,kaatji01,42,STL,23,41,1,41,41,41,0,0,0,0,0,0,0,0,0,0,0,0
1981,399,Bob Kearney,/players/k/kearnbo01.shtml,kearnbo01,24,OAK,2,1,0,1,1,0,1,0,0,0,0,0,0,0,0,0,0,0
1981,400,Greg Keatley,/players/k/keatlgr01.shtml,keatlgr01,27,KCR,1st,2,0,2,2,0,2,0,0,0,0,0,0,0,0,0,0,0
1981,401,Rickey Keeton,/players/k/keetori01.shtml,keetori01,24,MIL,2,17,0,0,17,17,0,0,0,0,0,0,0,0,0,0,0,0
1981,402,Mick Kelleher,/players/k/kellemi02.shtml,kellemi02,33,DET,10,61,24,61,58,0,0,0,11,39,9,0,0,0,0,0,3,5
1981,403,Pat Kelly,/players/k/kellypa01.shtml,kellypa01,36,CLE,15,48,15,48,8,0,0,0,0,0,0,3,0,5,8,18,30,0
1981,404,Steve Kemp,/players/k/kempst01.shtml,kempst01,26,DET,5,105,102,105,92,0,0,0,0,0,0,92,0,0,92,12,3,0
1981,405,Junior Kennedy,/players/k/kenneju01.shtml,kenneju01,30,CIN,5,27,11,27,21,0,0,0,16,5,0,0,0,0,0,0,7,0
1981,406,Terry Kennedy,/players/k/kennete02.shtml,kennete02,25,SDP,4,101,98,101,100,0,100,0,0,0,0,0,0,0,0,0,3,0
1981,407,Matt Keough,/players/k/keougma02.shtml,keougma02,25,OAK,5,19,19,0,19,19,0,0,0,0,0,0,0,0,0,0,0,0
1981,408,Jim Kern,/players/k/kernji01.shtml,kernji01,32,TEX,8,23,0,0,23,23,0,0,0,0,0,0,0,0,0,0,0,0
1981,409,Brian Kingman,/players/k/kingmbr01.shtml,kingmbr01,26,OAK,3,18,15,0,18,18,0,0,0,0,0,0,0,0,0,0,0,0
1981,410,Dave Kingman,/players/k/kingmda01.shtml,kingmda01,32,NYM,11,100,98,100,99,0,0,56,0,0,0,48,0,0,48,0,2,0
1981,411,Dennis Kinney,/players/k/kinnede01.shtml,kinnede01,29,DET,4,6,0,0,6,6,0,0,0,0,0,0,0,0,0,0,0,0
1981,412,Bruce Kison,/players/k/kisonbr01.shtml,kisonbr01,31,CAL,11,11,4,0,11,11,0,0,0,0,0,0,0,0,0,0,0,0
1981,413,Mickey Klutts,/players/k/kluttmi01.shtml,kluttmi01,26,OAK,6,15,12,15,14,0,0,0,0,14,0,0,0,0,0,0,1,0
1981,414,Bob Knepper,/players/k/kneppbo01.shtml,kneppbo01,27,HOU,6,22,22,22,22,22,0,0,0,0,0,0,0,0,0,0,0,0
1981,415,Alan Knicely,/players/k/kniceal01.shtml,kniceal01,26,HOU,3,3,1,3,3,0,2,0,0,0,0,1,0,0,1,0,1,0
1981,416,Ray Knight,/players/k/knighra01.shtml,knighra01,28,CIN,6,106,104,106,105,0,0,0,0,105,0,0,0,0,0,0,1,0
1981,417,Jerry Koosman,/players/k/koosmje01.shtml,koosmje01,38,2TM,15,27,16,0,27,27,0,0,0,0,0,0,0,0,0,0,0,0
1981,418,Ken Kravec,/players/k/kraveke01.shtml,kraveke01,29,CHC,7,25,12,25,24,24,0,0,0,0,0,0,0,0,0,0,0,1
1981,419,Wayne Krenchicki,/players/k/krencwa01.shtml,krencwa01,26,BAL,3,33,16,33,29,0,0,0,7,6,16,0,0,0,0,3,1,5
1981,420,Gene Krug,/players/k/krugge01.shtml,krugge01,26,CHC,1st,7,0,7,0,0,0,0,0,0,0,0,0,0,0,0,7,0
1981,421,Mike Krukow,/players/k/krukomi01.shtml,krukomi01,29,CHC,6,25,25,25,25,25,0,0,0,0,0,0,0,0,0,0,0,0
1981,422,Fred Kuhaulua,/players/k/kuhaufr01.shtml,kuhaufr01,28,SDP,2,5,4,5,5,5,0,0,0,0,0,0,0,0,0,0,0,0
1981,423,Duane Kuiper,/players/k/kuipedu01.shtml,kuipedu01,31,CLE,8,72,59,72,72,0,0,0,72,0,0,0,0,0,0,0,6,0
1981,424,Rusty Kuntz,/players/k/kuntzru01.shtml,kuntzru01,26,CHW,3,67,8,67,51,0,0,0,0,0,0,28,13,13,54,12,3,23
1981,425,Bob Lacey,/players/l/laceybo01.shtml,laceybo01,27,2TM,5,15,0,0,15,15,0,0,0,0,0,0,0,0,0,0,0,0
1981,426,Frank LaCorte,/players/l/lacorfr01.shtml,lacorfr01,29,HOU,7,37,0,37,37,37,0,0,0,0,0,0,0,0,0,0,0,0
1981,427,Mike LaCoss,/players/l/lacosmi01.shtml,lacosmi01,25,CIN,4,20,13,20,20,20,0,0,0,0,0,0,0,0,0,0,0,0
1981,428,Lee Lacy,/players/l/lacyle01.shtml,lacyle01,33,PIT,10,78,46,78,64,0,0,0,0,1,0,33,1,31,65,0,15,9
1981,429,Dennis Lamp,/players/l/lampde01.shtml,lampde01,28,CHW,5,27,10,0,27,27,0,0,0,0,0,0,0,0,0,0,0,0
1981,430,Rafael Landestoy,/players/l/landera01.shtml,landera01,28,2TM,5,47,24,47,34,0,0,0,34,0,0,0,0,0,0,0,13,5
1981,431,Ken Landreaux,/players/l/landrke01.shtml,landrke01,26,LAD,5,99,94,99,95,0,0,0,0,0,0,0,95,0,95,0,4,0
1981,432,Tito Landrum,/players/l/landrti01.shtml,landrti01,26,STL,2,81,21,81,67,0,0,0,0,0,0,42,6,25,73,0,14,12
1981,433,Rick Langford,/players/l/langfri01.shtml,langfri01,29,OAK,6,24,24,0,24,24,0,0,0,0,0,0,0,0,0,0,0,0
1981,434,Carney Lansford,/players/l/lansfca01.shtml,lansfca01,24,BOS,4,102,101,102,86,0,0,0,0,86,0,0,0,0,0,16,1,0
1981,435,Dave LaPoint,/players/l/lapoida01.shtml,lapoida01,21,STL,2,3,2,3,3,3,0,0,0,0,0,0,0,0,0,0,0,0
1981,436,Dave LaRoche,/players/l/larocda01.shtml,larocda01,33,NYY,12,26,1,0,26,26,0,0,0,0,0,0,0,0,0,0,0,0
1981,437,Dan Larson,/players/l/larsoda01.shtml,larsoda01,26,PHI,6,5,4,5,5,5,0,0,0,0,0,0,0,0,0,0,0,0
1981,438,Tim Laudner,/players/l/laudnti01.shtml,laudnti01,23,MIN,1st,14,12,14,12,0,12,0,0,0,0,0,0,0,0,2,0,0
1981,439,Gary Lavelle,/players/l/lavelga01.shtml,lavelga01,32,SFG,8,34,3,34,34,34,0,0,0,0,0,0,0,0,0,0,0,0
1981,440,Vance Law,/players/l/lawva01.shtml,lawva01,24,PIT,2,30,17,30,28,0,0,0,19,2,7,0,0,0,0,0,1,3
1981,441,Charlie Lea,/players/l/leach01.shtml,leach01,24,MON,2,16,11,16,16,16,0,0,0,0,0,0,0,0,0,0,0,0
1981,442,Rick Leach,/players/l/leachri01.shtml,leachri01,24,DET,1st,54,23,54,44,0,0,32,0,0,0,0,0,15,15,2,14,0
1981,443,Terry Leach,/players/l/leachte01.shtml,leachte01,27,NYM,1st,21,1,21,21,21,0,0,0,0,0,0,0,0,0,0,0,0
1981,444,Luis Leal,/players/l/leallu01.shtml,leallu01,24,TOR,2,29,19,1,29,29,0,0,0,0,0,0,0,0,0,0,0,0
1981,445,Tim Leary,/players/l/learyti01.shtml,learyti01,22,NYM,1st,1,1,1,1,1,0,0,0,0,0,0,0,0,0,0,0,0
1981,446,Bill Lee,/players/l/leebi03.shtml,leebi03,34,MON,13,31,7,31,31,31,0,0,0,0,0,0,0,0,0,0,0,0
1981,447,Mark Lee,/players/l/leema01.shtml,leema01,28,PIT,4,12,0,12,12,12,0,0,0,0,0,0,0,0,0,0,0,0
1981,448,Joe Lefebvre,/players/l/lefebjo01.shtml,lefebjo01,25,SDP,2,86,70,86,84,0,0,0,0,0,0,0,3,83,86,0,7,2
1981,449,Ron LeFlore,/players/l/lefloro01.shtml,lefloro01,33,CHW,8,82,82,82,82,0,0,0,0,0,0,76,7,0,83,0,0,0
1981,450,Charlie Leibrandt,/players/l/leibrch01.shtml,leibrch01,24,CIN,3,7,4,7,7,7,0,0,0,0,0,0,0,0,0,0,0,0
1981,451,Johnnie LeMaster,/players/l/lemasjo01.shtml,lemasjo01,27,SFG,7,104,97,104,103,0,0,0,0,0,103,0,0,0,0,0,0,1
1981,452,Chet Lemon,/players/l/lemonch01.shtml,lemonch01,26,CHW,7,94,94,94,93,0,0,0,0,0,0,0,93,0,93,0,0,0
1981,453,Dennis Leonard,/players/l/leonade01.shtml,leonade01,30,KCR,8,26,26,0,26,26,0,0,0,0,0,0,0,0,0,0,0,0
1981,454,Jeffrey Leonard,/players/l/leonaje01.shtml,leonaje01,25,2TM,5,44,36,44,37,0,0,7,0,0,0,8,20,6,34,0,8,0
1981,455,Randy Lerch,/players/l/lerchra01.shtml,lerchra01,26,MIL,7,23,18,0,23,23,0,0,0,0,0,0,0,0,0,0,0,0
1981,456,Dennis Lewallyn,/players/l/lewalde01.shtml,lewalde01,27,CLE,7,7,0,0,7,7,0,0,0,0,0,0,0,0,0,0,0,0
1981,457,Carlos Lezcano,/players/l/lezcaca01.shtml,lezcaca01,25,CHC,2,7,3,7,5,0,0,0,0,0,0,1,0,4,5,0,2,1
1981,458,Sixto Lezcano,/players/l/lezcasi01.shtml,lezcasi01,27,STL,8,72,61,72,65,0,0,0,0,0,0,33,0,33,66,0,8,1
1981,459,John Lickert,/players/l/lickejo01.shtml,lickejo01,21,BOS,1st,1,0,1,1,0,1,0,0,0,0,0,0,0,0,0,0,0
1981,460,Rufino Linares,/players/l/linarru01.shtml,linarru01,30,ATL,1st,78,54,78,61,0,0,0,0,0,0,61,0,0,61,0,24,0
1981,461,Rick Lisi,/players/l/lisiri01.shtml,lisiri01,25,TEX,1st,9,3,9,8,0,0,0,0,0,0,0,2,6,8,0,2,2
1981,462,Mark Littell,/players/l/littema01.shtml,littema01,28,STL,8,28,1,28,28,28,0,0,0,0,0,0,0,0,0,0,0,0
1981,463,John Littlefield,/players/l/littljo01.shtml,littljo01,27,SDP,2,42,0,42,42,42,0,0,0,0,0,0,0,0,0,0,0,0
1981,464,Larry Littleton,/players/l/littlla01.shtml,littlla01,27,CLE,1st,26,5,26,24,0,0,0,0,0,0,20,6,1,27,0,4,0
1981,465,Tim Lollar,/players/l/lollati01.shtml,lollati01,25,SDP,2,24,11,24,24,24,0,0,0,0,0,0,0,0,0,0,0,0
1981,466,Bob Long,/players/l/longbo01.shtml,longbo01,26,PIT,1st,5,3,5,5,5,0,0,0,0,0,0,0,0,0,0,0,0
1981,467,Davey Lopes,/players/l/lopesda01.shtml,lopesda01,36,LAD,10,58,54,58,55,0,0,0,55,0,0,0,0,0,0,0,3,0
1981,468,Aurelio Lopez,/players/l/lopezau01.shtml,lopezau01,32,DET,5,29,3,0,29,29,0,0,0,0,0,0,0,0,0,0,0,0
1981,469,Scott Loucks,/players/l/loucksc01.shtml,loucksc01,24,HOU,2,10,1,10,5,0,0,0,0,0,0,0,5,0,5,0,0,5
1981,470,Jay Loviglio,/players/l/lovigja01.shtml,lovigja01,25,CHW,2,14,4,14,7,0,0,0,3,4,0,0,0,0,0,5,0,8
1981,471,John Lowenstein,/players/l/lowenjo01.shtml,lowenjo01,34,BAL,12,83,54,83,74,0,0,0,0,0,0,68,0,9,77,4,14,7
1981,472,Steve Lubratich,/players/l/lubrast01.shtml,lubrast01,26,CAL,1st,7,6,7,6,0,0,0,0,6,0,0,0,0,0,0,0,1
1981,473,Gary Lucas,/players/l/lucasga01.shtml,lucasga01,26,SDP,2,57,0,57,57,57,0,0,0,0,0,0,0,0,0,0,0,0
1981,474,Steve Luebber,/players/l/luebbst01.shtml,luebbst01,31,BAL,5,7,0,0,7,7,0,0,0,0,0,0,0,0,0,0,0,0
1981,475,Mike Lum,/players/l/lummi01.shtml,lummi01,35,2TM,15,51,10,51,16,0,0,1,0,0,0,12,0,3,15,0,40,0
1981,476,Greg Luzinski,/players/l/luzingr01.shtml,luzingr01,30,CHW,12,104,103,104,0,0,0,0,0,0,0,0,0,0,0,103,1,0
1981,477,Sparky Lyle,/players/l/lylesp01.shtml,lylesp01,36,PHI,15,48,0,48,48,48,0,0,0,0,0,0,0,0,0,0,0,0
1981,478,Ed Lynch,/players/l/lynched01.shtml,lynched01,25,NYM,2,17,13,17,17,17,0,0,0,0,0,0,0,0,0,0,0,0
1981,479,Fred Lynn,/players/l/lynnfr01.shtml,lynnfr01,29,CAL,8,76,67,76,69,0,0,0,0,0,0,0,69,0,69,0,9,0
1981,480,Ken Macha,/players/m/machake01.shtml,machake01,30,TOR,6,37,25,37,34,0,1,16,0,20,0,0,0,0,0,2,2,1
1981,481,Pete Mackanin,/players/m/mackape01.shtml,mackape01,29,MIN,9,77,59,77,66,0,0,10,31,4,29,0,0,0,0,6,13,0
1981,482,Garry Maddox,/players/m/maddoga01.shtml,maddoga01,31,PHI,10,94,85,94,93,0,0,0,0,0,0,0,93,0,93,0,1,0
1981,483,Bill Madlock,/players/m/madlobi01.shtml,madlobi01,30,PIT,9,82,77,82,78,0,0,0,0,78,0,0,0,0,0,0,4,1
1981,484,Mickey Mahler,/players/m/mahlemi01.shtml,mahlemi01,28,CAL,5,6,0,0,6,6,0,0,0,0,0,0,0,0,0,0,0,0
1981,485,Rick Mahler,/players/m/mahleri01.shtml,mahleri01,27,ATL,3,34,14,34,34,34,0,0,0,0,0,0,0,0,0,0,0,0
1981,486,Candy Maldonado,/players/m/maldoca01.shtml,maldoca01,20,LAD,1st,11,2,11,9,0,0,0,0,0,0,4,0,5,9,0,4,1
1981,487,Jim Maler,/players/m/malerji01.shtml,malerji01,22,SEA,1st,12,4,12,5,0,0,5,0,0,0,0,0,0,0,2,8,0
1981,488,Rick Manning,/players/m/manniri01.shtml,manniri01,26,CLE,7,103,98,103,103,0,0,0,0,0,0,0,103,0,103,0,1,0
1981,489,Fred Manrique,/players/m/manrifr01.shtml,manrifr01,19,TOR,1st,14,6,14,12,0,0,0,0,2,11,0,0,0,0,1,2,1
1981,490,Jerry Manuel,/players/m/manueje01.shtml,manueje01,27,MON,4,27,14,27,25,0,0,0,23,0,2,0,0,0,0,0,0,3
1981,491,Mike Marshall,/players/m/marshmi02.shtml,marshmi02,21,LAD,1st,14,4,14,7,0,0,3,0,3,0,2,0,1,3,0,9,1
1981,492,Mike Marshall,/players/m/marshmi01.shtml,marshmi01,38,NYM,14,20,0,20,20,20,0,0,0,0,0,0,0,0,0,0,0,0
1981,493,Jerry Martin,/players/m/martije01.shtml,martije01,32,SFG,8,72,60,72,64,0,0,0,0,0,0,9,58,0,67,0,8,0
1981,494,John Martin,/players/m/martijo05.shtml,martijo05,25,STL,2,18,15,18,17,17,0,0,0,0,0,0,0,0,0,0,0,1
1981,495,Renie Martin,/players/m/martire01.shtml,martire01,25,KCR,3,29,0,0,29,29,0,0,0,0,0,0,0,0,0,0,0,0
1981,496,Buck Martinez,/players/m/martibu01.shtml,martibu01,32,TOR,12,45,43,45,45,0,45,0,0,0,0,0,0,0,0,0,0,0
1981,497,Dennis Martinez,/players/m/martide01.shtml,martide01,27,BAL,6,25,24,0,25,25,0,0,0,0,0,0,0,0,0,0,0,0
1981,498,Freddie Martinez,/players/m/martial02.shtml,martial02,24,CAL,2,2,0,0,2,2,0,0,0,0,0,0,0,0,0,0,0,0
1981,499,Silvio Martinez,/players/m/martisi01.shtml,martisi01,25,STL,5,18,16,18,18,18,0,0,0,0,0,0,0,0,0,0,0,0
1981,500,Tippy Martinez,/players/m/martiti01.shtml,martiti01,31,BAL,8,37,0,0,37,37,0,0,0,0,0,0,0,0,0,0,0,0
1981,501,Randy Martz,/players/m/martzra01.shtml,martzra01,25,CHC,2,34,14,34,33,33,0,0,0,0,0,0,0,0,0,0,1,0
1981,502,Jon Matlack,/players/m/matlajo01.shtml,matlajo01,31,TEX,11,17,16,0,17,17,0,0,0,0,0,0,0,0,0,0,0,0
1981,503,Gary Matthews,/players/m/matthga01.shtml,matthga01,30,PHI,10,101,99,101,99,0,0,0,0,0,0,99,0,0,99,0,2,0
1981,504,Rick Matula,/players/m/matulri01.shtml,matulri01,27,ATL,3,5,0,5,5,5,0,0,0,0,0,0,0,0,0,0,0,0
1981,505,Len Matuszek,/players/m/matusle01.shtml,matusle01,26,PHI,1st,13,1,13,2,0,0,1,0,1,0,0,0,0,0,0,12,0
1981,506,Lee May,/players/m/mayle01.shtml,mayle01,38,KCR,17,26,11,26,8,0,0,8,0,0,0,0,0,0,0,4,14,0
1981,507,Milt May,/players/m/maymi01.shtml,maymi01,30,SFG,12,97,86,97,93,0,93,0,0,0,0,0,0,0,0,0,10,0
1981,508,Rudy May,/players/m/mayru01.shtml,mayru01,36,NYY,14,27,22,0,27,27,0,0,0,0,0,0,0,0,0,0,0,0
1981,509,John Mayberry,/players/m/maybejo01.shtml,maybejo01,32,TOR,14,94,86,94,80,0,0,80,0,0,0,0,0,0,0,10,7,0
1981,510,Lee Mazzilli,/players/m/mazzile01.shtml,mazzile01,26,NYM,6,95,87,95,89,0,0,2,0,0,0,51,40,0,91,0,7,0
1981,511,Bake McBride,/players/m/mcbriba01.shtml,mcbriba01,32,PHI,9,58,56,58,56,0,0,0,0,0,0,0,0,56,56,0,2,0
1981,512,Steve McCatty,/players/m/mccatst01.shtml,mccatst01,27,OAK,5,22,22,0,22,22,0,0,0,0,0,0,0,0,0,0,0,0
1981,513,Bob McClure,/players/m/mcclubo01.shtml,mcclubo01,29,MIL,7,4,0,0,4,4,0,0,0,0,0,0,0,0,0,0,0,0
1981,514,Don McCormack,/players/m/mccordo01.shtml,mccordo01,25,PHI,2,3,1,3,3,0,3,0,0,0,0,0,0,0,0,0,0,0
1981,515,Andy McGaffigan,/players/m/mcgafan01.shtml,mcgafan01,24,NYY,1st,2,0,0,2,2,0,0,0,0,0,0,0,0,0,0,0,0
1981,516,Lynn McGlothen,/players/m/mcgloly01.shtml,mcgloly01,31,2TM,10,31,6,20,31,31,0,0,0,0,0,0,0,0,0,0,1,0
1981,517,Tug McGraw,/players/m/mcgratu01.shtml,mcgratu01,36,PHI,16,34,0,34,34,34,0,0,0,0,0,0,0,0,0,0,0,0
1981,518,Scott McGregor,/players/m/mcgresc01.shtml,mcgresc01,27,BAL,6,24,22,0,24,24,0,0,0,0,0,0,0,0,0,0,0,0
1981,519,Vance McHenry,/players/m/mchenva01.shtml,mchenva01,24,SEA,1st,15,5,15,13,0,0,0,0,0,13,0,0,0,0,1,2,2
1981,520,Dave McKay,/players/m/mckayda01.shtml,mckayda01,31,OAK,7,79,65,79,77,0,0,0,39,44,7,0,0,0,0,0,3,3
1981,521,Bo McLaughlin,/players/m/mclaubo01.shtml,mclaubo01,27,OAK,5,11,0,0,11,11,0,0,0,0,0,0,0,0,0,0,0,0
1981,522,Joey McLaughlin,/players/m/mclaujo01.shtml,mclaujo01,24,TOR,4,40,0,1,40,40,0,0,0,0,0,0,0,0,0,0,0,0
1981,523,Hal McRae,/players/m/mcraeha01.shtml,mcraeha01,35,KCR,13,101,101,101,4,0,0,0,0,0,0,2,0,2,4,97,0,0
1981,524,Larry McWilliams,/players/m/mcwilla01.shtml,mcwilla01,27,ATL,4,6,5,6,6,6,0,0,0,0,0,0,0,0,0,0,0,0
1981,525,Doc Medich,/players/m/medicdo01.shtml,medicdo01,32,TEX,10,20,20,0,20,20,0,0,0,0,0,0,0,0,0,0,0,0
1981,526,Sam Mejias,/players/m/mejiasa01.shtml,mejiasa01,29,CIN,6,66,6,66,58,0,0,0,0,0,0,0,16,43,59,0,9,4
1981,527,Mario Mendoza,/players/m/mendoma01.shtml,mendoma01,30,TEX,8,88,83,88,88,0,0,0,0,0,88,0,0,0,0,0,0,0
1981,528,Mark Mercer,/players/m/mercema01.shtml,mercema01,27,TEX,1st,7,0,0,7,7,0,0,0,0,0,0,0,0,0,0,0,0
1981,529,Dan Meyer,/players/m/meyerda01.shtml,meyerda01,28,SEA,8,83,62,83,62,0,0,3,0,49,0,13,1,0,14,4,20,1
1981,530,Larry Milbourne,/players/m/milbola01.shtml,milbola01,30,NYY,8,61,41,61,54,0,0,0,14,3,39,0,0,0,0,3,4,7
1981,531,Dyar Miller,/players/m/milledy01.shtml,milledy01,35,NYM,7,23,0,23,23,23,0,0,0,0,0,0,0,0,0,0,0,0
1981,532,Eddie Miller,/players/m/milleed04.shtml,milleed04,24,ATL,5,50,29,50,36,0,0,0,0,0,0,28,2,7,37,0,7,14
1981,533,Rick Miller,/players/m/milleri01.shtml,milleri01,33,BOS,11,97,89,97,95,0,0,0,0,0,0,0,95,0,95,0,4,2
1981,534,Brad Mills,/players/m/millsbr01.shtml,millsbr01,24,MON,2,17,3,17,9,0,0,0,2,7,0,0,0,0,0,0,9,0
1981,535,Eddie Milner,/players/m/milneed01.shtml,milneed01,26,CIN,2,8,0,8,4,0,0,0,0,0,0,2,0,2,4,0,3,4
1981,536,John Milner,/players/m/milnejo01.shtml,milnejo01,31,2TM,11,65,32,65,37,0,0,29,0,0,0,8,0,0,8,0,32,1
1981,537,Craig Minetto,/players/m/minetcr01.shtml,minetcr01,27,OAK,4,8,0,0,8,8,0,0,0,0,0,0,0,0,0,0,0,0
1981,538,Greg Minton,/players/m/mintogr01.shtml,mintogr01,29,SFG,7,55,0,55,55,55,0,0,0,0,0,0,0,0,0,0,0,0
1981,539,Paul Mirabella,/players/m/mirabpa01.shtml,mirabpa01,27,TOR,4,8,1,0,8,8,0,0,0,0,0,0,0,0,0,0,0,0
1981,540,Bobby Mitchell,/players/m/mitchbo03.shtml,mitchbo03,26,LAD,2,10,0,10,8,0,0,0,0,0,0,1,6,2,9,0,3,1
1981,541,Randy Moffitt,/players/m/moffira01.shtml,moffira01,32,SFG,10,10,0,10,10,10,0,0,0,0,0,0,0,0,0,0,0,0
1981,542,Bob Molinaro,/players/m/molinbo01.shtml,molinbo01,31,CHW,6,47,2,47,3,0,0,0,0,0,0,2,0,1,3,4,45,0
1981,543,Paul Molitor,/players/m/molitpa01.shtml,molitpa01,24,MIL,4,64,63,64,47,0,0,0,0,0,0,0,43,4,47,15,1,0
1981,544,Rick Monday,/players/m/mondari01.shtml,mondari01,35,LAD,16,66,31,66,41,0,0,0,0,0,0,6,0,37,43,0,27,0
1981,545,Don Money,/players/m/moneydo01.shtml,moneydo01,34,MIL,14,60,50,60,57,0,0,1,0,56,0,0,0,0,0,2,5,0
1981,546,Sid Monge,/players/m/mongesi01.shtml,mongesi01,30,CLE,7,31,0,0,31,31,0,0,0,0,0,0,0,0,0,0,0,0
1981,547,Willie Montanez,/players/m/montawi01.shtml,montawi01,33,2TM,13,55,16,55,26,0,0,26,0,0,0,0,0,0,0,0,32,0
1981,548,John Montefusco,/players/m/montejo01.shtml,montejo01,31,ATL,8,26,9,26,26,26,0,0,0,0,0,0,0,0,0,0,0,0
1981,549,Charlie Moore,/players/m/moorech02.shtml,moorech02,28,MIL,9,48,41,48,39,0,34,0,0,0,0,2,0,6,8,6,4,1
1981,550,Donnie Moore,/players/m/mooredo01.shtml,mooredo01,27,MIL,6,3,0,0,3,3,0,0,0,0,0,0,0,0,0,0,0,0
1981,551,Kelvin Moore,/players/m/mooreke01.shtml,mooreke01,23,OAK,1st,14,13,14,13,0,0,13,0,0,0,0,0,0,0,0,1,0
1981,552,Jerry Morales,/players/m/moralje01.shtml,moralje01,32,CHC,13,84,55,84,72,0,0,0,0,0,0,17,49,8,74,0,17,1
1981,553,Jose Morales,/players/m/moraljo01.shtml,moraljo01,36,BAL,9,38,16,38,3,0,0,3,0,0,0,0,0,0,0,23,21,0
1981,554,Keith Moreland,/players/m/morelke01.shtml,morelke01,27,PHI,4,61,49,61,58,0,50,2,0,8,0,0,0,2,2,0,5,0
1981,555,Angel Moreno,/players/m/morenan01.shtml,morenan01,26,CAL,1st,8,4,0,8,8,0,0,0,0,0,0,0,0,0,0,0,0
1981,556,Jose Moreno,/players/m/morenjo01.shtml,morenjo01,23,SDP,2,34,8,34,10,0,0,0,1,0,0,4,0,5,9,0,25,1
1981,557,Omar Moreno,/players/m/morenom01.shtml,morenom01,28,PIT,7,103,103,103,103,0,0,0,0,0,0,0,103,0,103,0,0,0
1981,558,Joe Morgan,/players/m/morgajo02.shtml,morgajo02,37,SFG,19,90,84,90,87,0,0,0,87,0,0,0,0,0,0,0,5,0
1981,559,Jack Morris,/players/m/morrija02.shtml,morrija02,26,DET,5,25,25,0,25,25,0,0,0,0,0,0,0,0,0,0,0,0
1981,560,Jim Morrison,/players/m/morriji01.shtml,morriji01,28,CHW,5,90,84,90,87,0,0,0,1,87,0,0,0,0,0,2,2,1
1981,561,Lloyd Moseby,/players/m/mosebll01.shtml,mosebll01,21,TOR,2,100,98,100,100,0,0,0,0,0,0,0,80,22,102,0,2,0
1981,562,Paul Moskau,/players/m/moskapa01.shtml,moskapa01,27,CIN,5,27,1,27,27,27,0,0,0,0,0,0,0,0,0,0,0,0
1981,563,Darryl Motley,/players/m/motleda01.shtml,motleda01,21,KCR,1st,42,36,42,40,0,0,0,0,0,0,2,0,39,41,0,4,2
1981,564,Willie Mueller,/players/m/muellwi01.shtml,muellwi01,24,MIL,2,1,0,0,1,1,0,0,0,0,0,0,0,0,0,0,0,0
1981,565,Rance Mulliniks,/players/m/mullira01.shtml,mullira01,25,KCR,5,24,13,24,21,0,0,0,10,5,7,0,0,0,0,0,0,5
1981,566,Jerry Mumphrey,/players/m/mumphje01.shtml,mumphje01,28,NYY,8,80,79,80,79,0,0,0,0,0,0,0,79,0,79,0,1,0
1981,567,Steve Mura,/players/m/murast01.shtml,murast01,26,SDP,4,24,22,24,23,23,0,0,0,0,0,0,0,0,0,0,0,1
1981,568,Bobby Murcer,/players/m/murcebo01.shtml,murcebo01,35,NYY,15,50,25,50,0,0,0,0,0,0,0,0,0,0,0,33,25,0
1981,569,Dale Murphy,/players/m/murphda05.shtml,murphda05,25,ATL,6,104,99,104,103,0,0,3,0,0,0,0,102,1,103,0,2,1
1981,570,Dwayne Murphy,/players/m/murphdw01.shtml,murphdw01,26,OAK,4,107,107,107,106,0,0,0,0,0,0,0,106,0,106,1,0,0
1981,571,Dale Murray,/players/m/murrada01.shtml,murrada01,31,TOR,8,11,0,0,11,11,0,0,0,0,0,0,0,0,0,0,0,0
1981,572,Eddie Murray,/players/m/murraed02.shtml,murraed02,25,BAL,5,99,99,99,99,0,0,99,0,0,0,0,0,0,0,0,0,0
1981,573,Bill Nahorodny,/players/n/nahorbi01.shtml,nahorbi01,27,ATL,6,14,0,14,4,0,3,1,0,0,0,0,0,0,0,0,10,0
1981,574,Jerry Narron,/players/n/narroje01.shtml,narroje01,25,SEA,3,76,57,76,65,0,65,0,0,0,0,0,0,0,0,0,19,0
1981,575,Gene Nelson,/players/n/nelsoge01.shtml,nelsoge01,20,NYY,1st,8,7,0,8,8,0,0,0,0,0,0,0,0,0,0,0,0
1981,576,Graig Nettles,/players/n/nettlgr01.shtml,nettlgr01,36,NYY,15,103,100,103,97,0,0,0,0,97,0,0,0,0,0,4,3,0
1981,577,Jim Nettles,/players/n/nettlji01.shtml,nettlji01,34,OAK,6,1,0,1,1,0,0,0,0,0,0,0,0,1,1,0,0,0
1981,578,Jeff Newman,/players/n/newmaje01.shtml,newmaje01,32,OAK,6,68,61,68,65,0,37,30,0,0,0,0,0,0,0,0,5,0
1981,579,Reid Nichols,/players/n/nichore01.shtml,nichore01,22,BOS,2,39,14,39,27,0,0,0,0,1,0,1,25,0,26,7,1,18
1981,580,Steve Nicosia,/players/n/nicosst01.shtml,nicosst01,25,PIT,4,54,49,54,52,0,52,0,0,0,0,0,0,0,0,0,2,0
1981,581,Tom Niedenfuer,/players/n/niedeto01.shtml,niedeto01,21,LAD,1st,17,0,17,17,17,0,0,0,0,0,0,0,0,0,0,0,0
1981,582,Joe Niekro,/players/n/niekrjo01.shtml,niekrjo01,36,HOU,15,24,24,24,24,24,0,0,0,0,0,0,0,0,0,0,0,0
1981,583,Phil Niekro,/players/n/niekrph01.shtml,niekrph01,42,ATL,18,22,22,22,22,22,0,0,0,0,0,0,0,0,0,0,0,0
1981,584,Joe Nolan,/players/n/nolanjo01.shtml,nolanjo01,30,CIN,7,81,62,81,81,0,81,0,0,0,0,0,0,0,0,0,12,0
1981,585,Dickie Noles,/players/n/nolesdi01.shtml,nolesdi01,24,PHI,3,13,8,13,13,13,0,0,0,0,0,0,0,0,0,0,0,0
1981,586,Wayne Nordhagen,/players/n/nordhwa01.shtml,nordhwa01,32,CHW,6,65,57,65,60,0,0,0,0,0,0,27,0,37,64,1,7,0
1981,587,Nelson Norman,/players/n/normane01.shtml,normane01,23,TEX,4,7,4,7,5,0,0,0,0,0,5,0,0,0,0,0,0,3
1981,588,Mike Norris,/players/n/norrimi01.shtml,norrimi01,26,OAK,7,23,23,0,23,23,0,0,0,0,0,0,0,0,0,0,0,0
1981,589,Bill North,/players/n/northbi01.shtml,northbi01,33,SFG,11,46,35,46,37,0,0,0,0,0,0,0,37,0,37,0,9,0
1981,590,Mike O'Berry,/players/o/o'bermi01.shtml,o'bermi01,27,CIN,3,55,39,55,55,0,55,0,0,0,0,0,0,0,0,0,0,1
1981,591,Jack O'Connor,/players/o/o'conja02.shtml,o'conja02,23,MIN,1st,28,0,0,28,28,0,0,0,0,0,0,0,0,0,0,0,0
1981,592,Johnny Oates,/players/o/oatesjo01.shtml,oatesjo01,35,NYY,11,10,9,10,10,0,10,0,0,0,0,0,0,0,0,0,0,0
1981,593,Ken Oberkfell,/players/o/oberkke01.shtml,oberkke01,25,STL,5,102,101,102,102,0,0,0,0,102,1,0,0,0,0,0,1,0
1981,594,Ron Oester,/players/o/oestero01.shtml,oestero01,25,CIN,4,105,102,105,105,0,0,0,103,0,9,0,0,0,0,0,0,1
1981,595,Rowland Office,/players/o/officro01.shtml,officro01,28,MON,9,26,6,26,14,0,0,0,0,0,0,0,3,11,14,0,14,2
1981,596,Ben Oglivie,/players/o/oglivbe01.shtml,oglivbe01,32,MIL,11,107,106,107,101,0,0,0,0,0,0,100,3,0,103,6,1,0
1981,597,Bob Ojeda,/players/o/ojedabo01.shtml,ojedabo01,23,BOS,2,10,10,0,10,10,0,0,0,0,0,0,0,0,0,0,0,0
1981,598,Al Oliver,/players/o/oliveal01.shtml,oliveal01,34,TEX,14,102,101,102,1,0,0,1,0,0,0,0,0,0,0,101,1,0
1981,599,Jesse Orosco,/players/o/oroscje01.shtml,oroscje01,24,NYM,2,8,0,8,8,8,0,0,0,0,0,0,0,0,0,0,0,0
1981,600,Jorge Orta,/players/o/ortajo01.shtml,ortajo01,30,CLE,10,88,80,88,86,0,0,0,0,0,0,0,1,86,87,0,6,0
1981,601,Amos Otis,/players/o/otisam01.shtml,otisam01,34,KCR,14,99,97,99,99,0,0,0,0,0,0,12,86,1,99,1,2,0
1981,602,Ed Ott,/players/o/otted01.shtml,otted01,29,CAL,8,75,68,75,72,0,72,0,0,0,0,0,0,0,0,0,6,0
1981,603,Jim Otten,/players/o/ottenji01.shtml,ottenji01,29,STL,5,24,0,24,24,24,0,0,0,0,0,0,0,0,0,0,0,0
1981,604,Bob Owchinko,/players/o/owchibo01.shtml,owchibo01,26,OAK,6,29,0,0,29,29,0,0,0,0,0,0,0,0,0,0,0,0
1981,605,Larry Owen,/players/o/owenla01.shtml,owenla01,26,ATL,1st,13,5,13,10,0,10,0,0,0,0,0,0,0,0,0,4,0
1981,606,Tom Paciorek,/players/p/pacioto01.shtml,pacioto01,34,SEA,12,104,103,104,103,0,0,1,0,0,0,85,11,14,110,0,1,0
1981,607,Mitchell Page,/players/p/pagemi02.shtml,pagemi02,29,OAK,5,34,27,34,0,0,0,0,0,0,0,0,0,0,0,29,5,2
1981,608,Karl Pagel,/players/p/pagelka01.shtml,pagelka01,26,CLE,3,14,4,14,6,0,0,6,0,0,0,0,0,0,0,1,8,1
1981,609,Jim Palmer,/players/p/palmeji01.shtml,palmeji01,35,BAL,16,22,22,0,22,22,0,0,0,0,0,0,0,0,0,0,0,0
1981,610,Stan Papi,/players/p/papist01.shtml,papist01,30,DET,6,40,27,40,34,0,0,1,1,32,0,1,0,0,1,3,4,1
1981,611,Dave Parker,/players/p/parkeda01.shtml,parkeda01,30,PIT,9,67,59,67,60,0,0,0,0,0,0,0,0,60,60,0,7,1
1981,612,Lance Parrish,/players/p/parrila02.shtml,parrila02,25,DET,5,96,93,96,90,0,90,0,0,0,0,0,0,0,0,5,1,0
1981,613,Larry Parrish,/players/p/parrila01.shtml,parrila01,27,MON,8,97,94,97,95,0,0,0,0,95,0,0,0,0,0,0,2,0
1981,614,Mike Parrott,/players/p/parromi01.shtml,parromi01,26,SEA,5,24,12,0,24,24,0,0,0,0,0,0,0,0,0,0,0,0
1981,615,Casey Parsons,/players/p/parsoca01.shtml,parsoca01,27,SEA,1st,36,3,36,25,0,0,1,0,0,0,3,2,19,24,1,14,12
1981,616,Bill Paschall,/players/p/paschbi01.shtml,paschbi01,27,KCR,3,2,0,0,2,2,0,0,0,0,0,0,0,0,0,0,0,0
1981,617,Frank Pastore,/players/p/pastofr01.shtml,pastofr01,23,CIN,3,22,22,22,22,22,0,0,0,0,0,0,0,0,0,0,0,0
1981,618,Bob Pate,/players/p/patebo01.shtml,patebo01,27,MON,2,8,0,8,5,0,0,0,0,0,0,1,2,2,5,0,3,0
1981,619,Freddie Patek,/players/p/patekfr01.shtml,patekfr01,36,CAL,14,27,11,27,26,0,0,0,16,7,3,0,0,0,0,0,1,4
1981,620,Mike Patterson,/players/p/pattemi01.shtml,pattemi01,23,2TM,1st,16,6,16,8,0,0,0,0,0,0,5,0,3,8,2,7,1
1981,621,Reggie Patterson,/players/p/pattere01.shtml,pattere01,22,CHW,1st,6,1,0,6,6,0,0,0,0,0,0,0,0,0,0,0,0
1981,622,Alejandro Pena,/players/p/penaal01.shtml,penaal01,22,LAD,1st,14,0,14,14,14,0,0,0,0,0,0,0,0,0,0,0,0
1981,623,Bert Pena,/players/p/penabe01.shtml,penabe01,21,HOU,1st,4,0,4,3,0,0,0,0,0,3,0,0,0,0,0,2,0
1981,624,Tony Pena,/players/p/penato01.shtml,penato01,24,PIT,2,66,54,66,64,0,64,0,0,0,0,0,0,0,0,0,2,0
1981,625,Jack Perconte,/players/p/percoja01.shtml,percoja01,26,LAD,2,8,1,8,2,0,0,0,2,0,0,0,0,0,0,0,6,1
1981,626,Pascual Perez,/players/p/perezpa01.shtml,perezpa01,24,PIT,2,18,13,18,17,17,0,0,0,0,0,0,0,0,0,0,0,1
1981,627,Tony Perez,/players/p/perezto01.shtml,perezto01,39,BOS,18,84,76,84,57,0,0,57,0,0,0,0,0,0,0,22,7,0
1981,628,Broderick Perkins,/players/p/perkibr01.shtml,perkibr01,26,SDP,4,92,59,92,82,0,0,80,0,0,0,1,0,2,3,0,16,6
1981,629,Gaylord Perry,/players/p/perryga01.shtml,perryga01,42,ATL,20,24,23,24,23,23,0,0,0,0,0,0,0,0,0,0,0,1
1981,630,Rick Peters,/players/p/peterri01.shtml,peterri01,25,DET,3,63,52,63,38,0,0,0,0,0,0,5,33,0,38,19,8,3
1981,631,Dan Petry,/players/p/petryda01.shtml,petryda01,22,DET,3,23,22,0,23,23,0,0,0,0,0,0,0,0,0,0,0,0
1981,632,Joe Pettini,/players/p/pettijo01.shtml,pettijo01,26,SFG,2,35,7,35,32,0,0,0,12,9,12,0,0,0,0,0,1,6
1981,633,Ken Phelps,/players/p/phelpke01.shtml,phelpke01,26,KCR,2,21,2,21,2,0,0,2,0,0,0,0,0,0,0,4,17,0
1981,634,Mike Phillips,/players/p/phillmi01.shtml,phillmi01,30,2TM,9,48,22,48,42,0,0,0,15,0,28,0,0,0,0,0,6,1
1981,635,Rob Picciolo,/players/p/picciro01.shtml,picciro01,28,OAK,5,82,57,82,82,0,0,0,0,0,82,0,0,0,0,0,0,2
1981,636,Lou Piniella,/players/p/pinielo01.shtml,pinielo01,37,NYY,15,60,45,60,36,0,0,0,0,0,0,11,0,25,36,19,13,0
1981,637,Joe Pittman,/players/p/pittmjo01.shtml,pittmjo01,28,HOU,1st,52,34,52,38,0,0,0,35,4,0,0,0,0,0,0,17,0
1981,638,Gordie Pladson,/players/p/pladsgo01.shtml,pladsgo01,24,HOU,3,2,0,2,2,2,0,0,0,0,0,0,0,0,0,0,0,0
1981,639,Biff Pocoroba,/players/p/pocorbi01.shtml,pocorbi01,27,ATL,7,57,26,57,29,0,9,0,0,21,0,0,0,0,0,0,31,0
1981,640,Tom Poquette,/players/p/poqueto01.shtml,poqueto01,29,2TM,6,33,15,33,20,0,0,0,0,0,0,11,6,3,20,0,16,0
1981,641,Bob Porter,/players/p/portebo02.shtml,portebo02,21,ATL,1st,17,0,17,0,0,0,0,0,0,0,0,0,0,0,0,16,1
1981,642,Chuck Porter,/players/p/portech01.shtml,portech01,26,MIL,1st,3,0,0,3,3,0,0,0,0,0,0,0,0,0,0,0,0
1981,643,Darrell Porter,/players/p/porteda02.shtml,porteda02,29,STL,11,61,51,61,52,0,52,0,0,0,0,0,0,0,0,0,10,0
1981,644,Hosken Powell,/players/p/powelho01.shtml,powelho01,26,MIN,4,80,65,80,64,0,0,0,0,0,0,12,0,52,64,8,13,1
1981,645,Ted Power,/players/p/powerte01.shtml,powerte01,26,LAD,1st,5,2,5,5,5,0,0,0,0,0,0,0,0,0,0,0,0
1981,646,Joe Price,/players/p/pricejo02.shtml,pricejo02,24,CIN,2,41,0,41,41,41,0,0,0,0,0,0,0,0,0,0,0,0
1981,647,Mike Proly,/players/p/prolymi01.shtml,prolymi01,30,PHI,5,35,2,35,35,35,0,0,0,0,0,0,0,0,0,0,0,0
1981,648,Ron Pruitt,/players/p/pruitro01.shtml,pruitro01,29,CLE,7,5,2,5,4,0,1,0,0,0,0,2,0,1,3,1,3,0
1981,649,Greg Pryor,/players/p/pryorgr01.shtml,pryorgr01,31,CHW,5,47,24,47,45,0,0,0,5,27,13,0,0,0,0,1,2,1
1981,650,Terry Puhl,/players/p/puhlte01.shtml,puhlte01,24,HOU,5,96,86,96,88,0,0,0,0,0,0,0,20,71,91,0,10,0
1981,651,Luis Pujols,/players/p/pujollu01.shtml,pujollu01,25,HOU,5,40,35,40,39,0,39,0,0,0,0,0,0,0,0,0,4,0
1981,652,Charlie Puleo,/players/p/puleoch01.shtml,puleoch01,26,NYM,1st,4,1,4,4,4,0,0,0,0,0,0,0,0,0,0,0,0
1981,653,Pat Putnam,/players/p/putnapa01.shtml,putnapa01,27,TEX,5,95,78,95,94,0,0,94,0,0,0,3,0,1,4,0,3,1
1981,654,Jamie Quirk,/players/q/quirkja01.shtml,quirkja01,26,KCR,7,46,21,46,32,0,22,0,1,8,0,0,0,1,1,0,21,0
1981,655,Dan Quisenberry,/players/q/quiseda01.shtml,quiseda01,28,KCR,3,40,0,0,40,40,0,0,0,0,0,0,0,0,0,0,0,0
1981,656,Tim Raines,/players/r/raineti01.shtml,raineti01,21,MON,3,88,81,88,81,0,0,0,1,0,0,81,0,0,81,0,0,7
1981,657,Chuck Rainey,/players/r/rainech01.shtml,rainech01,26,BOS,3,11,2,0,11,11,0,0,0,0,0,0,0,0,0,0,0,0
1981,658,Mario Ramirez,/players/r/ramirma01.shtml,ramirma01,23,SDP,2,13,2,13,4,0,0,0,0,2,2,0,0,0,0,0,3,6
1981,659,Rafael Ramirez,/players/r/ramirra01.shtml,ramirra01,23,ATL,2,95,92,95,95,0,0,0,0,0,95,0,0,0,0,0,0,0
1981,660,Bobby Ramos,/players/r/ramosbo01.shtml,ramosbo01,25,MON,3,26,9,26,23,0,23,0,0,0,0,0,0,0,0,0,3,1
1981,661,Mike Ramsey,/players/r/ramsemi01.shtml,ramsemi01,27,STL,3,47,29,47,42,0,0,0,1,5,35,1,0,0,1,0,7,1
1981,662,Lenny Randle,/players/r/randlle01.shtml,randlle01,32,SEA,11,82,64,82,78,0,0,0,21,59,3,2,1,2,5,0,7,0
1981,663,Willie Randolph,/players/r/randowi01.shtml,randowi01,26,NYY,7,93,93,93,93,0,0,0,93,0,0,0,0,0,0,0,0,0
1981,664,Jeff Ransom,/players/r/ransoje01.shtml,ransoje01,20,SFG,1st,5,3,5,5,0,5,0,0,0,0,0,0,0,0,0,1,0
1981,665,Steve Ratzer,/players/r/ratzest01.shtml,ratzest01,27,MON,2,12,0,12,12,12,0,0,0,0,0,0,0,0,0,0,0,0
1981,666,Doug Rau,/players/r/raudo01.shtml,raudo01,32,CAL,9,3,3,0,3,3,0,0,0,0,0,0,0,0,0,0,0,0
1981,667,Shane Rawley,/players/r/rawlesh01.shtml,rawlesh01,25,SEA,4,46,0,0,46,46,0,0,0,0,0,0,0,0,0,0,0,0
1981,668,Johnny Ray,/players/r/rayjo01.shtml,rayjo01,24,PIT,1st,31,25,31,31,0,0,0,31,0,0,0,0,0,0,0,2,0
1981,669,Jeff Reardon,/players/r/reardje01.shtml,reardje01,25,2TM,3,43,0,43,43,43,0,0,0,0,0,0,0,0,0,0,0,0
1981,670,Pete Redfern,/players/r/redfepe01.shtml,redfepe01,26,MIN,6,24,23,0,24,24,0,0,0,0,0,0,0,0,0,0,0,0
1981,671,Jerry Reed,/players/r/reedje01.shtml,reedje01,25,PHI,1st,4,0,4,4,4,0,0,0,0,0,0,0,0,0,0,0,0
1981,672,Ron Reed,/players/r/reedro01.shtml,reedro01,38,PHI,16,39,0,39,39,39,0,0,0,0,0,0,0,0,0,0,0,0
1981,673,Ken Reitz,/players/r/reitzke01.shtml,reitzke01,30,CHC,10,82,75,82,81,0,0,0,0,81,0,0,0,0,0,0,1,0
1981,674,Jerry Remy,/players/r/remyje01.shtml,remyje01,28,BOS,7,88,87,88,87,0,0,0,87,0,0,0,0,0,0,0,1,0
1981,675,Steve Renko,/players/r/renkost01.shtml,renkost01,36,CAL,13,22,15,0,22,22,0,0,0,0,0,0,0,0,0,0,0,0
1981,676,Rick Reuschel,/players/r/reuscri01.shtml,reuscri01,32,2TM,10,28,24,16,25,25,0,0,0,0,0,0,0,0,0,0,0,3
1981,677,Jerry Reuss,/players/r/reussje01.shtml,reussje01,32,LAD,13,22,22,22,22,22,0,0,0,0,0,0,0,0,0,0,0,0
1981,678,Dave Revering,/players/r/reverda01.shtml,reverda01,28,2TM,4,76,52,76,73,0,0,73,0,0,0,0,0,0,0,0,18,2
1981,679,Craig Reynolds,/players/r/reynocr01.shtml,reynocr01,28,HOU,7,87,83,87,85,0,0,0,0,0,85,0,0,0,0,0,2,1
1981,680,Rick Rhoden,/players/r/rhoderi01.shtml,rhoderi01,28,PIT,8,21,21,21,21,21,0,0,0,0,0,0,0,0,0,0,0,0
1981,681,Jim Rice,/players/r/riceji01.shtml,riceji01,28,BOS,8,108,108,108,108,0,0,0,0,0,0,108,0,0,108,0,0,0
1981,682,Gene Richards,/players/r/richage01.shtml,richage01,27,SDP,5,104,101,104,101,0,0,0,0,0,0,101,0,0,101,0,3,0
1981,683,Dave Righetti,/players/r/righeda01.shtml,righeda01,22,NYY,2,15,15,0,15,15,0,0,0,0,0,0,0,0,0,0,0,0
1981,684,Andy Rincon,/players/r/rincoan01.shtml,rincoan01,22,STL,2,5,5,5,5,5,0,0,0,0,0,0,0,0,0,0,0,0
1981,685,Cal Ripken,/players/r/ripkeca01.shtml,ripkeca01,20,BAL,1st,23,9,23,17,0,0,0,0,6,12,0,0,0,0,1,4,6
1981,686,Allen Ripley,/players/r/ripleal01.shtml,ripleal01,28,SFG,4,19,14,19,19,19,0,0,0,0,0,0,0,0,0,0,0,0
1981,687,Mickey Rivers,/players/r/rivermi01.shtml,rivermi01,32,TEX,12,99,94,99,97,0,0,0,0,0,0,0,97,0,97,0,5,0
1981,688,Dave Roberts,/players/r/roberda06.shtml,roberda06,30,HOU,9,27,10,27,21,0,1,10,3,7,0,0,0,0,0,0,13,0
1981,689,Dave Roberts,/players/r/roberda05.shtml,roberda05,36,NYM,13,7,4,7,7,7,0,0,0,0,0,0,0,0,0,0,0,0
1981,690,Leon Roberts,/players/r/roberle01.shtml,roberle01,30,TEX,8,72,63,72,71,0,0,0,0,0,0,26,4,46,76,0,7,1
1981,691,Andre Robertson,/players/r/roberan01.shtml,roberan01,23,NYY,1st,10,7,10,10,0,0,0,3,0,8,0,0,0,0,0,0,1
1981,692,Bill Robinson,/players/r/robinbi02.shtml,robinbi02,38,PIT,14,39,20,39,30,0,0,23,0,1,0,1,0,6,7,0,16,0
1981,693,Dewey Robinson,/players/r/robinde01.shtml,robinde01,26,CHW,3,4,0,0,4,4,0,0,0,0,0,0,0,0,0,0,0,0
1981,694,Don Robinson,/players/r/robindo01.shtml,robindo01,24,PIT,4,17,2,17,16,16,0,0,0,0,0,0,0,0,0,0,1,1
1981,695,Aurelio Rodriguez,/players/r/rodriau01.shtml,rodriau01,33,NYY,15,27,14,27,24,0,0,1,3,20,0,0,0,0,0,3,1,1
1981,696,Gary Roenicke,/players/r/roeniga01.shtml,roeniga01,26,BAL,5,85,55,85,84,0,0,0,0,0,0,47,13,56,116,0,19,3
1981,697,Ron Roenicke,/players/r/roeniro01.shtml,roeniro01,24,LAD,1st,22,11,22,20,0,0,0,0,0,0,5,6,10,21,0,4,1
1981,698,Steve Rogers,/players/r/rogerst01.shtml,rogerst01,31,MON,9,23,22,23,22,22,0,0,0,0,0,0,0,0,0,0,0,1
1981,699,Ed Romero,/players/r/romered01.shtml,romered01,23,MIL,3,44,26,44,43,0,0,0,18,3,22,0,0,0,0,0,0,6
1981,700,Enrique Romo,/players/r/romoen01.shtml,romoen01,33,PIT,5,33,0,33,33,33,0,0,0,0,0,0,0,0,0,0,0,0
1981,701,Gene Roof,/players/r/roofge01.shtml,roofge01,23,STL,1st,23,15,23,20,0,0,0,0,0,0,20,0,0,20,0,2,1
1981,702,Pat Rooney,/players/r/roonepa01.shtml,roonepa01,23,MON,1st,4,0,4,2,0,0,0,0,0,0,0,0,2,2,0,2,1
1981,703,Pete Rose,/players/r/rosepe01.shtml,rosepe01,40,PHI,19,107,107,107,107,0,0,107,0,0,0,0,0,0,0,0,0,0
1981,704,Dave Rosello,/players/r/roselda01.shtml,roselda01,31,CLE,9,43,21,43,36,0,0,0,26,8,4,0,0,0,0,4,11,2
1981,705,Larry Rothschild,/players/r/rothsla01.shtml,rothsla01,27,DET,1st,5,0,0,5,5,0,0,0,0,0,0,0,0,0,0,0,0
1981,706,Mike Rowland,/players/r/rowlami01.shtml,rowlami01,28,SFG,2,9,1,9,9,9,0,0,0,0,0,0,0,0,0,0,0,0
1981,707,Jerry Royster,/players/r/roystje01.shtml,roystje01,28,ATL,9,64,16,64,36,0,0,0,13,25,0,0,0,0,0,0,24,19
1981,708,Willie Royster,/players/r/roystwi01.shtml,roystwi01,27,BAL,1st,4,0,4,4,0,4,0,0,0,0,0,0,0,0,0,1,0
1981,709,Dave Rozema,/players/r/rozemda01.shtml,rozemda01,24,DET,5,28,9,1,28,28,0,0,0,0,0,0,0,0,0,0,0,0
1981,710,Dave Rucker,/players/r/ruckeda01.shtml,ruckeda01,23,DET,1st,2,0,0,2,2,0,0,0,0,0,0,0,0,0,0,0,0
1981,711,Joe Rudi,/players/r/rudijo01.shtml,rudijo01,34,BOS,15,49,23,49,6,0,0,5,0,0,0,0,0,1,1,21,24,1
1981,712,Vern Ruhle,/players/r/ruhleve01.shtml,ruhleve01,30,HOU,8,20,15,20,20,20,0,0,0,0,0,0,0,0,0,0,0,0
1981,713,Paul Runge,/players/r/rungepa01.shtml,rungepa01,23,ATL,1st,10,9,10,10,0,0,0,0,0,10,0,0,0,0,0,0,0
1981,714,Bill Russell,/players/r/russebi01.shtml,russebi01,32,LAD,13,82,78,82,80,0,0,0,0,0,80,0,0,0,0,0,0,2
1981,715,Dick Ruthven,/players/r/ruthvdi01.shtml,ruthvdi01,30,PHI,9,23,22,23,23,23,0,0,0,0,0,0,0,0,0,0,0,0
1981,716,Nolan Ryan,/players/r/ryanno01.shtml,ryanno01,34,HOU,15,21,21,21,21,21,0,0,0,0,0,0,0,0,0,0,0,0
1981,717,Mike Sadek,/players/s/sadekmi01.shtml,sadekmi01,35,SFG,8,19,12,19,19,0,19,0,0,0,0,0,0,0,0,0,0,5
1981,718,Lenn Sakata,/players/s/sakatle01.shtml,sakatle01,27,BAL,5,61,41,61,58,0,0,0,20,0,43,0,0,0,0,1,1,7
1981,719,Luis Salazar,/players/s/salazlu01.shtml,salazlu01,25,SDP,2,109,106,109,107,0,0,0,0,94,0,1,10,14,25,0,2,0
1981,720,Joe Sambito,/players/s/sambijo01.shtml,sambijo01,29,HOU,6,49,0,49,49,49,0,0,0,0,0,0,0,0,0,0,0,0
1981,721,Billy Sample,/players/s/samplbi01.shtml,samplbi01,26,TEX,4,66,63,66,64,0,0,0,0,0,0,61,5,1,67,0,3,0
1981,722,Luis Sanchez,/players/s/sanchlu01.shtml,sanchlu01,27,CAL,1st,17,0,0,17,17,0,0,0,0,0,0,0,0,0,0,0,0
1981,723,Orlando Sanchez,/players/s/sanchor01.shtml,sanchor01,24,STL,1st,27,9,27,18,0,18,0,0,0,0,0,0,0,0,0,10,0
1981,724,Ryne Sandberg,/players/s/sandbry01.shtml,sandbry01,21,PHI,1st,13,0,13,6,0,0,0,1,0,5,0,0,0,0,0,0,7
1981,725,Scott Sanderson,/players/s/sandesc01.shtml,sandesc01,24,MON,4,22,22,22,22,22,0,0,0,0,0,0,0,0,0,0,0,0
1981,726,Kevin Saucier,/players/s/saucike01.shtml,saucike01,24,DET,4,38,0,1,38,38,0,0,0,0,0,0,0,0,0,0,0,0
1981,727,Steve Sax,/players/s/saxst01.shtml,saxst01,21,LAD,1st,31,28,31,29,0,0,0,29,0,0,0,0,0,0,0,2,0
1981,728,Jeff Schattinger,/players/s/schatje01.shtml,schatje01,25,KCR,1st,1,0,0,1,1,0,0,0,0,0,0,0,0,0,0,0,0
1981,729,Dan Schatzeder,/players/s/schatda01.shtml,schatda01,26,DET,5,17,14,0,17,17,0,0,0,0,0,0,0,0,0,0,0,0
1981,730,Dave Schmidt,/players/s/schmida02.shtml,schmida02,24,BOS,1st,15,11,15,15,0,15,0,0,0,0,0,0,0,0,0,1,0
1981,731,Dave Schmidt,/players/s/schmida01.shtml,schmida01,24,TEX,1st,14,1,0,14,14,0,0,0,0,0,0,0,0,0,0,0,0
1981,732,Mike Schmidt,/players/s/schmimi01.shtml,schmimi01,31,PHI,10,102,101,102,101,0,0,0,0,101,0,0,0,0,0,0,1,0
1981,733,Jeff Schneider,/players/s/schneje01.shtml,schneje01,28,BAL,1st,11,0,0,11,11,0,0,0,0,0,0,0,0,0,0,0,0
1981,734,Mike Scioscia,/players/s/sciosmi01.shtml,sciosmi01,22,LAD,2,93,87,93,91,0,91,0,0,0,0,0,0,0,0,0,3,0
1981,735,Daryl Sconiers,/players/s/sconida01.shtml,sconida01,22,CAL,1st,15,13,15,12,0,0,12,0,0,0,0,0,0,0,3,1,0
1981,736,Mike Scott,/players/s/scottmi03.shtml,scottmi03,26,NYM,3,23,23,23,23,23,0,0,0,0,0,0,0,0,0,0,0,0
1981,737,Rodney Scott,/players/s/scottro01.shtml,scottro01,27,MON,7,95,92,95,93,0,0,0,93,0,0,0,0,0,0,0,0,2
1981,738,Tony Scott,/players/s/scottto01.shtml,scottto01,29,2TM,8,100,96,100,99,0,0,0,0,0,0,0,99,0,99,0,0,2
1981,739,Rod Scurry,/players/s/scurrro01.shtml,scurrro01,25,PIT,2,27,7,27,27,27,0,0,0,0,0,0,0,0,0,0,0,0
1981,740,Ray Searage,/players/s/searara01.shtml,searara01,26,NYM,1st,26,0,26,26,26,0,0,0,0,0,0,0,0,0,0,0,0
1981,741,Tom Seaver,/players/s/seaveto01.shtml,seaveto01,36,CIN,15,23,23,23,23,23,0,0,0,0,0,0,0,0,0,0,0,0
1981,742,Paul Serna,/players/s/sernapa01.shtml,sernapa01,22,SEA,1st,30,28,30,28,0,0,0,7,0,23,0,0,0,0,0,0,2
1981,743,Jimmy Sexton,/players/s/sextoji01.shtml,sextoji01,29,OAK,4,7,0,7,1,0,0,0,0,1,0,0,0,0,0,3,0,7
1981,744,John Shelby,/players/s/shelbjo01.shtml,shelbjo01,23,BAL,1st,7,0,7,4,0,0,0,0,0,0,0,4,0,4,2,0,4
1981,745,Pat Sheridan,/players/s/sheripa01.shtml,sheripa01,23,KCR,1st,3,0,3,3,0,0,0,0,0,0,1,0,2,3,0,0,1
1981,746,Bob Shirley,/players/s/shirlbo01.shtml,shirlbo01,27,STL,5,28,11,28,28,28,0,0,0,0,0,0,0,0,0,0,0,0
1981,747,Eric Show,/players/s/shower01.shtml,shower01,25,SDP,1st,15,0,15,15,15,0,0,0,0,0,0,0,0,0,0,0,0
1981,748,Ted Simmons,/players/s/simmote01.shtml,simmote01,31,MIL,14,100,97,100,79,0,75,4,0,0,0,0,0,0,0,22,3,0
1981,749,Joe Simpson,/players/s/simpsjo01.shtml,simpsjo01,29,SEA,7,91,69,91,88,0,0,0,0,0,0,0,86,2,88,0,8,3
1981,750,Matt Sinatro,/players/s/sinatma01.shtml,sinatma01,21,ATL,1st,12,10,12,12,0,12,0,0,0,0,0,0,0,0,0,0,0
1981,751,Ken Singleton,/players/s/singlke01.shtml,singlke01,34,BAL,12,103,102,103,71,0,0,0,0,0,0,0,0,71,71,30,1,0
1981,752,Jim Slaton,/players/s/slatoji01.shtml,slatoji01,31,MIL,11,24,21,0,24,24,0,0,0,0,0,0,0,0,0,0,0,0
1981,753,Roy Smalley,/players/s/smallro02.shtml,smallro02,28,MIN,7,56,50,56,38,0,0,1,0,0,37,0,0,0,0,15,6,0
1981,754,Billy Smith,/players/s/smithbi06.shtml,smithbi06,26,HOU,1st,10,1,10,10,10,0,0,0,0,0,0,0,0,0,0,0,0
1981,755,Billy Smith,/players/s/smithbi05.shtml,smithbi05,27,SFG,6,36,14,36,27,0,0,0,5,3,21,0,0,0,0,0,13,2
1981,756,Bryn Smith,/players/s/smithbr01.shtml,smithbr01,25,MON,1st,7,0,7,7,7,0,0,0,0,0,0,0,0,0,0,0,0
1981,757,Chris Smith,/players/s/smithch05.shtml,smithch05,23,MON,1st,7,0,7,1,0,0,0,1,0,0,0,0,0,0,0,7,0
1981,758,Dave Smith,/players/s/smithda02.shtml,smithda02,26,HOU,2,42,0,42,42,42,0,0,0,0,0,0,0,0,0,0,0,0
1981,759,Ken Smith,/players/s/smithke02.shtml,smithke02,23,ATL,1st,5,0,5,4,0,0,4,0,0,0,0,0,0,0,0,1,0
1981,760,Lee Smith,/players/s/smithle02.shtml,smithle02,23,CHC,2,40,1,40,40,40,0,0,0,0,0,0,0,0,0,0,0,0
1981,761,Lonnie Smith,/players/s/smithlo01.shtml,smithlo01,25,PHI,4,62,43,62,51,0,0,0,0,0,0,8,23,24,55,0,5,10
1981,762,Ozzie Smith,/players/s/smithoz01.shtml,smithoz01,26,SDP,4,110,110,110,110,0,0,0,0,0,110,0,0,0,0,0,0,0
1981,763,Ray Smith,/players/s/smithra01.shtml,smithra01,25,MIN,1st,15,13,15,15,0,15,0,0,0,0,0,0,0,0,0,0,0
1981,764,Reggie Smith,/players/s/smithre06.shtml,smithre06,36,LAD,16,41,0,41,2,0,0,2,0,0,0,0,0,0,0,0,39,0
1981,765,Rick Sofield,/players/s/sofieri01.shtml,sofieri01,24,MIN,3,41,29,41,34,0,0,0,0,0,0,33,0,1,34,3,8,3
1981,766,Eddie Solomon,/players/s/solomed01.shtml,solomed01,30,PIT,9,25,17,25,22,22,0,0,0,0,0,0,0,0,0,0,0,3
1981,767,Lary Sorensen,/players/s/sorenla01.shtml,sorenla01,25,STL,5,23,23,23,23,23,0,0,0,0,0,0,0,0,0,0,0,0
1981,768,Elias Sosa,/players/s/sosael01.shtml,sosael01,31,MON,10,32,0,32,32,32,0,0,0,0,0,0,0,0,0,0,0,0
1981,769,Mario Soto,/players/s/sotoma01.shtml,sotoma01,24,CIN,5,25,25,25,25,25,0,0,0,0,0,0,0,0,0,0,0,0
1981,770,Chris Speier,/players/s/speiech01.shtml,speiech01,31,MON,11,96,96,96,96,0,0,0,0,0,96,0,0,0,0,0,0,0
1981,771,Jim Spencer,/players/s/spencji01.shtml,spencji01,33,2TM,14,79,62,79,73,0,0,73,0,0,0,0,0,0,0,0,14,0
1981,772,Dan Spillner,/players/s/spillda01.shtml,spillda01,29,CLE,8,32,5,0,32,32,0,0,0,0,0,0,0,0,0,0,0,0
1981,773,Harry Spilman,/players/s/spilmha01.shtml,spilmha01,26,2TM,4,51,6,51,18,0,0,15,0,3,0,0,0,0,0,0,37,1
1981,774,Paul Splittorff,/players/s/splitpa01.shtml,splitpa01,34,KCR,12,21,15,0,21,21,0,0,0,0,0,0,0,0,0,0,0,0
1981,775,Bobby Sprowl,/players/s/sprowbo01.shtml,sprowbo01,25,HOU,4,15,1,15,15,15,0,0,0,0,0,0,0,0,0,0,0,0
1981,776,Mike Squires,/players/s/squirmi01.shtml,squirmi01,29,CHW,6,92,73,92,89,0,0,88,0,0,0,1,0,0,1,0,7,3
1981,777,Bob Stanley,/players/s/stanlbo01.shtml,stanlbo01,26,BOS,5,35,1,0,35,35,0,0,0,0,0,0,0,0,0,0,0,0
1981,778,Fred Stanley,/players/s/stanlfr01.shtml,stanlfr01,33,OAK,13,66,53,66,66,0,0,0,6,0,62,0,0,0,0,0,0,0
1981,779,Mike Stanton,/players/s/stantmi01.shtml,stantmi01,28,CLE,3,24,0,1,24,24,0,0,0,0,0,0,0,0,0,0,0,0
1981,780,Dave Stapleton,/players/s/staplda01.shtml,staplda01,27,BOS,2,93,87,93,87,0,0,12,23,25,33,0,0,0,0,3,5,1
1981,781,Willie Stargell,/players/s/stargwi01.shtml,stargwi01,41,PIT,20,38,9,38,9,0,0,9,0,0,0,0,0,0,0,0,29,0
1981,782,Rusty Staub,/players/s/staubru01.shtml,staubru01,37,NYM,19,70,40,70,41,0,0,41,0,0,0,0,0,0,0,0,30,0
1981,783,John Stearns,/players/s/stearjo01.shtml,stearjo01,29,NYM,8,80,73,80,76,0,66,9,0,4,0,0,0,0,0,0,7,0
1981,784,Bill Stein,/players/s/steinbi02.shtml,steinbi02,34,TEX,10,53,26,53,39,0,0,20,3,7,2,7,0,1,8,0,22,1
1981,785,Randy Stein,/players/s/steinra02.shtml,steinra02,28,SEA,3,5,0,0,5,5,0,0,0,0,0,0,0,0,0,0,0,0
1981,786,Rennie Stennett,/players/s/stennre01.shtml,stennre01,30,SFG,11,38,18,38,19,0,0,0,19,0,0,0,0,0,0,0,20,0
1981,787,Dave Stewart,/players/s/stewada01.shtml,stewada01,24,LAD,2,32,0,32,32,32,0,0,0,0,0,0,0,0,0,0,0,0
1981,788,Sammy Stewart,/players/s/stewasa01.shtml,stewasa01,26,BAL,4,29,3,0,29,29,0,0,0,0,0,0,0,0,0,0,0,0
1981,789,Dave Stieb,/players/s/stiebda01.shtml,stiebda01,23,TOR,3,29,25,4,25,25,0,0,0,0,0,0,0,0,0,1,0,4
1981,790,Craig Stimac,/players/s/stimacr01.shtml,stimacr01,26,SDP,2,9,0,9,0,0,0,0,0,0,0,0,0,0,0,0,9,0
1981,791,Bob Stoddard,/players/s/stoddbo01.shtml,stoddbo01,24,SEA,1st,5,5,0,5,5,0,0,0,0,0,0,0,0,0,0,0,0
1981,792,Tim Stoddard,/players/s/stoddti01.shtml,stoddti01,28,BAL,5,31,0,0,31,31,0,0,0,0,0,0,0,0,0,0,0,0
1981,793,Steve Stone,/players/s/stonest01.shtml,stonest01,33,BAL,11,15,12,0,15,15,0,0,0,0,0,0,0,0,0,0,0,0
1981,794,Joe Strain,/players/s/straijo01.shtml,straijo01,27,CHC,3,25,19,25,20,0,0,0,20,0,0,0,0,0,0,0,5,0
1981,795,Guy Sularz,/players/s/sulargu01.shtml,sulargu01,25,SFG,2,10,5,10,7,0,0,0,6,1,0,0,0,0,0,0,3,2
1981,796,Champ Summers,/players/s/summech01.shtml,summech01,35,DET,8,64,47,64,18,0,0,0,0,0,0,0,0,18,18,37,17,0
1981,797,Jim Sundberg,/players/s/sundbji01.shtml,sundbji01,30,TEX,8,102,98,102,100,0,98,0,0,0,0,2,0,0,2,0,3,0
1981,798,Rick Sutcliffe,/players/s/sutclri01.shtml,sutclri01,25,LAD,5,14,6,14,14,14,0,0,0,0,0,0,0,0,0,0,0,0
1981,799,Leo Sutherland,/players/s/suthele01.shtml,suthele01,23,CHW,2,11,1,11,7,0,0,0,0,0,0,4,4,0,8,4,1,5
1981,800,Bruce Sutter,/players/s/suttebr01.shtml,suttebr01,28,STL,6,48,0,48,48,48,0,0,0,0,0,0,0,0,0,0,0,0
1981,801,Don Sutton,/players/s/suttodo01.shtml,suttodo01,36,HOU,16,23,23,23,23,23,0,0,0,0,0,0,0,0,0,0,0,0
1981,802,Craig Swan,/players/s/swancr01.shtml,swancr01,30,NYM,9,5,3,5,5,5,0,0,0,0,0,0,0,0,0,0,0,0
1981,803,Steve Swisher,/players/s/swishst01.shtml,swishst01,29,SDP,8,16,6,16,10,0,10,0,0,0,0,0,0,0,0,0,8,0
1981,804,Bob Sykes,/players/s/sykesbo01.shtml,sykesbo01,26,STL,5,22,1,22,22,22,0,0,0,0,0,0,0,0,0,0,0,0
1981,805,Pat Tabler,/players/t/tablepa01.shtml,tablepa01,23,CHC,1st,35,31,35,35,0,0,0,35,0,0,0,0,0,0,0,0,1
1981,806,Frank Tanana,/players/t/tananfr01.shtml,tananfr01,27,BOS,9,24,23,0,24,24,0,0,0,0,0,0,0,0,0,0,0,0
1981,807,Frank Taveras,/players/t/taverfr01.shtml,taverfr01,31,NYM,10,84,73,84,79,0,0,0,0,0,79,0,0,0,0,0,4,4
1981,808,Kent Tekulve,/players/t/tekulke01.shtml,tekulke01,34,PIT,8,45,0,45,45,45,0,0,0,0,0,0,0,0,0,0,0,0
1981,809,Garry Templeton,/players/t/templga01.shtml,templga01,25,STL,6,80,76,80,76,0,0,0,0,0,76,0,0,0,0,0,4,0
1981,810,Gene Tenace,/players/t/tenacge01.shtml,tenacge01,34,STL,13,58,39,58,44,0,38,7,0,0,0,0,0,0,0,0,18,0
1981,811,Derrel Thomas,/players/t/thomade01.shtml,thomade01,30,LAD,11,80,58,80,79,0,0,0,30,10,26,3,10,6,19,0,3,6
1981,812,Gorman Thomas,/players/t/thomago01.shtml,thomago01,30,MIL,8,103,103,103,97,0,0,0,0,0,0,0,48,50,98,6,0,0
1981,813,Jason Thompson,/players/t/thompja01.shtml,thompja01,26,PIT,6,86,65,86,78,0,0,78,0,0,0,0,0,0,0,0,16,0
1981,814,Scot Thompson,/players/t/thompsc01.shtml,thompsc01,25,CHC,4,57,24,57,33,0,0,3,0,0,0,3,20,8,31,0,23,5
1981,815,Dickie Thon,/players/t/thondi01.shtml,thondi01,23,HOU,3,49,25,49,43,0,0,0,29,5,13,0,0,0,0,0,2,10
1981,816,Andre Thornton,/players/t/thornan01.shtml,thornan01,31,CLE,8,69,59,69,11,0,0,11,0,0,0,0,0,0,0,52,8,0
1981,817,Luis Tiant,/players/t/tiantlu01.shtml,tiantlu01,40,PIT,18,9,9,9,9,9,0,0,0,0,0,0,0,0,0,0,0,0
1981,818,Dick Tidrow,/players/t/tidrodi01.shtml,tidrodi01,34,CHC,10,51,0,51,51,51,0,0,0,0,0,0,0,0,0,0,0,0
1981,819,Dave Tobik,/players/t/tobikda01.shtml,tobikda01,28,DET,4,27,0,0,27,27,0,0,0,0,0,0,0,0,0,0,0,0
1981,820,Jackson Todd,/players/t/toddja01.shtml,toddja01,29,TOR,4,21,13,0,21,21,0,0,0,0,0,0,0,0,0,0,0,0
1981,821,Wayne Tolleson,/players/t/tollewa01.shtml,tollewa01,25,TEX,1st,14,4,14,8,0,0,0,0,6,2,0,0,0,0,1,1,8
1981,822,Tim Tolman,/players/t/tolmati01.shtml,tolmati01,25,HOU,1st,4,1,4,3,0,0,0,0,0,0,3,0,1,4,0,2,0
1981,823,Mike Torrez,/players/t/torremi01.shtml,torremi01,34,BOS,15,22,22,0,22,22,0,0,0,0,0,0,0,0,0,0,0,0
1981,824,Jim Tracy,/players/t/tracyji01.shtml,tracyji01,25,CHC,2,45,10,45,11,0,0,0,0,0,0,10,0,1,11,0,34,0
1981,825,Alan Trammell,/players/t/trammal01.shtml,trammal01,23,DET,5,105,103,105,105,0,0,0,0,0,105,0,0,0,0,0,1,0
1981,826,Bill Travers,/players/t/travebi01.shtml,travebi01,28,CAL,8,4,4,0,4,4,0,0,0,0,0,0,0,0,0,0,0,0
1981,827,Alex Trevino,/players/t/trevial01.shtml,trevial01,23,NYM,4,56,38,56,49,0,45,0,4,1,0,2,0,1,3,0,10,2
1981,828,Manny Trillo,/players/t/trillma01.shtml,trillma01,30,PHI,9,94,93,94,94,0,0,0,94,0,0,0,0,0,0,0,0,0
1981,829,Steve Trout,/players/t/troutst01.shtml,troutst01,23,CHW,4,20,18,0,20,20,0,0,0,0,0,0,0,0,0,0,0,0
1981,830,John Tudor,/players/t/tudorjo01.shtml,tudorjo01,27,BOS,3,18,11,0,18,18,0,0,0,0,0,0,0,0,0,0,0,0
1981,831,Bob Tufts,/players/t/tuftsbo01.shtml,tuftsbo01,25,SFG,1st,11,0,11,11,11,0,0,0,0,0,0,0,0,0,0,0,0
1981,832,Jerry Turner,/players/t/turneje01.shtml,turneje01,27,2TM,8,43,3,43,6,0,0,0,0,0,0,0,0,6,6,1,39,0
1981,833,Mike Tyson,/players/t/tysonmi01.shtml,tysonmi01,31,CHC,10,50,23,50,37,0,0,0,36,0,1,0,0,0,0,0,18,2
1981,834,Jerry Ujdur,/players/u/ujdurje01.shtml,ujdurje01,24,DET,2,4,4,0,4,4,0,0,0,0,0,0,0,0,0,0,0,0
1981,835,Tom Underwood,/players/u/underto01.shtml,underto01,27,2TM,8,25,11,0,25,25,0,0,0,0,0,0,0,0,0,0,0,0
1981,836,Del Unser,/players/u/unserde01.shtml,unserde01,36,PHI,14,62,4,62,31,0,0,18,0,0,0,7,6,4,17,0,38,1
1981,837,Willie Upshaw,/players/u/upshawi01.shtml,upshawi01,24,TOR,3,61,25,61,27,0,0,16,0,0,0,6,0,8,14,16,20,14
1981,838,John Urrea,/players/u/urreajo01.shtml,urreajo01,26,SDP,5,38,0,38,38,38,0,0,0,0,0,0,0,0,0,0,0,0
1981,839,Mike Vail,/players/v/vailmi01.shtml,vailmi01,29,CIN,7,31,0,31,3,0,0,0,0,0,0,0,0,3,3,0,28,0
1981,840,Julio Valdez,/players/v/valdeju01.shtml,valdeju01,25,BOS,2,17,4,17,17,0,0,0,0,0,17,0,0,0,0,0,0,2
1981,841,Ellis Valentine,/players/v/valenel01.shtml,valenel01,26,2TM,7,70,64,70,68,0,0,0,0,0,0,0,0,68,68,0,4,0
1981,842,Fernando Valenzuela,/players/v/valenfe01.shtml,valenfe01,20,LAD,2,25,25,25,25,25,0,0,0,0,0,0,0,0,0,0,0,0
1981,843,Otto Velez,/players/v/velezot01.shtml,velezot01,30,TOR,9,80,72,80,1,0,0,1,0,0,0,0,0,0,0,74,8,0
1981,844,Max Venable,/players/v/venabma01.shtml,venabma01,24,SFG,3,18,5,18,5,0,0,0,0,0,0,0,2,3,5,0,13,0
1981,845,John Verhoeven,/players/v/verhojo01.shtml,verhojo01,28,MIN,4,25,0,0,25,25,0,0,0,0,0,0,0,0,0,0,0,0
1981,846,Tom Veryzer,/players/v/veryzto01.shtml,veryzto01,28,CLE,9,75,73,75,75,0,0,0,0,0,75,0,0,0,0,0,0,0
1981,847,Bob Veselic,/players/v/veselbo01.shtml,veselbo01,25,MIN,2,5,0,0,5,5,0,0,0,0,0,0,0,0,0,0,0,0
1981,848,Ozzie Virgil,/players/v/virgioz02.shtml,virgioz02,24,PHI,2,6,0,6,1,0,1,0,0,0,0,0,0,0,0,0,5,0
1981,849,Pete Vuckovich,/players/v/vuckope01.shtml,vuckope01,28,MIL,7,24,23,0,24,24,0,0,0,0,0,0,0,0,0,0,0,0
1981,850,George Vukovich,/players/v/vukovge01.shtml,vukovge01,25,PHI,2,20,2,20,9,0,0,0,0,0,0,3,1,5,9,0,12,0
1981,851,John Vukovich,/players/v/vukovjo01.shtml,vukovjo01,33,PHI,10,11,0,11,11,0,0,1,1,9,0,0,0,0,0,0,0,1
1981,852,Mark Wagner,/players/w/wagnema01.shtml,wagnema01,27,TEX,6,50,22,50,49,0,0,0,4,2,43,0,0,0,0,0,3,2
1981,853,Rick Waits,/players/w/waitsri01.shtml,waitsri01,29,CLE,8,22,21,0,22,22,0,0,0,0,0,0,0,0,0,0,0,0
1981,854,Bob Walk,/players/w/walkbo01.shtml,walkbo01,24,ATL,2,12,8,12,12,12,0,0,0,0,0,0,0,0,0,0,0,0
1981,855,Chico Walker,/players/w/walkech01.shtml,walkech01,22,BOS,2,6,3,6,5,0,0,0,5,0,0,0,0,0,0,0,1,1
1981,856,Tim Wallach,/players/w/wallati01.shtml,wallati01,23,MON,2,71,54,71,64,0,0,16,0,15,0,1,0,34,35,0,8,1
1981,857,Ty Waller,/players/w/wallety01.shtml,wallety01,24,CHC,2,30,16,30,26,0,0,0,3,22,0,0,3,0,3,0,2,4
1981,858,Denny Walling,/players/w/wallide01.shtml,wallide01,27,HOU,7,65,39,65,50,0,0,27,0,0,0,5,1,21,27,0,20,1
1981,859,Reggie Walton,/players/w/waltore01.shtml,waltore01,28,SEA,2,12,0,12,4,0,0,0,0,0,0,3,0,1,4,2,6,4
1981,860,Gary Ward,/players/w/wardga01.shtml,wardga01,27,MIN,3,85,74,85,81,0,0,0,0,0,0,62,19,1,82,3,7,2
1981,861,Claudell Washington,/players/w/washicl01.shtml,washicl01,26,ATL,8,85,79,85,79,0,0,0,0,0,0,0,0,79,79,0,6,0
1981,862,Ron Washington,/players/w/washiro01.shtml,washiro01,29,MIN,2,28,28,28,28,0,0,0,0,0,26,0,2,0,2,0,0,0
1981,863,U.L. Washington,/players/w/washiu_01.shtml,washiu_01,27,KCR,5,98,97,98,98,0,0,0,0,0,98,0,0,0,0,0,0,1
1981,864,John Wathan,/players/w/wathajo01.shtml,wathajo01,31,KCR,6,89,81,89,88,0,74,1,0,0,0,3,0,13,16,0,6,2
1981,865,Bob Watson,/players/w/watsobo01.shtml,watsobo01,35,NYY,16,59,44,59,50,0,0,50,0,0,0,0,0,0,0,6,15,0
1981,866,Dave Wehrmeister,/players/w/wehrmda01.shtml,wehrmda01,28,NYY,4,5,0,0,5,5,0,0,0,0,0,0,0,0,0,0,0,0
1981,867,Gary Weiss,/players/w/weissga01.shtml,weissga01,25,LAD,2,14,4,14,13,0,0,0,0,0,13,0,0,0,0,0,1,4
1981,868,Bob Welch,/players/w/welchbo01.shtml,welchbo01,24,LAD,4,23,23,23,23,23,0,0,0,0,0,0,0,0,0,0,0,0
1981,869,Greg Wells,/players/w/wellsgr01.shtml,wellsgr01,27,TOR,1st,32,17,32,22,0,0,22,0,0,0,0,0,0,0,3,11,1
1981,870,Chris Welsh,/players/w/welshch01.shtml,welshch01,26,SDP,1st,22,19,22,22,22,0,0,0,0,0,0,0,0,0,0,0,0
1981,871,Don Werner,/players/w/wernedo01.shtml,wernedo01,28,TEX,6,2,2,2,0,0,0,0,0,0,0,0,0,0,0,2,0,0
1981,872,Dennis Werth,/players/w/werthde01.shtml,werthde01,28,NYY,3,34,19,34,30,0,3,19,0,0,0,5,0,4,9,4,8,1
1981,873,Larry Whisenton,/players/w/whisela01.shtml,whisela01,24,ATL,4,9,0,9,2,0,0,0,0,0,0,1,0,1,2,0,6,2
1981,874,Lou Whitaker,/players/w/whitalo01.shtml,whitalo01,24,DET,5,109,104,109,108,0,0,0,108,0,0,0,0,0,0,0,2,0
1981,875,Frank White,/players/w/whitefr01.shtml,whitefr01,30,KCR,9,94,93,94,93,0,0,0,93,0,0,0,0,0,0,0,1,0
1981,876,Jerry White,/players/w/whiteje01.shtml,whiteje01,28,MON,8,59,25,59,39,0,0,0,0,0,0,7,13,20,40,0,21,2
1981,877,Len Whitehouse,/players/w/whitele01.shtml,whitele01,23,TEX,1st,2,1,0,2,2,0,0,0,0,0,0,0,0,0,0,0,0
1981,878,Dan Whitmer,/players/w/whitmda01.shtml,whitmda01,25,TOR,2,7,2,7,7,0,7,0,0,0,0,0,0,0,0,0,0,0
1981,879,Ed Whitson,/players/w/whitsed01.shtml,whitsed01,26,SFG,5,22,22,22,22,22,0,0,0,0,0,0,0,0,0,0,0,0
1981,880,Ernie Whitt,/players/w/whitter01.shtml,whitter01,29,TOR,5,74,61,74,72,0,72,0,0,0,0,0,0,0,0,0,5,2
1981,881,Tom Wieghaus,/players/w/wieghto01.shtml,wieghto01,24,MON,1st,1,0,1,1,0,1,0,0,0,0,0,0,0,0,0,0,0
1981,882,Alan Wiggins,/players/w/wiggial01.shtml,wiggial01,23,SDP,1st,15,1,15,4,0,0,0,0,0,0,4,0,0,4,0,4,8
1981,883,Milt Wilcox,/players/w/wilcomi01.shtml,wilcomi01,31,DET,11,24,24,0,24,24,0,0,0,0,0,0,0,0,0,0,0,0
1981,884,Rob Wilfong,/players/w/wilforo01.shtml,wilforo01,27,MIN,5,93,81,93,93,0,0,0,93,0,0,0,0,0,0,0,11,1
1981,885,Albert Williams,/players/w/willial03.shtml,willial03,27,MIN,2,23,22,0,23,23,0,0,0,0,0,0,0,0,0,0,0,0
1981,886,Dallas Williams,/players/w/willida05.shtml,willida05,23,BAL,1st,2,0,2,1,0,0,0,0,0,0,1,0,0,1,0,2,0
1981,887,Mike Willis,/players/w/willimi01.shtml,willimi01,30,TOR,5,20,0,0,20,20,0,0,0,0,0,0,0,0,0,0,0,0
1981,888,Bump Wills,/players/w/willsbu01.shtml,willsbu01,28,TEX,5,102,102,102,101,0,0,0,101,0,0,0,0,0,0,1,0,0
1981,889,Mookie Wilson,/players/w/wilsomo01.shtml,wilsomo01,25,NYM,2,92,76,92,80,0,0,0,0,0,0,6,68,10,84,0,12,0
1981,890,Willie Wilson,/players/w/wilsowi02.shtml,wilsowi02,25,KCR,6,102,100,102,101,0,0,0,0,0,0,84,18,0,102,0,0,0
1981,891,Dave Winfield,/players/w/winfida01.shtml,winfida01,29,NYY,9,105,101,105,103,0,0,0,0,0,0,82,22,0,104,1,4,0
1981,892,Rick Wise,/players/w/wiseri01.shtml,wiseri01,35,SDP,17,18,18,18,18,18,0,0,0,0,0,0,0,0,0,0,0,0
1981,893,Mike Witt,/players/w/wittmi01.shtml,wittmi01,20,CAL,1st,22,21,0,22,22,0,0,0,0,0,0,0,0,0,0,0,0
1981,894,John Wockenfuss,/players/w/wockejo01.shtml,wockejo01,32,DET,8,70,52,70,29,0,5,25,0,0,0,1,0,0,1,38,17,0
1981,895,Jim Wohlford,/players/w/wohlfji01.shtml,wohlfji01,30,SFG,10,50,6,50,11,0,0,0,0,0,0,11,0,0,11,0,44,0
1981,896,Al Woods,/players/w/woodsal01.shtml,woodsal01,27,TOR,5,85,74,85,77,0,0,0,0,0,0,77,0,0,77,3,9,1
1981,897,Gary Woods,/players/w/woodsga01.shtml,woodsga01,27,HOU,5,54,24,54,40,0,0,0,0,0,0,2,3,35,40,0,20,2
1981,898,Jim Wright,/players/w/wrighji03.shtml,wrighji03,26,KCR,1st,17,4,0,17,17,0,0,0,0,0,0,0,0,0,0,0,0
1981,899,Butch Wynegar,/players/w/wynegbu01.shtml,wynegbu01,25,MIN,6,47,43,47,37,0,37,0,0,0,0,0,0,0,0,9,3,0
1981,900,Carl Yastrzemski,/players/y/yastrca01.shtml,yastrca01,41,BOS,21,91,85,91,38,0,0,38,0,0,0,0,0,0,0,49,4,0
1981,901,Steve Yeager,/players/y/yeagest01.shtml,yeagest01,32,LAD,10,42,23,42,39,0,39,0,0,0,0,0,0,0,0,0,5,0
1981,902,Ned Yost,/players/y/yostne01.shtml,yostne01,26,MIL,2,18,7,18,16,0,16,0,0,0,0,0,0,0,0,1,1,2
1981,903,Joel Youngblood,/players/y/youngjo02.shtml,youngjo02,29,NYM,6,43,37,43,41,0,0,0,0,0,0,5,1,36,42,0,4,1
1981,904,Robin Yount,/players/y/yountro01.shtml,yountro01,25,MIL,8,96,95,96,93,0,0,0,0,0,93,0,0,0,0,3,1,0
1981,905,Pat Zachry,/players/z/zachrpa01.shtml,zachrpa01,29,NYM,6,24,24,24,24,24,0,0,0,0,0,0,0,0,0,0,0,0
1981,906,Geoff Zahn,/players/z/zahnge01.shtml,zahnge01,35,CAL,9,25,25,0,25,25,0,0,0,0,0,0,0,0,0,0,0,0
1981,907,Richie Zisk,/players/z/ziskri01.shtml,ziskri01,32,SEA,11,94,93,94,0,0,0,0,0,0,0,0,0,0,0,93,1,0
