1954,1,Hank Aaron,/players/a/aaronha01.shtml,aaronha01,20,MLN,1st,122,113,122,116,0,0,0,0,0,0,105,0,11,116,7,1
1954,2,Al Aber,/players/a/aberal01.shtml,aberal01,26,DET,3,32,18,32,32,32,0,0,0,0,0,0,0,0,0,0,0
1954,3,Cal Abrams,/players/a/abramca01.shtml,abramca01,30,2TM,6,132,121,132,128,0,0,0,0,0,0,5,12,111,128,6,1
1954,4,Bobby Adams,/players/a/adamsbo03.shtml,adamsbo03,32,CIN,9,110,95,110,95,0,0,0,2,93,0,0,0,0,0,13,2
1954,5,Joe Adcock,/players/a/adcocjo01.shtml,adcocjo01,26,MLN,5,133,132,133,133,0,0,133,0,0,0,0,0,0,0,1,0
1954,6,Harry Agganis,/players/a/agganha01.shtml,agganha01,25,BOS,1st,132,109,132,119,0,0,119,0,0,0,0,0,0,0,15,3
1954,7,Gair Allie,/players/a/alliega01.shtml,alliega01,22,PIT,1st,121,110,121,114,0,0,0,0,19,95,0,0,0,0,7,4
1954,8,Tom Alston,/players/a/alstoto01.shtml,alstoto01,28,STL,1st,66,62,66,65,0,0,65,0,0,0,0,0,0,0,2,0
1954,9,Joey Amalfitano,/players/a/amalfjo01.shtml,amalfjo01,20,NYG,1st,9,0,9,4,0,0,0,1,4,0,0,0,0,0,0,6
1954,10,Sandy Amoros,/players/a/amorosa01.shtml,amorosa01,24,BRO,2,79,68,79,70,0,0,0,0,0,0,69,2,2,70,8,3
1954,11,Johnny Antonelli,/players/a/antonjo02.shtml,antonjo02,24,NYG,5,39,37,39,39,39,0,0,0,0,0,0,0,0,0,0,0
1954,12,Richie Ashburn,/players/a/ashburi01.shtml,ashburi01,27,PHI,7,153,153,153,153,0,0,0,0,0,0,0,153,0,153,0,0
1954,13,Joe Astroth,/players/a/astrojo01.shtml,astrojo01,31,PHA,8,77,64,77,71,0,71,0,0,0,0,0,0,0,0,6,0
1954,14,Toby Atwell,/players/a/atwelto01.shtml,atwelto01,30,PIT,3,96,83,96,88,0,88,0,0,0,0,0,0,0,0,11,1
1954,15,Bobby Avila,/players/a/avilabo01.shtml,avilabo01,30,CLE,6,143,139,143,141,0,0,0,141,0,7,0,0,0,0,2,1
1954,16,Fred Baczewski,/players/b/baczefr01.shtml,baczefr01,28,CIN,2,29,22,29,29,29,0,0,0,0,0,0,0,0,0,0,0
1954,17,Ed Bailey,/players/b/baileed01.shtml,baileed01,23,CIN,2,73,53,73,61,0,61,0,0,0,0,0,0,0,0,15,0
1954,18,Floyd Baker,/players/b/bakerfl01.shtml,bakerfl01,37,2TM,12,44,3,44,17,0,0,0,3,14,0,0,0,0,0,27,6
1954,19,Gene Baker,/players/b/bakerge02.shtml,bakerge02,29,CHC,2,135,134,135,134,0,0,0,134,0,0,0,0,0,0,0,1
1954,20,Ernie Banks,/players/b/bankser01.shtml,bankser01,23,CHC,2,154,154,154,154,0,0,0,0,0,154,0,0,0,0,0,0
1954,21,Matt Batts,/players/b/battsma01.shtml,battsma01,32,2TM,8,67,42,67,50,0,50,0,0,0,0,0,0,0,0,18,0
1954,22,Hank Bauer,/players/b/bauerha01.shtml,bauerha01,31,NYY,7,114,90,114,108,0,0,0,0,0,0,8,0,104,108,14,0
1954,23,Frank Baumholtz,/players/b/baumhfr01.shtml,baumhfr01,35,CHC,7,90,66,90,72,0,0,0,0,0,0,12,61,13,72,21,2
1954,24,Ralph Beard,/players/b/beardra01.shtml,beardra01,25,STL,1st,13,10,13,13,13,0,0,0,0,0,0,0,0,0,0,0
1954,25,Wayne Belardi,/players/b/belarwa01.shtml,belarwa01,23,2TM,4,99,71,99,79,0,0,79,0,0,0,0,0,0,0,24,0
1954,26,Gus Bell,/players/b/bellgu01.shtml,bellgu01,25,CIN,5,153,152,153,153,0,0,0,0,0,0,0,153,0,153,1,0
1954,27,Lou Berberet,/players/b/berbelo01.shtml,berbelo01,24,NYY,1st,5,1,5,3,0,3,0,0,0,0,0,0,0,0,2,0
1954,28,Yogi Berra,/players/b/berrayo01.shtml,berrayo01,29,NYY,9,151,149,151,150,0,149,0,0,1,0,0,0,0,0,2,0
1954,29,Neil Berry,/players/b/berryne01.shtml,berryne01,32,BAL,7,5,3,5,5,0,0,0,0,0,5,0,0,0,0,0,0
1954,30,Reno Bertoia,/players/b/bertore01.shtml,bertore01,19,DET,2,54,9,54,26,0,0,0,15,8,3,0,0,0,0,2,27
1954,31,Vern Bickford,/players/b/bickfve01.shtml,bickfve01,33,BAL,7,1,1,1,1,1,0,0,0,0,0,0,0,0,0,0,0
1954,32,Steve Bilko,/players/b/bilkost01.shtml,bilkost01,25,2TM,6,55,25,55,28,0,0,28,0,0,0,0,0,0,0,27,0
1954,33,Charlie Bishop,/players/b/bishoch01.shtml,bishoch01,30,PHA,3,22,12,22,20,20,0,0,0,0,0,0,0,0,0,0,2
1954,34,Joe Black,/players/b/blackjo02.shtml,blackjo02,30,BRO,3,5,0,5,5,5,0,0,0,0,0,0,0,0,0,0,0
1954,35,Mike Blyzka,/players/b/blyzkmi01.shtml,blyzkmi01,25,BAL,2,37,0,37,37,37,0,0,0,0,0,0,0,0,0,0,0
1954,36,Jim Bolger,/players/b/bolgeji01.shtml,bolgeji01,22,CIN,3,5,0,5,2,0,0,0,0,0,0,0,2,0,2,2,1
1954,37,Frank Bolling,/players/b/bollifr01.shtml,bollifr01,22,DET,1st,117,100,117,113,0,0,0,113,0,0,0,0,0,0,3,4
1954,38,Milt Bolling,/players/b/bollimi01.shtml,bollimi01,23,BOS,3,113,106,113,112,0,0,0,0,5,107,0,0,0,0,1,0
1954,39,Don Bollweg,/players/b/bollwdo01.shtml,bollwdo01,33,PHA,4,103,66,103,71,0,0,71,0,0,0,0,0,0,0,33,0
1954,40,Ray Boone,/players/b/boonera01.shtml,boonera01,30,DET,7,148,148,148,148,0,0,0,0,148,1,0,0,0,0,0,0
1954,41,Bob Borkowski,/players/b/borkobo01.shtml,borkobo01,28,CIN,5,73,33,73,39,0,0,3,0,0,0,14,0,22,36,36,0
1954,42,Bob Boyd,/players/b/boydbo01.shtml,boydbo01,34,CHW,3,29,16,29,25,0,0,12,0,0,0,13,0,0,13,2,8
1954,43,Ralph Branca,/players/b/brancra01.shtml,brancra01,28,2TM,11,22,8,22,22,22,0,0,0,0,0,0,0,0,0,0,0
1954,44,Al Brazle,/players/b/brazlal01.shtml,brazlal01,40,STL,10,58,0,58,58,58,0,0,0,0,0,0,0,0,0,0,0
1954,45,Tom Brewer,/players/b/breweto01.shtml,breweto01,22,BOS,1st,37,23,37,33,33,0,0,0,0,0,0,0,0,0,0,4
1954,46,Jim Brideweser,/players/b/brideji01.shtml,brideji01,27,BAL,4,73,46,73,66,0,0,0,19,0,48,0,0,0,0,13,0
1954,47,Rocky Bridges,/players/b/bridgro01.shtml,bridgro01,26,CIN,4,53,12,53,51,0,0,0,19,13,20,0,0,0,0,4,2
1954,48,Jim Brosnan,/players/b/brosnji01.shtml,brosnji01,24,CHC,1st,18,0,18,18,18,0,0,0,0,0,0,0,0,0,0,0
1954,49,Bobby Brown,/players/b/brownbo03.shtml,brownbo03,29,NYY,8,28,14,28,17,0,0,0,0,17,0,0,0,0,0,13,0
1954,50,Hal Brown,/players/b/brownha01.shtml,brownha01,29,BOS,4,40,5,40,40,40,0,0,0,0,0,0,0,0,0,0,0
1954,51,Bill Bruton,/players/b/brutobi01.shtml,brutobi01,28,MLN,2,142,129,142,141,0,0,0,0,0,0,0,141,0,141,4,1
1954,52,Bob Buhl,/players/b/buhlbo01.shtml,buhlbo01,25,MLN,2,31,14,31,31,31,0,0,0,0,0,0,0,0,0,0,0
1954,53,George Bullard,/players/b/bullage01.shtml,bullage01,25,DET,1st,4,0,4,1,0,0,0,0,0,1,0,0,0,0,0,3
1954,54,Lew Burdette,/players/b/burdele01.shtml,burdele01,27,MLN,5,39,32,39,38,38,0,0,0,0,0,0,0,0,0,0,1
1954,55,Smoky Burgess,/players/b/burgesm01.shtml,burgesm01,27,PHI,5,108,85,108,91,0,91,0,0,0,0,0,0,0,0,20,0
1954,56,Tom Burgess,/players/b/burgeto01.shtml,burgeto01,26,STL,1st,17,2,17,4,0,0,0,0,0,0,0,0,4,4,14,0
1954,57,Moe Burtschy,/players/b/burtsmo01.shtml,burtsmo01,32,PHA,3,46,0,46,46,46,0,0,0,0,0,0,0,0,0,0,0
1954,58,Jim Busby,/players/b/busbyji01.shtml,busbyji01,27,WSH,5,155,155,155,155,0,0,0,0,0,0,0,155,0,155,0,0
1954,59,Harry Byrd,/players/b/byrdha01.shtml,byrdha01,29,NYY,4,25,21,25,25,25,0,0,0,0,0,0,0,0,0,0,0
1954,60,Tommy Byrne,/players/b/byrneto01.shtml,byrneto01,34,NYY,10,7,5,7,5,5,0,0,0,0,0,0,0,0,0,2,0
1954,61,Bob Cain,/players/c/cainbo01.shtml,cainbo01,29,CHW,6,1,0,1,0,0,0,0,0,0,0,0,0,0,0,0,1
1954,62,Sam Calderone,/players/c/caldesa01.shtml,caldesa01,28,MLN,3,22,5,22,16,0,16,0,0,0,0,0,0,0,0,8,1
1954,63,Roy Campanella,/players/c/camparo01.shtml,camparo01,32,BRO,7,111,106,111,111,0,111,0,0,0,0,0,0,0,0,1,0
1954,64,Andy Carey,/players/c/careyan01.shtml,careyan01,22,NYY,3,122,115,122,120,0,0,0,0,120,0,0,0,0,0,3,1
1954,65,Chico Carrasquel,/players/c/carrach01.shtml,carrach01,28,CHW,5,155,155,155,155,0,0,0,0,0,155,0,0,0,0,0,0
1954,66,Pete Castiglione,/players/c/castipe01.shtml,castipe01,33,STL,8,5,0,5,5,0,0,0,0,5,0,0,0,0,0,0,1
1954,67,Foster Castleman,/players/c/castlfo01.shtml,castlfo01,23,NYG,1st,13,1,13,2,0,0,0,0,2,0,0,0,0,0,12,0
1954,68,Phil Cavarretta,/players/c/cavarph01.shtml,cavarph01,37,CHW,21,71,40,71,53,0,0,44,0,0,0,2,0,7,9,22,0
1954,69,Bob Cerv,/players/c/cervbo01.shtml,cervbo01,29,NYY,4,56,21,56,24,0,0,0,0,0,0,24,0,0,24,30,3
1954,70,Bob Chakales,/players/c/chakabo01.shtml,chakabo01,26,2TM,4,41,6,41,41,41,0,0,0,0,0,0,0,0,0,0,0
1954,71,Bubba Church,/players/c/churcbu01.shtml,churcbu01,29,CHC,5,8,3,8,7,7,0,0,0,0,0,0,0,0,0,0,1
1954,72,Mel Clark,/players/c/clarkme01.shtml,clarkme01,29,PHI,4,82,52,82,62,0,0,0,0,0,0,20,0,42,62,24,1
1954,73,Tex Clevenger,/players/c/clevete01.shtml,clevete01,21,BOS,1st,25,8,25,23,23,0,0,0,0,0,0,0,0,0,0,2
1954,74,Gil Coan,/players/c/coangi01.shtml,coangi01,32,BAL,9,94,64,94,67,0,0,0,0,0,0,36,32,0,67,27,2
1954,75,Dave Cole,/players/c/coleda01.shtml,coleda01,23,CHC,5,19,14,19,18,18,0,0,0,0,0,0,0,0,0,0,1
1954,76,Dick Cole,/players/c/coledi01.shtml,coledi01,28,PIT,3,138,130,138,134,0,0,0,19,51,68,0,0,0,0,7,0
1954,77,Jerry Coleman,/players/c/colemje01.shtml,colemje01,29,NYY,6,107,86,107,107,0,0,0,79,1,30,0,0,0,0,1,2
1954,78,Joe Coleman,/players/c/colemjo04.shtml,colemjo04,31,BAL,9,33,32,33,33,33,0,0,0,0,0,0,0,0,0,0,0
1954,79,Joe Collins,/players/c/collijo01.shtml,collijo01,31,NYY,7,130,75,130,117,0,0,117,0,0,0,0,0,0,0,31,3
1954,80,Jackie Collum,/players/c/colluja01.shtml,colluja01,27,CIN,4,36,2,36,36,36,0,0,0,0,0,0,0,0,0,0,0
1954,81,Jim Command,/players/c/commaji01.shtml,commaji01,25,PHI,1st,9,4,9,6,0,0,0,0,6,0,0,0,0,0,4,1
1954,82,Gene Conley,/players/c/conlege01.shtml,conlege01,23,MLN,2,28,27,28,28,28,0,0,0,0,0,0,0,0,0,0,0
1954,83,Billy Consolo,/players/c/consobi01.shtml,consobi01,19,BOS,2,91,68,91,80,0,0,0,12,18,50,0,0,0,0,5,11
1954,84,Sandy Consuegra,/players/c/consusa01.shtml,consusa01,33,CHW,5,39,17,39,39,39,0,0,0,1,0,0,0,0,0,0,0
1954,85,Walker Cooper,/players/c/coopewa01.shtml,coopewa01,39,2TM,15,71,44,71,50,0,50,0,0,0,0,0,0,0,0,26,0
1954,86,Al Corwin,/players/c/corwial01.shtml,corwial01,27,NYG,4,23,0,23,20,20,0,0,0,0,0,0,0,0,0,0,3
1954,87,Clint Courtney,/players/c/courtcl01.shtml,courtcl01,27,BAL,4,122,105,122,111,0,111,0,0,0,0,0,0,0,0,15,0
1954,88,Billy Cox,/players/c/coxbi02.shtml,coxbi02,34,BRO,10,77,61,77,74,0,0,0,12,57,8,0,0,0,0,4,5
1954,89,Del Crandall,/players/c/crandde01.shtml,crandde01,24,MLN,4,138,133,138,136,0,136,0,0,0,0,0,0,0,0,3,0
1954,90,Ray Crone,/players/c/cronera01.shtml,cronera01,22,MLN,1st,19,2,19,19,19,0,0,0,0,0,0,0,0,0,0,0
1954,91,Joe Cunningham,/players/c/cunnijo01.shtml,cunnijo01,22,STL,1st,85,84,85,85,0,0,85,0,0,0,0,0,0,0,0,0
1954,92,Al Dark,/players/d/darkal01.shtml,darkal01,32,NYG,8,154,154,154,154,0,0,0,0,0,154,0,0,0,0,0,0
1954,93,Bob Darnell,/players/d/darnebo01.shtml,darnebo01,23,BRO,1st,6,1,6,6,6,0,0,0,0,0,0,0,0,0,0,0
1954,94,Jim Davis,/players/d/davisji01.shtml,davisji01,29,CHC,1st,46,12,46,46,46,0,0,0,0,0,0,0,0,0,0,0
1954,95,Cot Deal,/players/d/dealco01.shtml,dealco01,31,STL,4,33,0,33,33,33,0,0,0,0,0,0,0,0,0,0,0
1954,96,Jim Delsing,/players/d/delsiji01.shtml,delsiji01,28,DET,7,122,97,122,108,0,0,0,0,0,0,90,5,16,108,18,1
1954,97,Joe DeMaestri,/players/d/demaejo01.shtml,demaejo01,25,PHA,4,146,139,146,144,0,0,0,1,1,142,0,0,0,0,3,0
1954,98,Sam Dente,/players/d/dentesa01.shtml,dentesa01,32,CLE,8,68,54,68,66,0,0,0,7,0,60,0,0,0,0,1,4
1954,99,Murry Dickson,/players/d/dicksmu01.shtml,dicksmu01,37,PHI,13,40,31,40,40,40,0,0,0,0,0,0,0,0,0,0,0
1954,100,Chuck Diering,/players/d/dierich01.shtml,dierich01,31,BAL,7,128,111,128,119,0,0,0,0,0,0,0,119,0,119,9,3
1954,101,Roy Dietzel,/players/d/dietzro01.shtml,dietzro01,23,WSH,1st,9,5,9,9,0,0,0,6,3,0,0,0,0,0,0,0
1954,102,Art Ditmar,/players/d/ditmaar01.shtml,ditmaar01,25,PHA,1st,14,5,14,14,14,0,0,0,0,0,0,0,0,0,0,0
1954,103,Jack Dittmer,/players/d/dittmja01.shtml,dittmja01,26,MLN,3,66,50,66,54,0,0,0,54,0,0,0,0,0,0,15,0
1954,104,Sonny Dixon,/players/d/dixonso01.shtml,dixonso01,29,2TM,2,54,6,54,54,54,0,0,0,0,0,0,0,0,0,0,0
1954,105,Joe Dobson,/players/d/dobsojo01.shtml,dobsojo01,37,BOS,14,2,0,2,2,2,0,0,0,0,0,0,0,0,0,0,0
1954,106,Larry Doby,/players/d/dobyla01.shtml,dobyla01,30,CLE,8,153,153,153,153,0,0,0,0,0,0,0,153,0,153,0,0
1954,107,Dick Donovan,/players/d/donovdi01.shtml,donovdi01,26,DET,4,2,0,2,2,2,0,0,0,0,0,0,0,0,0,0,0
1954,108,Fritz Dorish,/players/d/dorisha01.shtml,dorisha01,32,CHW,8,37,6,37,37,37,0,0,0,0,0,0,0,0,0,0,0
1954,109,Karl Drews,/players/d/drewska01.shtml,drewska01,34,2TM,8,30,9,30,30,30,0,0,0,0,0,0,0,0,0,0,0
1954,110,Walt Dropo,/players/d/dropowa01.shtml,dropowa01,31,DET,6,107,79,107,95,0,0,95,0,0,0,0,0,0,0,18,0
1954,111,Ryne Duren,/players/d/durenry01.shtml,durenry01,25,BAL,1st,1,0,1,1,1,0,0,0,0,0,0,0,0,0,0,0
1954,112,Joe Durham,/players/d/durhajo02.shtml,durhajo02,22,BAL,1st,10,10,10,10,0,0,0,0,0,0,10,1,0,10,0,0
1954,113,Jim Dyck,/players/d/dyckji01.shtml,dyckji01,32,CLE,4,2,0,2,0,0,0,0,0,0,0,0,0,0,0,2,0
1954,114,Luke Easter,/players/e/eastelu01.shtml,eastelu01,38,CLE,6,6,0,6,0,0,0,0,0,0,0,0,0,0,0,6,0
1954,115,Bruce Edwards,/players/e/edwarbr01.shtml,edwarbr01,30,CHC,8,4,0,4,0,0,0,0,0,0,0,0,0,0,0,4,0
1954,116,Del Ennis,/players/e/ennisde01.shtml,ennisde01,29,PHI,9,145,142,145,143,0,0,1,0,0,0,72,0,71,142,2,0
1954,117,Carl Erskine,/players/e/erskica01.shtml,erskica01,27,BRO,7,39,37,39,38,38,0,0,0,0,0,0,0,0,0,0,1
1954,118,Nino Escalera,/players/e/escalni01.shtml,escalni01,24,CIN,1st,73,9,73,23,0,0,8,0,0,1,1,4,10,14,32,28
1954,119,Hoot Evers,/players/e/eversho01.shtml,eversho01,33,3TM,10,48,13,48,29,0,0,0,0,0,0,20,4,6,29,18,3
1954,120,Ferris Fain,/players/f/fainfe01.shtml,fainfe01,33,CHW,8,65,64,65,64,0,0,64,0,0,0,0,0,0,0,1,0
1954,121,Jim Fanning,/players/f/fanniji01.shtml,fanniji01,26,CHC,1st,11,11,11,11,0,11,0,0,0,0,0,0,0,0,0,0
1954,122,Bob Feller,/players/f/fellebo01.shtml,fellebo01,35,CLE,16,19,19,19,19,19,0,0,0,0,0,0,0,0,0,0,0
1954,123,Jim Finigan,/players/f/finigji01.shtml,finigji01,25,PHA,1st,136,133,136,136,0,0,0,0,136,0,0,0,0,0,1,0
1954,124,Ed Fitz Gerald,/players/f/fitzged01.shtml,fitzged01,30,WSH,7,115,96,115,107,0,107,0,0,0,0,0,0,0,0,11,0
1954,125,Tom Flanigan,/players/f/flanito01.shtml,flanito01,19,CHW,1st,2,0,2,2,2,0,0,0,0,0,0,0,0,0,0,0
1954,126,Dee Fondy,/players/f/fondyde01.shtml,fondyde01,29,CHC,4,141,133,141,138,0,0,138,0,0,0,0,0,0,0,4,4
1954,127,Whitey Ford,/players/f/fordwh01.shtml,fordwh01,25,NYY,3,34,28,34,34,34,0,0,0,0,0,0,0,0,0,0,0
1954,128,Mike Fornieles,/players/f/fornimi01.shtml,fornimi01,22,CHW,3,16,6,16,15,15,0,0,0,0,0,0,0,0,0,0,1
1954,129,Art Fowler,/players/f/fowlear01.shtml,fowlear01,31,CIN,1st,40,29,40,40,40,0,0,0,0,0,0,0,0,0,0,0
1954,130,Howie Fox,/players/f/foxho01.shtml,foxho01,33,BAL,9,38,0,38,38,38,0,0,0,0,0,0,0,0,0,0,0
1954,131,Nellie Fox,/players/f/foxne01.shtml,foxne01,26,CHW,8,155,155,155,155,0,0,0,155,0,0,0,0,0,0,0,0
1954,132,Joe Frazier,/players/f/frazijo01.shtml,frazijo01,31,STL,2,81,8,81,12,0,0,1,0,0,0,2,0,9,11,69,0
1954,133,Marion Fricano,/players/f/fricama01.shtml,fricama01,30,PHA,3,42,20,42,37,37,0,0,0,0,0,0,0,0,0,0,6
1954,134,Jim Fridley,/players/f/fridlji01.shtml,fridlji01,29,BAL,2,85,59,85,67,0,0,0,0,0,0,64,0,3,67,22,0
1954,135,Bob Friend,/players/f/frienbo01.shtml,frienbo01,23,PIT,4,35,20,35,35,35,0,0,0,0,0,0,0,0,0,0,0
1954,136,Carl Furillo,/players/f/furilca01.shtml,furilca01,32,BRO,9,150,143,150,149,0,0,0,0,0,0,3,5,146,149,1,0
1954,137,Joe Garagiola,/players/g/garagjo01.shtml,garagjo01,28,2TM,9,68,50,68,58,0,58,0,0,0,0,0,0,0,0,16,0
1954,138,Chico Garcia,/players/g/garcich01.shtml,garcich01,29,BAL,1st,39,20,39,24,0,0,0,24,0,0,0,0,0,0,6,11
1954,139,Mike Garcia,/players/g/garcimi01.shtml,garcimi01,30,CLE,7,45,34,45,45,45,0,0,0,0,0,0,0,0,0,0,0
1954,140,Billy Gardner,/players/g/gardnbi02.shtml,gardnbi02,26,NYG,1st,62,26,62,47,0,0,0,13,30,5,0,0,0,0,4,17
1954,141,Ned Garver,/players/g/garvene01.shtml,garvene01,28,DET,7,36,32,36,35,35,0,0,0,0,0,0,0,0,0,0,1
1954,142,Harvey Gentry,/players/g/gentrha01.shtml,gentrha01,28,NYG,1st,5,0,5,0,0,0,0,0,0,0,0,0,0,0,5,0
1954,143,Dick Gernert,/players/g/gernedi01.shtml,gernedi01,25,BOS,3,14,4,14,6,0,0,6,0,0,0,0,0,0,0,9,0
1954,144,Paul Giel,/players/g/gielpa01.shtml,gielpa01,21,NYG,1st,6,0,6,6,6,0,0,0,0,0,0,0,0,0,0,0
1954,145,Jim Gilliam,/players/g/gilliji01.shtml,gilliji01,25,BRO,2,146,144,146,145,0,0,0,142,0,0,2,0,4,5,2,0
1954,146,Joe Ginsberg,/players/g/ginsbjo01.shtml,ginsbjo01,27,CLE,6,3,0,3,1,0,1,0,0,0,0,0,0,0,0,3,0
1954,147,Bill Glynn,/players/g/glynnbi01.shtml,glynnbi01,28,CLE,4,111,34,111,97,0,0,96,0,0,0,0,0,1,1,16,18
1954,148,Ruben Gomez,/players/g/gomezru01.shtml,gomezru01,26,NYG,2,49,32,49,37,37,0,0,0,0,0,0,0,0,0,0,12
1954,149,Billy Goodman,/players/g/goodmbi01.shtml,goodmbi01,28,BOS,8,127,114,127,122,0,0,27,72,12,0,13,0,0,13,10,2
1954,150,Sid Gordon,/players/g/gordosi01.shtml,gordosi01,36,PIT,12,131,102,131,110,0,0,0,0,39,0,7,0,67,74,28,0
1954,151,Charlie Gorin,/players/g/gorinch01.shtml,gorinch01,26,MLN,1st,5,0,5,5,5,0,0,0,0,0,0,0,0,0,0,0
1954,152,Tom Gorman,/players/g/gormato02.shtml,gormato02,29,NYY,3,23,0,23,23,23,0,0,0,0,0,0,0,0,0,0,0
1954,153,Alex Grammas,/players/g/grammal01.shtml,grammal01,28,STL,1st,142,128,142,142,0,0,0,0,1,142,0,0,0,0,0,0
1954,154,Mickey Grasso,/players/g/grassmi01.shtml,grassmi01,34,CLE,6,4,2,4,4,0,4,0,0,0,0,0,0,0,0,0,0
1954,155,Johnny Gray,/players/g/grayjo01.shtml,grayjo01,27,PHA,1st,19,16,19,18,18,0,0,0,0,0,0,0,0,0,0,1
1954,156,Ted Gray,/players/g/grayte01.shtml,grayte01,29,DET,8,19,10,19,19,19,0,0,0,0,0,0,0,0,0,0,0
1954,157,Bill Greason,/players/g/greasbi01.shtml,greasbi01,29,STL,1st,3,2,3,3,3,0,0,0,0,0,0,0,0,0,0,0
1954,158,Jim Greengrass,/players/g/greenji02.shtml,greenji02,26,CIN,3,139,137,139,137,0,0,0,0,0,0,137,0,0,137,2,0
1954,159,Bob Greenwood,/players/g/greenbo01.shtml,greenbo01,26,PHI,1st,12,4,12,11,11,0,0,0,0,0,0,0,0,0,1,0
1954,160,Bob Grim,/players/g/grimbo01.shtml,grimbo01,24,NYY,1st,37,20,37,37,37,0,0,0,0,0,0,0,0,0,0,0
1954,161,Marv Grissom,/players/g/grissma01.shtml,grissma01,36,NYG,5,56,3,56,56,56,0,0,0,0,0,0,0,0,0,0,0
1954,162,Steve Gromek,/players/g/gromest01.shtml,gromest01,34,DET,14,36,32,36,36,36,0,0,0,0,0,0,0,0,0,0,0
1954,163,Johnny Groth,/players/g/grothjo01.shtml,grothjo01,27,CHW,9,125,121,125,125,0,0,0,0,0,0,9,116,2,125,1,0
1954,164,Warren Hacker,/players/h/hackewa02.shtml,hackewa02,29,CHC,7,43,18,43,39,39,0,0,0,0,0,0,0,0,0,0,4
1954,165,Harvey Haddix,/players/h/haddiha01.shtml,haddiha01,28,STL,3,61,35,61,43,43,0,0,0,0,0,0,0,0,0,0,18
1954,166,Bill Hall,/players/h/hallbi02.shtml,hallbi02,25,PIT,1st,5,1,5,1,0,1,0,0,0,0,0,0,0,0,3,1
1954,167,Dick Hall,/players/h/halldi01.shtml,halldi01,23,PIT,3,112,84,112,102,0,0,0,0,0,0,42,47,16,102,13,5
1954,168,Granny Hamner,/players/h/hamnegr01.shtml,hamnegr01,27,PHI,11,152,151,152,152,0,0,0,152,0,1,0,0,0,0,1,0
1954,169,Chuck Harmon,/players/h/harmoch01.shtml,harmoch01,30,CIN,1st,94,63,94,70,0,0,3,0,67,0,0,0,0,0,24,4
1954,170,Jack Harshman,/players/h/harshja01.shtml,harshja01,26,CHW,4,36,21,36,36,35,0,1,0,0,0,0,0,0,0,0,0
1954,171,Fred Hatfield,/players/h/hatfifr01.shtml,hatfifr01,29,DET,5,81,53,81,65,0,0,0,54,15,0,0,0,0,0,19,4
1954,172,Grady Hatton,/players/h/hattogr01.shtml,hattogr01,31,3TM,9,113,89,113,105,0,0,4,0,103,1,0,0,0,0,11,1
1954,173,Jay Heard,/players/h/heardja01.shtml,heardja01,34,BAL,1st,2,0,2,2,2,0,0,0,0,0,0,0,0,0,0,0
1954,174,Jim Hearn,/players/h/hearnji01.shtml,hearnji01,33,NYG,8,29,18,29,29,29,0,0,0,0,0,0,0,0,0,0,0
1954,175,Jim Hegan,/players/h/heganji01.shtml,heganji01,33,CLE,11,139,121,139,137,0,137,0,0,0,0,0,0,0,0,2,4
1954,176,Woodie Held,/players/h/heldwo01.shtml,heldwo01,22,NYY,1st,4,0,4,4,0,0,0,0,1,4,0,0,0,0,0,0
1954,177,Solly Hemus,/players/h/hemusso01.shtml,hemusso01,31,STL,6,124,38,124,104,0,0,0,12,27,66,0,0,0,0,60,1
1954,178,Gail Henley,/players/h/henlega01.shtml,henlega01,25,PIT,1st,14,7,14,9,0,0,0,0,0,0,1,0,8,9,5,0
1954,179,Bill Henry,/players/h/henrybi01.shtml,henrybi01,26,BOS,3,25,13,25,24,24,0,0,0,0,0,0,0,0,0,0,1
1954,180,Ray Herbert,/players/h/herbera01.shtml,herbera01,24,DET,4,42,4,42,42,42,0,0,0,0,0,0,0,0,0,0,0
1954,181,Tom Herrin,/players/h/herrito01.shtml,herrito01,24,BOS,1st,14,1,14,14,14,0,0,0,0,0,0,0,0,0,0,0
1954,182,Johnny Hetki,/players/h/hetkijo01.shtml,hetkijo01,32,PIT,8,58,1,58,58,58,0,0,0,0,0,0,0,0,0,0,0
1954,183,Don Hoak,/players/h/hoakdo01.shtml,hoakdo01,26,BRO,1st,88,62,88,75,0,0,0,0,75,0,0,0,0,0,12,4
1954,184,Mel Hoderlein,/players/h/hoderme01.shtml,hoderme01,31,WSH,4,14,6,14,11,0,0,0,5,0,6,0,0,0,0,3,1
1954,185,Gil Hodges,/players/h/hodgegi01.shtml,hodgegi01,30,BRO,9,154,154,154,154,0,0,154,0,0,0,0,0,0,0,0,0
1954,186,Billy Hoeft,/players/h/hoeftbi01.shtml,hoeftbi01,22,DET,3,35,25,35,34,34,0,0,0,0,0,0,0,0,0,0,1
1954,187,Bobby Hofman,/players/h/hofmabo01.shtml,hofmabo01,28,NYG,4,71,27,71,36,0,0,21,10,8,0,0,0,0,0,41,0
1954,188,Cal Hogue,/players/h/hogueca01.shtml,hogueca01,26,PIT,3,3,2,3,3,3,0,0,0,0,0,0,0,0,0,0,0
1954,189,Bob Hooper,/players/h/hoopebo01.shtml,hoopebo01,32,CLE,5,17,0,17,17,17,0,0,0,0,0,0,0,0,0,0,0
1954,190,Dave Hoskins,/players/h/hoskida01.shtml,hoskida01,28,CLE,2,15,1,15,14,14,0,0,0,0,0,0,0,0,0,1,1
1954,191,Ralph Houk,/players/h/houkra01.shtml,houkra01,34,NYY,8,1,0,1,0,0,0,0,0,0,0,0,0,0,0,1,0
1954,192,Frank House,/players/h/housefr03.shtml,housefr03,24,DET,3,114,99,114,107,0,107,0,0,0,0,0,0,0,0,11,0
1954,193,Art Houtteman,/players/h/houttar01.shtml,houttar01,26,CLE,9,32,25,32,32,32,0,0,0,0,0,0,0,0,0,0,0
1954,194,Sid Hudson,/players/h/hudsosi01.shtml,hudsosi01,39,BOS,12,33,5,33,33,33,0,0,0,0,0,0,0,0,0,0,0
1954,195,Jim Hughes,/players/h/hugheji02.shtml,hugheji02,31,BRO,3,60,0,60,60,60,0,0,0,0,0,0,0,0,0,0,0
1954,196,Billy Hunter,/players/h/huntebi03.shtml,huntebi03,26,BAL,2,125,121,125,124,0,0,0,0,0,124,0,0,0,0,2,0
1954,197,Tom Hurd,/players/h/hurdto01.shtml,hurdto01,30,BOS,1st,16,0,16,16,16,0,0,0,0,0,0,0,0,0,0,0
1954,198,Monte Irvin,/players/i/irvinmo01.shtml,irvinmo01,35,NYG,6,135,118,135,128,0,0,1,0,2,0,127,0,2,128,11,0
1954,199,Ray Jablonski,/players/j/jablora01.shtml,jablora01,27,STL,2,152,150,152,150,0,0,1,0,149,0,0,0,0,0,2,0
1954,200,Randy Jackson,/players/j/jacksra01.shtml,jacksra01,28,CHC,5,126,124,126,124,0,0,0,0,124,0,0,0,0,0,2,0
1954,201,Ron Jackson,/players/j/jacksro01.shtml,jacksro01,20,CHW,1st,40,24,40,35,0,0,35,0,0,0,0,0,0,0,7,2
1954,202,Spook Jacobs,/players/j/jacobsp01.shtml,jacobsp01,28,PHA,1st,132,131,132,131,0,0,0,131,0,0,0,0,0,0,0,1
1954,203,Vic Janowicz,/players/j/janowvi01.shtml,janowvi01,24,PIT,2,41,19,41,19,0,0,0,0,18,0,1,0,0,1,12,10
1954,204,Larry Jansen,/players/j/jansela01.shtml,jansela01,33,NYG,8,13,7,13,13,13,0,0,0,0,0,0,0,0,0,0,0
1954,205,Joey Jay,/players/j/jayjo01.shtml,jayjo01,18,MLN,2,15,1,15,15,15,0,0,0,0,0,0,0,0,0,0,0
1954,206,Hal Jeffcoat,/players/j/jeffcha01.shtml,jeffcha01,29,CHC,7,56,3,56,46,43,0,0,0,0,0,0,3,0,3,0,11
1954,207,Jackie Jensen,/players/j/jenseja01.shtml,jenseja01,27,BOS,5,152,149,152,151,0,0,0,0,0,0,8,107,44,151,1,0
1954,208,Sam Jethroe,/players/j/jethrsa01.shtml,jethrsa01,37,PIT,4,2,0,2,1,0,0,0,0,0,0,0,0,1,1,1,0
1954,209,Don Johnson,/players/j/johnsdo03.shtml,johnsdo03,27,CHW,5,46,16,46,46,46,0,0,0,0,0,0,0,0,0,0,0
1954,210,Ernie Johnson,/players/j/johnser02.shtml,johnser02,30,MLN,4,40,4,40,40,40,0,0,0,0,0,0,0,0,0,0,0
1954,211,Stan Jok,/players/j/jokst01.shtml,jokst01,28,2TM,1st,6,3,6,3,0,0,0,0,3,0,0,0,0,0,3,0
1954,212,Dave Jolly,/players/j/jollyda01.shtml,jollyda01,29,MLN,2,48,1,48,47,47,0,0,0,0,0,0,0,0,0,0,1
1954,213,Gordon Jones,/players/j/jonesgo01.shtml,jonesgo01,24,STL,1st,11,10,11,11,11,0,0,0,0,0,0,0,0,0,0,0
1954,214,Willie Jones,/players/j/joneswi01.shtml,joneswi01,28,PHI,8,142,140,142,141,0,0,0,0,141,0,0,0,0,0,1,0
1954,215,Eddie Joost,/players/j/joosted01.shtml,joosted01,38,PHA,16,19,12,19,15,0,0,0,1,5,9,0,0,0,0,4,0
1954,216,Howie Judson,/players/j/judsoho01.shtml,judsoho01,28,CIN,7,37,8,37,37,37,0,0,0,0,0,0,0,0,0,0,0
1954,217,Al Kaline,/players/k/kalinal01.shtml,kalinal01,19,DET,2,138,133,138,135,0,0,0,0,0,0,0,0,135,135,3,0
1954,218,Ray Katt,/players/k/kattra01.shtml,kattra01,27,NYG,3,86,56,86,82,0,82,0,0,0,0,0,0,0,0,6,0
1954,219,Ted Kazanski,/players/k/kazante01.shtml,kazante01,20,PHI,2,39,30,39,38,0,0,0,0,0,38,0,0,0,0,1,1
1954,220,Bob Keegan,/players/k/keegabo01.shtml,keegabo01,33,CHW,2,32,27,32,31,31,0,0,0,0,0,0,0,0,0,1,0
1954,221,George Kell,/players/k/kellge01.shtml,kellge01,31,2TM,12,97,86,97,87,0,0,32,0,56,0,2,0,1,2,10,1
1954,222,Frank Kellert,/players/k/kellefr02.shtml,kellefr02,29,BAL,2,10,9,10,9,0,0,9,0,0,0,0,0,0,0,1,0
1954,223,Alex Kellner,/players/k/kellnal01.shtml,kellnal01,29,PHA,7,27,27,27,27,27,0,0,0,0,0,0,0,0,0,0,0
1954,224,Russ Kemmerer,/players/k/kemmeru01.shtml,kemmeru01,23,BOS,1st,19,9,19,19,19,0,0,0,0,0,0,0,0,0,0,0
1954,225,Bob Kennedy,/players/k/kennebo01.shtml,kennebo01,33,2TM,13,107,76,107,92,0,0,0,0,71,0,13,0,9,22,19,1
1954,226,Gus Keriazakos,/players/k/keriagu01.shtml,keriagu01,22,WSH,2,22,3,22,22,22,0,0,0,0,0,0,0,0,0,0,0
1954,227,Leo Kiely,/players/k/kielyle01.shtml,kielyle01,24,BOS,2,28,19,28,28,28,0,0,0,0,0,0,0,0,0,0,0
1954,228,Harmon Killebrew,/players/k/killeha01.shtml,killeha01,18,WSH,1st,9,3,9,3,0,0,0,3,0,0,0,0,0,0,2,4
1954,229,Ellis Kinder,/players/k/kindeel01.shtml,kindeel01,39,BOS,9,48,2,48,48,48,0,0,0,0,0,0,0,0,0,0,0
1954,230,Ralph Kiner,/players/k/kinerra01.shtml,kinerra01,31,CHC,9,147,147,147,147,0,0,0,0,0,0,147,0,0,147,0,0
1954,231,Chick King,/players/k/kingch01.shtml,kingch01,23,DET,1st,11,7,11,7,0,0,0,0,0,0,0,7,0,7,4,0
1954,232,Nellie King,/players/k/kingne01.shtml,kingne01,26,PIT,1st,4,0,4,4,4,0,0,0,0,0,0,0,0,0,0,0
1954,233,Thornton Kipper,/players/k/kippeth01.shtml,kippeth01,25,PHI,2,11,0,11,11,11,0,0,0,0,0,0,0,0,0,0,0
1954,234,Joe Kirrene,/players/k/kirrejo01.shtml,kirrejo01,22,CHW,2,9,6,9,9,0,0,0,0,9,0,0,0,0,0,1,1
1954,235,Chris Kitsos,/players/k/kitsoch01.shtml,kitsoch01,26,CHC,1st,1,0,1,1,0,0,0,0,0,1,0,0,0,0,0,0
1954,236,Johnny Klippstein,/players/k/klippjo01.shtml,klippjo01,26,CHC,5,36,21,36,36,36,0,0,0,0,0,0,0,0,0,0,0
1954,237,Ted Kluszewski,/players/k/kluszte01.shtml,kluszte01,29,CIN,8,149,149,149,149,0,0,149,0,0,0,0,0,0,0,0,0
1954,238,Nick Koback,/players/k/kobacni01.shtml,kobacni01,18,PIT,2,4,2,4,4,0,4,0,0,0,0,0,0,0,0,1,0
1954,239,Dick Kokos,/players/k/kokosdi01.shtml,kokosdi01,26,BAL,5,11,1,11,1,0,0,0,0,0,0,1,0,0,1,10,0
1954,240,Alex Konikowski,/players/k/konikal01.shtml,konikal01,26,NYG,3,10,0,10,10,10,0,0,0,0,0,0,0,0,0,0,0
1954,241,Jim Konstanty,/players/k/konstji01.shtml,konstji01,37,2TM,9,42,1,42,42,42,0,0,0,0,0,0,0,0,0,0,0
1954,242,Steve Korcheck,/players/k/korchst01.shtml,korchst01,21,WSH,1st,2,2,2,2,0,2,0,0,0,0,0,0,0,0,0,0
1954,243,Dave Koslo,/players/k/kosloda01.shtml,kosloda01,34,2TM,11,15,1,15,15,15,0,0,0,0,0,0,0,0,0,0,0
1954,244,Chuck Kress,/players/k/kressch01.shtml,kressch01,32,2TM,4,37,5,37,9,0,0,8,0,0,0,0,0,1,1,27,2
1954,245,Lou Kretlow,/players/k/kretllo01.shtml,kretllo01,33,BAL,8,32,20,32,32,32,0,0,0,0,0,0,0,0,0,0,0
1954,246,Dick Kryhoski,/players/k/kryhodi01.shtml,kryhodi01,29,BAL,6,100,67,100,69,0,0,69,0,0,0,0,0,0,0,32,0
1954,247,Harvey Kuenn,/players/k/kuennha01.shtml,kuennha01,23,DET,3,155,155,155,155,0,0,0,0,0,155,0,0,0,0,0,0
1954,248,Bob Kuzava,/players/k/kuzavbo01.shtml,kuzavbo01,31,2TM,8,24,7,24,24,24,0,0,0,0,0,0,0,0,0,0,0
1954,249,Clem Labine,/players/l/labincl01.shtml,labincl01,27,BRO,5,47,2,47,47,47,0,0,0,0,0,0,0,0,0,0,0
1954,250,Al Lakeman,/players/l/lakemal01.shtml,lakemal01,35,DET,9,5,2,5,4,0,4,0,0,0,0,0,0,0,0,1,0
1954,251,Hobie Landrith,/players/l/landrho01.shtml,landrho01,24,CIN,5,48,26,48,42,0,42,0,0,0,0,0,0,0,0,7,0
1954,252,Jerry Lane,/players/l/laneje01.shtml,laneje01,28,CIN,2,3,0,3,3,3,0,0,0,0,0,0,0,0,0,0,0
1954,253,Paul LaPalme,/players/l/lapalpa01.shtml,lapalpa01,30,PIT,4,33,15,33,33,33,0,0,0,0,0,0,0,0,0,0,0
1954,254,Don Larsen,/players/l/larsedo01.shtml,larsedo01,24,BAL,2,44,28,44,29,29,0,0,0,0,0,0,0,0,0,15,0
1954,255,Al Lary,/players/l/laryal01.shtml,laryal01,25,CHC,1st,2,1,2,1,1,0,0,0,0,0,0,0,0,0,0,1
1954,256,Frank Lary,/players/l/laryfr01.shtml,laryfr01,24,DET,1st,3,0,3,3,3,0,0,0,0,0,0,0,0,0,0,0
1954,257,Tom Lasorda,/players/l/lasorto01.shtml,lasorto01,26,BRO,1st,4,0,4,4,4,0,0,0,0,0,0,0,0,0,0,0
1954,258,Vern Law,/players/l/lawve01.shtml,lawve01,24,PIT,3,50,19,50,40,39,0,0,0,0,0,0,0,1,1,6,7
1954,259,Brooks Lawrence,/players/l/lawrebr01.shtml,lawrebr01,29,STL,1st,35,18,35,35,35,0,0,0,0,0,0,0,0,0,0,0
1954,260,Frank Leja,/players/l/lejafr01.shtml,lejafr01,18,NYY,1st,12,0,12,6,0,0,6,0,0,0,0,0,0,0,3,5
1954,261,Bob Lemon,/players/l/lemonbo01.shtml,lemonbo01,33,CLE,11,40,33,40,36,36,0,0,0,0,0,0,0,0,0,3,1
1954,262,Jim Lemon,/players/l/lemonji01.shtml,lemonji01,26,WSH,3,37,32,37,33,0,0,0,0,0,0,1,0,32,33,4,0
1954,263,Don Lenhardt,/players/l/lenhado01.shtml,lenhado01,31,2TM,5,57,15,57,23,0,0,2,0,1,0,20,0,0,20,36,1
1954,264,Bob Lennon,/players/l/lennobo01.shtml,lennobo01,25,NYG,1st,3,0,3,0,0,0,0,0,0,0,0,0,0,0,3,0
1954,265,Ted Lepcio,/players/l/lepcite01.shtml,lepcite01,24,BOS,3,116,109,116,115,0,0,0,79,25,14,0,0,0,0,2,1
1954,266,Jesse Levan,/players/l/levanje01.shtml,levanje01,27,WSH,2,7,5,7,5,0,0,1,0,4,0,0,0,0,0,2,0
1954,267,Don Liddle,/players/l/liddldo01.shtml,liddldo01,29,NYG,2,29,19,29,28,28,0,0,0,0,0,0,0,0,0,0,1
1954,268,Lou Limmer,/players/l/limmelo01.shtml,limmelo01,29,PHA,2,115,73,115,79,0,0,79,0,0,0,0,0,0,0,37,0
1954,269,Johnny Lindell,/players/l/lindejo01.shtml,lindejo01,37,PHI,12,7,0,7,0,0,0,0,0,0,0,0,0,0,0,7,0
1954,270,Royce Lint,/players/l/lintro01.shtml,lintro01,33,STL,1st,31,4,31,30,30,0,0,0,0,0,0,0,0,0,0,1
1954,271,Johnny Lipon,/players/l/liponjo01.shtml,liponjo01,31,CIN,9,1,0,1,0,0,0,0,0,0,0,0,0,0,0,1,0
1954,272,Dick Littlefield,/players/l/littldi01.shtml,littldi01,28,2TM,5,26,21,26,26,26,0,0,0,0,0,0,0,0,0,0,0
1954,273,Jack Littrell,/players/l/littrja01.shtml,littrja01,25,PHA,2,9,9,9,9,0,0,0,0,0,9,0,0,0,0,0,0
1954,274,Whitey Lockman,/players/l/lockmwh01.shtml,lockmwh01,27,NYG,9,148,140,148,146,0,0,145,0,0,0,1,1,0,2,4,1
1954,275,Billy Loes,/players/l/loesbi01.shtml,loesbi01,24,BRO,4,28,21,28,28,28,0,0,0,0,0,0,0,0,0,0,0
1954,276,Johnny Logan,/players/l/loganjo01.shtml,loganjo01,28,MLN,4,154,154,154,154,0,0,0,0,0,154,0,0,0,0,0,0
1954,277,Sherm Lollar,/players/l/lollash01.shtml,lollash01,29,CHW,9,107,84,107,94,0,93,1,0,0,0,0,0,0,0,17,0
1954,278,Eddie Lopat,/players/l/lopated01.shtml,lopated01,36,NYY,11,26,23,26,26,26,0,0,0,0,0,0,0,0,0,0,0
1954,279,Stan Lopata,/players/l/lopatst01.shtml,lopatst01,28,PHI,7,86,66,86,76,0,75,1,0,0,0,0,0,0,0,12,2
1954,280,Turk Lown,/players/l/lowntu01.shtml,lowntu01,30,CHC,4,16,0,16,15,15,0,0,0,0,0,0,0,0,0,0,1
1954,281,Peanuts Lowrey,/players/l/lowrepe01.shtml,lowrepe01,36,STL,12,74,1,74,12,0,0,0,0,0,0,3,0,10,12,65,2
1954,282,Memo Luna,/players/l/luname01.shtml,luname01,24,STL,1st,1,1,1,1,1,0,0,0,0,0,0,0,0,0,0,0
1954,283,Don Lund,/players/l/lunddo01.shtml,lunddo01,31,DET,7,35,8,35,30,0,0,0,0,0,0,19,2,11,30,12,4
1954,284,Jerry Lynch,/players/l/lynchje01.shtml,lynchje01,23,PIT,1st,98,73,98,83,0,0,0,0,0,0,49,0,37,83,18,3
1954,285,Sal Maglie,/players/m/maglisa01.shtml,maglisa01,37,NYG,6,34,32,34,34,34,0,0,0,0,0,0,0,0,0,0,0
1954,286,Hank Majeski,/players/m/majesha01.shtml,majesha01,37,CLE,12,57,19,57,35,0,0,0,25,10,0,0,0,0,0,28,1
1954,287,Jim Mangan,/players/m/mangaji01.shtml,mangaji01,24,PIT,2,14,5,14,7,0,7,0,0,0,0,0,0,0,0,8,0
1954,288,Mickey Mantle,/players/m/mantlmi01.shtml,mantlmi01,22,NYY,4,146,143,146,145,0,0,0,1,0,4,0,143,1,144,2,0
1954,289,Dick Marlowe,/players/m/marlodi01.shtml,marlodi01,25,DET,4,38,2,38,38,38,0,0,0,0,0,0,0,0,0,0,0
1954,290,Luis Marquez,/players/m/marqulu01.shtml,marqulu01,28,2TM,2,31,3,31,18,0,0,0,0,0,0,5,11,2,18,8,12
1954,291,Connie Marrero,/players/m/marreco01.shtml,marreco01,43,WSH,5,22,8,22,22,22,0,0,0,0,0,0,0,0,0,0,0
1954,292,Fred Marsh,/players/m/marshfr01.shtml,marshfr01,30,CHW,5,62,24,62,41,0,0,2,0,36,3,0,0,1,1,3,26
1954,293,Willard Marshall,/players/m/marshwi01.shtml,marshwi01,33,CHW,10,47,13,47,29,0,0,0,0,0,0,8,0,22,29,21,0
1954,294,Morrie Martin,/players/m/martimo01.shtml,martimo01,31,2TM,5,48,8,48,48,48,0,0,0,0,0,0,0,0,0,0,0
1954,295,Eddie Mathews,/players/m/matheed01.shtml,matheed01,22,MLN,3,138,136,138,136,0,0,0,0,127,0,10,0,0,10,2,0
1954,296,Charlie Maxwell,/players/m/maxwech01.shtml,maxwech01,27,BOS,4,74,18,74,27,0,0,0,0,0,0,21,3,6,27,48,2
1954,297,Willie Mays,/players/m/mayswi01.shtml,mayswi01,23,NYG,3,151,151,151,151,0,0,0,0,0,0,0,151,0,151,0,0
1954,298,Windy McCall,/players/m/mccalwi01.shtml,mccalwi01,28,NYG,4,33,4,33,33,33,0,0,0,0,0,0,0,0,0,0,0
1954,299,Clyde McCullough,/players/m/mcculcl01.shtml,mcculcl01,37,CHC,13,31,20,31,29,0,26,0,0,3,0,0,0,0,0,3,0
1954,300,Mickey McDermott,/players/m/mcdermi03.shtml,mcdermi03,25,WSH,7,54,26,54,30,30,0,0,0,0,0,0,0,0,0,25,0
1954,301,Jim McDonald,/players/m/mcdonji04.shtml,mcdonji04,27,NYY,5,16,10,16,16,16,0,0,0,0,0,0,0,0,0,0,0
1954,302,Gil McDougald,/players/m/mcdougi01.shtml,mcdougi01,26,NYY,4,126,107,126,123,0,0,0,92,35,0,0,0,0,0,6,0
1954,303,Ed McGhee,/players/m/mcgheed01.shtml,mcgheed01,29,2TM,3,63,32,63,47,0,0,0,0,0,0,7,29,11,47,14,6
1954,304,Roy McMillan,/players/m/mcmilro01.shtml,mcmilro01,24,CIN,4,154,154,154,154,0,0,0,0,0,154,0,0,0,0,0,0
1954,305,Sam Mele,/players/m/melesa01.shtml,melesa01,32,2TM,8,114,90,114,96,0,0,22,0,0,0,43,0,37,75,23,0
1954,306,Lloyd Merriman,/players/m/merrill01.shtml,merrill01,29,CIN,4,73,22,73,25,0,0,0,0,0,0,9,0,16,25,49,0
1954,307,George Metkovich,/players/m/metkoca01.shtml,metkoca01,33,MLN,10,68,25,68,30,0,0,18,0,0,0,0,0,13,13,38,2
1954,308,Russ Meyer,/players/m/meyerru01.shtml,meyerru01,30,BRO,9,36,28,36,36,36,0,0,0,0,0,0,0,0,0,0,0
1954,309,Mickey Micelotta,/players/m/micelmi01.shtml,micelmi01,25,PHI,1st,13,0,13,1,0,0,0,0,0,1,0,0,0,0,3,9
1954,310,Cass Michaels,/players/m/michaca01.shtml,michaca01,28,CHW,12,101,80,101,91,0,0,0,2,91,0,0,0,0,0,12,3
1954,311,Eddie Miksis,/players/m/miksied01.shtml,miksied01,27,CHC,10,38,21,38,24,0,0,0,20,3,0,1,0,0,1,11,5
1954,312,Bill Miller,/players/m/millebi04.shtml,millebi04,26,NYY,3,2,1,2,2,2,0,0,0,0,0,0,0,0,0,0,0
1954,313,Bob Miller,/players/m/millebo03.shtml,millebo03,18,DET,2,34,1,34,32,32,0,0,0,0,0,0,0,0,0,0,2
1954,314,Bob Miller,/players/m/millebo02.shtml,millebo02,28,PHI,6,30,16,30,30,30,0,0,0,0,0,0,0,0,0,0,0
1954,315,Stu Miller,/players/m/millest01.shtml,millest01,26,STL,3,20,4,20,19,19,0,0,0,0,0,0,0,0,0,0,1
1954,316,Bob Milliken,/players/m/millibo01.shtml,millibo01,27,BRO,2,24,3,24,24,24,0,0,0,0,0,0,0,0,0,0,0
1954,317,Paul Minner,/players/m/minnepa01.shtml,minnepa01,30,CHC,8,33,29,33,32,32,0,0,0,0,0,0,0,0,0,1,0
1954,318,Minnie Minoso,/players/m/minosmi01.shtml,minosmi01,28,CHW,5,153,151,153,152,0,0,0,0,9,0,123,13,14,146,0,2
1954,319,Willy Miranda,/players/m/miranwi01.shtml,miranwi01,28,NYY,4,92,41,92,91,0,0,0,4,1,89,0,0,0,0,0,10
1954,320,Dale Mitchell,/players/m/mitchda01.shtml,mitchda01,32,CLE,9,53,4,53,7,0,0,1,0,0,0,6,0,0,6,49,0
1954,321,Ramon Monzant,/players/m/monzara01.shtml,monzara01,21,NYG,1st,6,1,6,6,6,0,0,0,0,0,0,0,0,0,0,0
1954,322,Wally Moon,/players/m/moonwa01.shtml,moonwa01,24,STL,1st,151,148,151,148,0,0,0,0,0,0,9,140,0,148,3,0
1954,323,Bobby Morgan,/players/m/morgabo01.shtml,morgabo01,28,PHI,4,135,131,135,135,0,0,0,5,8,129,0,0,0,0,0,0
1954,324,Tom Morgan,/players/m/morgato01.shtml,morgato01,24,NYY,3,32,17,32,32,32,0,0,0,0,0,0,0,0,0,0,0
1954,325,Vern Morgan,/players/m/morgave01.shtml,morgave01,25,CHC,1st,24,15,24,15,0,0,0,0,15,0,0,0,0,0,9,0
1954,326,Moose Morton,/players/m/mortogu02.shtml,mortogu02,23,BOS,1st,1,0,1,0,0,0,0,0,0,0,0,0,0,0,1,0
1954,327,Walt Moryn,/players/m/morynwa01.shtml,morynwa01,28,BRO,1st,48,17,48,20,0,0,0,0,0,0,14,0,6,20,28,0
1954,328,Les Moss,/players/m/mossle01.shtml,mossle01,29,BAL,9,50,31,50,38,0,38,0,0,0,0,0,0,0,0,15,0
1954,329,Don Mossi,/players/m/mossido01.shtml,mossido01,25,CLE,1st,40,5,40,40,40,0,0,0,0,0,0,0,0,0,0,0
1954,330,Ron Mrozinski,/players/m/mroziro01.shtml,mroziro01,23,PHI,1st,15,4,15,15,15,0,0,0,0,0,0,0,0,0,0,0
1954,331,Don Mueller,/players/m/muelldo01.shtml,muelldo01,27,NYG,7,153,152,153,153,0,0,0,0,0,0,0,0,153,153,1,0
1954,332,Dick Murphy,/players/m/murphdi01.shtml,murphdi01,22,CIN,1st,6,0,6,0,0,0,0,0,0,0,0,0,0,0,1,5
1954,333,Ray Murray,/players/m/murrara01.shtml,murrara01,36,BAL,6,22,18,22,21,0,21,0,0,0,0,0,0,0,0,1,0
1954,334,Stan Musial,/players/m/musiast01.shtml,musiast01,33,STL,13,153,153,153,153,0,0,10,0,0,0,10,0,146,152,0,0
1954,335,Hal Naragon,/players/n/naragha01.shtml,naragha01,25,CLE,2,46,33,46,45,0,45,0,0,0,0,0,0,0,0,1,1
1954,336,Ray Narleski,/players/n/narlera01.shtml,narlera01,25,CLE,1st,42,2,42,42,42,0,0,0,0,0,0,0,0,0,0,0
1954,337,Rocky Nelson,/players/n/nelsoro01.shtml,nelsoro01,29,CLE,5,4,0,4,2,0,0,2,0,0,0,0,0,0,0,3,0
1954,338,Don Newcombe,/players/n/newcodo01.shtml,newcodo01,28,BRO,4,31,25,31,29,29,0,0,0,0,0,0,0,0,0,1,2
1954,339,Hal Newhouser,/players/n/newhoha01.shtml,newhoha01,33,CLE,16,26,1,26,26,26,0,0,0,0,0,0,0,0,0,0,0
1954,340,Gus Niarhos,/players/n/niarhgu01.shtml,niarhgu01,33,PHI,8,3,2,3,3,0,3,0,0,0,0,0,0,0,0,0,0
1954,341,Don Nicholas,/players/n/nichodo01.shtml,nichodo01,23,CHW,2,7,0,7,0,0,0,0,0,0,0,0,0,0,0,1,6
1954,342,Chet Nichols,/players/n/nichoch02.shtml,nichoch02,23,MLN,2,35,20,35,35,35,0,0,0,0,0,0,0,0,0,0,0
1954,343,Bob Nieman,/players/n/niemabo01.shtml,niemabo01,27,DET,4,91,60,91,62,0,0,0,0,0,0,62,0,0,62,29,0
1954,344,Willard Nixon,/players/n/nixonwi01.shtml,nixonwi01,26,BOS,5,31,30,31,31,31,0,0,0,0,0,0,0,0,0,0,0
1954,345,Irv Noren,/players/n/norenir01.shtml,norenir01,29,NYY,5,125,108,125,117,0,0,1,0,0,0,55,23,49,116,12,0
1954,346,Joe Nuxhall,/players/n/nuxhajo01.shtml,nuxhajo01,25,CIN,4,36,14,36,35,35,0,0,0,0,0,0,0,0,0,0,1
1954,347,Danny O'Connell,/players/o/o'conda02.shtml,o'conda02,25,MLN,3,146,136,146,142,0,0,8,102,36,1,0,0,0,0,4,1
1954,348,Billy O'Dell,/players/o/o'delbi01.shtml,o'delbi01,21,BAL,1st,7,2,7,7,7,0,0,0,0,0,0,0,0,0,0,0
1954,349,George O'Donnell,/players/o/o'donge01.shtml,o'donge01,25,PIT,1st,21,10,21,21,21,0,0,0,0,0,0,0,0,0,0,0
1954,350,Bob Oldis,/players/o/oldisbo01.shtml,oldisbo01,26,WSH,2,11,8,11,10,0,8,0,0,2,0,0,0,0,0,1,0
1954,351,Karl Olson,/players/o/olsonka01.shtml,olsonka01,23,BOS,3,101,44,101,78,0,0,0,0,0,0,28,36,17,78,23,5
1954,352,Bill Oster,/players/o/osterbi01.shtml,osterbi01,21,PHA,1st,8,1,8,8,8,0,0,0,0,0,0,0,0,0,0,0
1954,353,Mickey Owen,/players/o/owenmi01.shtml,owenmi01,38,BOS,13,32,16,32,30,0,30,0,0,0,0,0,0,0,0,2,2
1954,354,Andy Pafko,/players/p/pafkoan01.shtml,pafkoan01,33,MLN,12,138,136,138,138,0,0,0,0,0,0,0,8,130,138,1,0
1954,355,Joe Page,/players/p/pagejo01.shtml,pagejo01,36,PIT,8,7,0,7,7,7,0,0,0,0,0,0,0,0,0,0,0
1954,356,Phil Paine,/players/p/paineph01.shtml,paineph01,24,MLN,2,11,0,11,11,11,0,0,0,0,0,0,0,0,0,0,0
1954,357,Erv Palica,/players/p/palicer01.shtml,palicer01,26,BRO,8,28,3,28,25,25,0,0,0,0,0,0,0,0,0,0,3
1954,358,Stan Palys,/players/p/palysst01.shtml,palysst01,24,PHI,2,2,1,2,1,0,0,0,0,0,0,0,0,1,1,1,0
1954,359,Mel Parnell,/players/p/parneme01.shtml,parneme01,32,BOS,8,19,15,19,19,19,0,0,0,0,0,0,0,0,0,0,0
1954,360,Camilo Pascual,/players/p/pascuca02.shtml,pascuca02,20,WSH,1st,48,4,48,48,48,0,0,0,0,0,0,0,0,0,0,0
1954,361,Carlos Paula,/players/p/paulaca01.shtml,paulaca01,26,WSH,1st,9,5,9,6,0,0,0,0,0,0,6,0,0,6,3,0
1954,362,Jim Pearce,/players/p/pearcji01.shtml,pearcji01,29,CIN,4,2,1,2,2,2,0,0,0,0,0,0,0,0,0,0,0
1954,363,Eddie Pellagrini,/players/p/pellaed01.shtml,pellaed01,36,PIT,8,73,19,73,39,0,0,0,9,30,1,0,0,0,0,39,2
1954,364,Jim Pendleton,/players/p/pendlji01.shtml,pendlji01,30,MLN,2,71,39,71,50,0,0,0,0,0,0,23,18,11,50,17,10
1954,365,Paul Penson,/players/p/pensopa01.shtml,pensopa01,22,PHI,1st,5,3,5,5,5,0,0,0,0,0,0,0,0,0,0,0
1954,366,Laurin Pepper,/players/p/peppela01.shtml,peppela01,23,PIT,1st,14,8,14,14,14,0,0,0,0,0,0,0,0,0,0,0
1954,367,Harry Perkowski,/players/p/perkoha01.shtml,perkoha01,31,CIN,7,28,12,28,28,28,0,0,0,0,0,0,0,0,0,0,0
1954,368,Johnny Pesky,/players/p/peskyjo01.shtml,peskyjo01,35,2TM,10,69,35,69,38,0,0,0,37,0,1,0,0,0,0,33,0
1954,369,Dave Philley,/players/p/phillda01.shtml,phillda01,34,CLE,10,133,120,133,129,0,0,0,0,0,0,1,0,129,129,4,0
1954,370,Mario Picone,/players/p/piconma01.shtml,piconma01,27,2TM,3,9,1,9,9,9,0,0,0,0,0,0,0,0,0,0,0
1954,371,Billy Pierce,/players/p/piercbi02.shtml,piercbi02,27,CHW,8,38,26,38,36,36,0,0,0,0,0,0,0,0,0,0,2
1954,372,Jim Piersall,/players/p/piersji01.shtml,piersji01,24,BOS,4,133,112,133,126,0,0,0,0,0,0,0,30,96,126,7,6
1954,373,Duane Pillette,/players/p/pilledu01.shtml,pilledu01,31,BAL,6,25,25,25,25,25,0,0,0,0,0,0,0,0,0,0,0
1954,374,Bud Podbielan,/players/p/podbibu01.shtml,podbibu01,30,CIN,6,27,24,27,27,27,0,0,0,0,0,0,0,0,0,0,0
1954,375,Johnny Podres,/players/p/podrejo01.shtml,podrejo01,21,BRO,2,38,21,38,29,29,0,0,0,0,0,0,0,0,0,9,1
1954,376,Tom Poholsky,/players/p/poholto01.shtml,poholto01,24,STL,3,25,13,25,25,25,0,0,0,0,0,0,0,0,0,0,0
1954,377,Howie Pollet,/players/p/polleho01.shtml,polleho01,33,CHC,12,20,20,20,20,20,0,0,0,0,0,0,0,0,0,0,0
1954,378,Dave Pope,/players/p/popeda01.shtml,popeda01,33,CLE,2,60,22,60,30,0,0,0,0,0,0,19,6,5,30,22,12
1954,379,Bob Porterfield,/players/p/portebo01.shtml,portebo01,30,WSH,7,32,31,32,32,32,0,0,0,0,0,0,0,0,0,0,0
1954,380,Arnie Portocarrero,/players/p/portoar01.shtml,portoar01,22,PHA,1st,34,33,34,34,34,0,0,0,0,0,0,0,0,0,0,0
1954,381,Wally Post,/players/p/postwa01.shtml,postwa01,24,CIN,5,130,112,130,116,0,0,0,0,0,0,0,1,115,116,15,0
1954,382,Vic Power,/players/p/powervi01.shtml,powervi01,26,PHA,1st,127,114,127,120,0,0,21,0,1,1,34,56,12,102,8,0
1954,383,Joe Presko,/players/p/preskjo01.shtml,preskjo01,25,STL,4,38,6,38,37,37,0,0,0,0,0,0,0,0,0,0,1
1954,384,Bob Purkey,/players/p/purkebo01.shtml,purkebo01,24,PIT,1st,36,11,36,36,36,0,0,0,0,0,0,0,0,0,0,0
1954,385,John Pyecha,/players/p/pyechjo01.shtml,pyechjo01,22,CHC,1st,1,0,1,1,1,0,0,0,0,0,0,0,0,0,0,0
1954,386,Billy Queen,/players/q/queenbi01.shtml,queenbi01,25,MLN,1st,3,0,3,1,0,0,0,0,0,0,0,0,1,1,2,0
1954,387,Hal Raether,/players/r/raethha01.shtml,raethha01,21,PHA,1st,1,0,1,1,1,0,0,0,0,0,0,0,0,0,0,0
1954,388,Ken Raffensberger,/players/r/raffeke01.shtml,raffeke01,36,CIN,15,6,1,6,6,6,0,0,0,0,0,0,0,0,0,0,0
1954,389,Vic Raschi,/players/r/raschvi01.shtml,raschvi01,35,STL,9,30,29,30,30,30,0,0,0,0,0,0,0,0,0,0,0
1954,390,Pee Wee Reese,/players/r/reesepe01.shtml,reesepe01,35,BRO,12,141,140,141,140,0,0,0,0,0,140,0,0,0,0,1,0
1954,391,Rudy Regalado,/players/r/regalru01.shtml,regalru01,24,CLE,1st,65,45,65,52,0,0,0,2,50,0,0,0,0,0,12,4
1954,392,Bill Renna,/players/r/rennabi01.shtml,rennabi01,29,PHA,2,123,113,123,115,0,0,0,0,0,0,1,1,114,115,10,0
1954,393,Rip Repulski,/players/r/repulri01.shtml,repulri01,25,STL,2,152,149,152,152,0,0,0,0,0,0,137,14,3,152,0,1
1954,394,Allie Reynolds,/players/r/reynoal01.shtml,reynoal01,37,NYY,13,36,18,36,36,36,0,0,0,0,0,0,0,0,0,0,0
1954,395,Dusty Rhodes,/players/r/rhodedu01.shtml,rhodedu01,27,NYG,3,82,32,82,37,0,0,0,0,0,0,34,2,1,37,49,0
1954,396,Del Rice,/players/r/ricede01.shtml,ricede01,31,STL,10,56,45,56,52,0,52,0,0,0,0,0,0,0,0,4,0
1954,397,Hal Rice,/players/r/riceha02.shtml,riceha02,30,2TM,7,79,34,79,48,0,0,0,0,0,0,26,0,24,48,34,3
1954,398,Steve Ridzik,/players/r/ridzist01.shtml,ridzist01,25,PHI,4,35,6,35,35,35,0,0,0,0,0,0,0,0,0,0,0
1954,399,Jim Rivera,/players/r/riverji01.shtml,riverji01,32,CHW,3,145,131,145,143,0,0,0,0,0,0,4,31,124,143,6,3
1954,400,Phil Rizzuto,/players/r/rizzuph01.shtml,rizzuph01,36,NYY,11,127,97,127,127,0,0,0,1,0,126,0,0,0,0,1,7
1954,401,Mel Roach,/players/r/roachme01.shtml,roachme01,21,MLN,2,3,0,3,1,0,0,1,0,0,0,0,0,0,0,2,0
1954,402,Curt Roberts,/players/r/robercu01.shtml,robercu01,24,PIT,1st,134,131,134,131,0,0,0,131,0,0,0,0,0,0,3,0
1954,403,Robin Roberts,/players/r/roberro01.shtml,roberro01,27,PHI,7,45,38,45,45,45,0,0,0,0,0,0,0,0,0,0,0
1954,404,Don Robertson,/players/r/roberdo01.shtml,roberdo01,23,CHC,1st,14,0,14,6,0,0,0,0,0,0,0,0,6,6,4,6
1954,405,Jim Robertson,/players/r/roberji02.shtml,roberji02,26,PHA,1st,63,43,63,50,0,50,0,0,0,0,0,0,0,0,13,0
1954,406,Eddie Robinson,/players/r/robined01.shtml,robined01,33,NYY,10,85,24,85,29,0,0,29,0,0,0,0,0,0,0,58,0
1954,407,Jackie Robinson,/players/r/robinja02.shtml,robinja02,35,BRO,8,124,115,124,116,0,0,0,4,50,0,63,0,1,64,9,0
1954,408,Eric Rodin,/players/r/rodiner01.shtml,rodiner01,24,NYG,1st,5,0,5,3,0,0,0,0,0,0,0,2,1,3,3,1
1954,409,Preacher Roe,/players/r/roepr01.shtml,roepr01,38,BRO,12,15,10,15,15,15,0,0,0,0,0,0,0,0,0,0,0
1954,410,Dutch Romberger,/players/r/rombedu01.shtml,rombedu01,27,PHA,1st,10,0,10,10,10,0,0,0,0,0,0,0,0,0,0,0
1954,411,Al Rosen,/players/r/rosenal01.shtml,rosenal01,30,CLE,8,137,128,137,132,0,0,46,1,87,1,0,0,0,0,8,0
1954,412,Cliff Ross,/players/r/rosscl01.shtml,rosscl01,25,CIN,1st,4,0,4,4,4,0,0,0,0,0,0,0,0,0,0,0
1954,413,Dick Rozek,/players/r/rozekdi01.shtml,rozekdi01,27,PHA,5,2,0,2,2,2,0,0,0,0,0,0,0,0,0,0,0
1954,414,Pete Runnels,/players/r/runnepe01.shtml,runnepe01,26,WSH,4,139,131,139,133,0,0,0,27,0,107,1,0,0,1,6,0
1954,415,Bob Rush,/players/r/rushbo01.shtml,rushbo01,28,CHC,7,33,32,33,33,33,0,0,0,0,0,0,0,0,0,0,0
1954,416,Connie Ryan,/players/r/ryanco01.shtml,ryanco01,34,CIN,12,1,0,1,0,0,0,0,0,0,0,0,0,0,0,1,0
1954,417,Johnny Sain,/players/s/sainjo01.shtml,sainjo01,36,NYY,10,45,0,45,45,45,0,0,0,0,0,0,0,0,0,0,0
1954,418,Ron Samford,/players/s/samforo01.shtml,samforo01,24,NYG,1st,12,2,12,3,0,0,0,3,0,0,0,0,0,0,1,9
1954,419,Jose Santiago,/players/s/santijo01.shtml,santijo01,25,CLE,1st,1,0,1,1,1,0,0,0,0,0,0,0,0,0,0,0
1954,420,Bill Sarni,/players/s/sarnibi01.shtml,sarnibi01,26,STL,3,123,96,123,118,0,118,0,0,0,0,0,0,0,0,7,2
1954,421,Hank Sauer,/players/s/sauerha01.shtml,sauerha01,37,CHC,10,142,141,142,141,0,0,0,0,0,0,14,0,135,141,1,0
1954,422,Moe Savransky,/players/s/savramo01.shtml,savramo01,25,CIN,1st,16,0,16,16,16,0,0,0,0,0,0,0,0,0,0,0
1954,423,Carl Sawatski,/players/s/sawatca01.shtml,sawatca01,26,CHW,4,43,27,43,33,0,33,0,0,0,0,0,0,0,0,13,0
1954,424,Art Schallock,/players/s/schalar01.shtml,schalar01,30,NYY,4,6,1,6,6,6,0,0,0,0,0,0,0,0,0,0,0
1954,425,Carl Scheib,/players/s/scheica01.shtml,scheica01,27,2TM,11,4,2,4,4,4,0,0,0,0,0,0,0,0,0,0,0
1954,426,Danny Schell,/players/s/schelda01.shtml,schelda01,26,PHI,1st,92,64,92,69,0,0,0,0,0,0,60,3,6,69,25,0
1954,427,Johnny Schmitz,/players/s/schmijo01.shtml,schmijo01,33,WSH,11,29,23,29,29,29,0,0,0,0,0,0,0,0,0,0,0
1954,428,Red Schoendienst,/players/s/schoere01.shtml,schoere01,31,STL,10,148,144,148,144,0,0,0,144,0,0,0,0,0,0,4,0
1954,429,Dick Schofield,/players/s/schofdi01.shtml,schofdi01,19,STL,2,44,0,44,11,0,0,0,0,0,11,0,0,0,0,3,38
1954,430,Andy Seminick,/players/s/seminan01.shtml,seminan01,33,CIN,12,86,75,86,82,0,82,0,0,0,0,0,0,0,0,8,0
1954,431,Bill Serena,/players/s/serenbi01.shtml,serenbi01,29,CHC,6,41,12,41,14,0,0,0,2,12,0,0,0,0,0,27,0
1954,432,Billy Shantz,/players/s/shantbi01.shtml,shantbi01,26,PHA,1st,51,49,51,51,0,51,0,0,0,0,0,0,0,0,0,0
1954,433,Bobby Shantz,/players/s/shantbo01.shtml,shantbo01,28,PHA,6,7,1,7,2,2,0,0,0,0,0,0,0,0,0,0,5
1954,434,Spec Shea,/players/s/sheasp01.shtml,sheasp01,33,WSH,7,23,11,23,23,23,0,0,0,0,0,0,0,0,0,0,0
1954,435,Jack Shepard,/players/s/shepaja01.shtml,shepaja01,23,PIT,2,82,62,82,67,0,67,0,0,0,0,0,0,0,0,17,0
1954,436,George Shuba,/players/s/shubage01.shtml,shubage01,29,BRO,6,45,11,45,13,0,0,0,0,0,0,7,0,6,13,33,0
1954,437,Roy Sievers,/players/s/sievero01.shtml,sievero01,27,WSH,6,145,138,145,140,0,0,8,0,0,0,133,0,0,133,6,0
1954,438,Charlie Silvera,/players/s/silvech01.shtml,silvech01,29,NYY,7,20,6,20,18,0,18,0,0,0,0,0,0,0,0,2,0
1954,439,Al Sima,/players/s/simaal01.shtml,simaal01,32,2TM,4,34,8,34,34,34,0,0,0,0,0,0,0,0,0,0,0
1954,440,Curt Simmons,/players/s/simmocu01.shtml,simmocu01,25,PHI,7,38,33,38,34,34,0,0,0,0,0,0,0,0,0,0,4
1954,441,Sibby Sisti,/players/s/sistisi01.shtml,sistisi01,33,MLN,13,9,0,9,0,0,0,0,0,0,0,0,0,0,0,0,9
1954,442,Bob Skinner,/players/s/skinnbo01.shtml,skinnbo01,22,PIT,1st,132,118,132,120,0,0,118,0,0,0,0,0,2,2,12,0
1954,443,Bill Skowron,/players/s/skowrbi01.shtml,skowrbi01,23,NYY,1st,87,59,87,68,0,0,61,2,5,0,0,0,0,0,26,2
1954,444,Enos Slaughter,/players/s/slaugen01.shtml,slaugen01,38,NYY,14,69,22,69,30,0,0,0,0,0,0,2,0,30,30,43,2
1954,445,Roy Smalley,/players/s/smallro01.shtml,smallro01,28,MLN,7,25,5,25,18,0,0,2,7,0,9,0,0,0,0,10,0
1954,446,Al Smith,/players/s/smithal04.shtml,smithal04,26,CLE,2,131,123,131,129,0,0,0,0,21,4,98,0,17,109,3,1
1954,447,Dick Smith,/players/s/smithdi01.shtml,smithdi01,26,PIT,4,12,7,12,9,0,0,0,0,9,0,0,0,0,0,3,0
1954,448,Frank Smith,/players/s/smithfr06.shtml,smithfr06,26,CIN,5,50,0,50,50,50,0,0,0,0,0,0,0,0,0,0,0
1954,449,Duke Snider,/players/s/snidedu01.shtml,snidedu01,27,BRO,8,149,147,149,148,0,0,0,0,0,0,0,148,0,148,2,0
1954,450,Jerry Snyder,/players/s/snydeje01.shtml,snydeje01,24,WSH,3,64,45,64,51,0,0,0,3,0,48,0,0,0,0,1,14
1954,451,Bud Souchock,/players/s/souchst01.shtml,souchst01,35,DET,7,25,5,25,11,0,0,0,0,2,0,9,0,0,9,14,1
1954,452,Warren Spahn,/players/s/spahnwa01.shtml,spahnwa01,33,MLN,10,41,34,41,39,39,0,0,0,0,0,0,0,0,0,0,2
1954,453,George Spencer,/players/s/spencge01.shtml,spencge01,27,NYG,5,6,0,6,6,6,0,0,0,0,0,0,0,0,0,0,0
1954,454,Karl Spooner,/players/s/spoonka01.shtml,spoonka01,23,BRO,1st,2,2,2,2,2,0,0,0,0,0,0,0,0,0,0,0
1954,455,Ebba St. Claire,/players/s/st.cleb01.shtml,st.cleb01,32,NYG,4,20,13,20,16,0,16,0,0,0,0,0,0,0,0,5,0
1954,456,Gerry Staley,/players/s/stalege01.shtml,stalege01,33,STL,8,48,20,48,48,48,0,0,0,0,0,0,0,0,0,0,0
1954,457,Vern Stephens,/players/s/stephve01.shtml,stephve01,33,BAL,14,101,95,101,96,0,0,0,0,96,0,0,0,0,0,5,0
1954,458,Bud Stewart,/players/s/stewabu01.shtml,stewabu01,38,CHW,9,18,0,18,2,0,0,0,0,0,0,0,0,2,2,15,1
1954,459,Bunky Stewart,/players/s/stewabu02.shtml,stewabu02,23,WSH,3,29,2,29,29,29,0,0,0,0,0,0,0,0,0,0,0
1954,460,Chuck Stobbs,/players/s/stobbch01.shtml,stobbch01,24,WSH,8,31,24,31,31,31,0,0,0,0,0,0,0,0,0,0,0
1954,461,Dean Stone,/players/s/stonede01.shtml,stonede01,23,WSH,2,31,23,31,31,31,0,0,0,0,0,0,0,0,0,0,0
1954,462,Dick Strahs,/players/s/strahdi01.shtml,strahdi01,30,CHW,1st,9,0,9,9,9,0,0,0,0,0,0,0,0,0,0,0
1954,463,Walt Streuli,/players/s/streuwa01.shtml,streuwa01,18,DET,1st,1,0,1,1,0,1,0,0,0,0,0,0,0,0,0,0
1954,464,George Strickland,/players/s/stricge01.shtml,stricge01,28,CLE,5,112,108,112,112,0,0,0,0,0,112,0,0,0,0,0,0
1954,465,Marlin Stuart,/players/s/stuarma01.shtml,stuarma01,35,2TM,6,32,0,32,32,32,0,0,0,0,0,0,0,0,0,0,0
1954,466,Pete Suder,/players/s/suderpe01.shtml,suderpe01,38,PHA,12,69,44,69,56,0,0,0,35,20,2,0,0,0,0,14,0
1954,467,Frank Sullivan,/players/s/sullifr01.shtml,sullifr01,24,BOS,2,36,26,36,36,36,0,0,0,0,0,0,0,0,0,0,0
1954,468,Max Surkont,/players/s/surkoma01.shtml,surkoma01,32,PIT,6,33,29,33,33,33,0,0,0,0,0,0,0,0,0,0,0
1954,469,Bob Talbot,/players/t/talbobo01.shtml,talbobo01,27,CHC,2,114,94,114,110,0,0,0,0,0,0,0,110,0,110,2,6
1954,470,El Tappe,/players/t/tappeel01.shtml,tappeel01,27,CHC,1st,46,34,46,46,0,46,0,0,0,0,0,0,0,0,0,1
1954,471,Bill Taylor,/players/t/taylobi03.shtml,taylobi03,24,NYG,1st,55,7,55,9,0,0,0,0,0,0,7,0,2,9,47,0
1954,472,Joe Taylor,/players/t/taylojo01.shtml,taylojo01,28,PHA,1st,18,13,18,16,0,0,0,0,0,0,9,0,8,16,3,1
1954,473,Johnny Temple,/players/t/templjo01.shtml,templjo01,26,CIN,3,146,140,146,144,0,0,0,144,0,0,0,0,0,0,1,2
1954,474,Wayne Terwilliger,/players/t/terwiwa01.shtml,terwiwa01,29,WSH,5,106,86,106,102,0,0,0,90,10,3,0,0,0,0,1,5
1954,475,Jake Thies,/players/t/thiesja01.shtml,thiesja01,28,PIT,1st,33,18,33,33,33,0,0,0,0,0,0,0,0,0,0,0
1954,476,Frank Thomas,/players/t/thomafr03.shtml,thomafr03,25,PIT,4,153,152,153,153,0,0,0,0,0,0,46,111,0,153,1,0
1954,477,Don Thompson,/players/t/thompdo01.shtml,thompdo01,30,BRO,4,34,1,34,29,0,0,0,0,0,0,27,2,0,29,6,4
1954,478,Hank Thompson,/players/t/thompha02.shtml,thompha02,28,NYG,7,136,127,136,131,0,0,0,2,130,0,1,0,0,1,6,0
1954,479,Tim Thompson,/players/t/thompti01.shtml,thompti01,30,BRO,1st,10,2,10,3,0,2,0,0,0,0,1,0,0,1,6,1
1954,480,Bobby Thomson,/players/t/thomsbo01.shtml,thomsbo01,30,MLN,9,43,23,43,26,0,0,0,0,0,0,25,0,1,26,18,2
1954,481,Joe Tipton,/players/t/tiptojo01.shtml,tiptojo01,32,WSH,7,54,51,54,52,0,52,0,0,0,0,0,0,0,0,2,0
1954,482,Dick Tomanek,/players/t/tomandi01.shtml,tomandi01,23,CLE,2,1,0,1,1,1,0,0,0,0,0,0,0,0,0,0,0
1954,483,Earl Torgeson,/players/t/torgeea01.shtml,torgeea01,30,PHI,8,135,131,135,133,0,0,133,0,0,0,0,0,0,0,0,2
1954,484,Bill Tremel,/players/t/tremebi01.shtml,tremebi01,24,CHC,1st,33,0,33,33,33,0,0,0,0,0,0,0,0,0,0,0
1954,485,Gus Triandos,/players/t/triangu01.shtml,triangu01,23,NYY,2,2,0,2,1,0,1,0,0,0,0,0,0,0,0,1,0
1954,486,Bob Trice,/players/t/tricebo01.shtml,tricebo01,27,PHA,2,20,18,20,19,19,0,0,0,0,0,0,0,0,0,0,1
1954,487,Virgil Trucks,/players/t/truckvi01.shtml,truckvi01,37,CHW,13,40,33,40,40,40,0,0,0,0,0,0,0,0,0,0,0
1954,488,Bob Turley,/players/t/turlebo01.shtml,turlebo01,23,BAL,3,35,35,35,35,35,0,0,0,0,0,0,0,0,0,0,0
1954,489,Bill Tuttle,/players/t/tuttlbi01.shtml,tuttlbi01,24,DET,2,147,143,147,145,0,0,0,0,0,0,0,145,0,145,3,0
1954,490,Tom Umphlett,/players/u/umphlto01.shtml,umphlto01,24,WSH,2,114,82,114,101,0,0,0,0,0,0,13,3,86,101,14,4
1954,491,Bill Upton,/players/u/uptonbi01.shtml,uptonbi01,25,PHA,1st,2,0,2,2,2,0,0,0,0,0,0,0,0,0,0,0
1954,492,Corky Valentine,/players/v/valenco01.shtml,valenco01,25,CIN,1st,36,28,36,36,36,0,0,0,0,0,0,0,0,0,0,0
1954,493,Vito Valentinetti,/players/v/valenvi01.shtml,valenvi01,25,CHW,1st,1,0,1,1,1,0,0,0,0,0,0,0,0,0,0,0
1954,494,Elmer Valo,/players/v/valoel01.shtml,valoel01,33,PHA,13,95,56,95,62,0,0,0,0,0,0,34,0,30,62,34,1
1954,495,Ozzie Van Brabant,/players/v/vanbroz01.shtml,vanbroz01,27,PHA,1st,9,2,9,9,9,0,0,0,0,0,0,0,0,0,0,0
1954,496,Mickey Vernon,/players/v/vernomi01.shtml,vernomi01,36,WSH,14,151,148,151,148,0,0,148,0,0,0,0,0,0,0,3,0
1954,497,Clyde Vollmer,/players/v/vollmcl01.shtml,vollmcl01,32,WSH,10,62,21,62,26,0,0,0,0,0,0,5,0,21,26,38,0
1954,498,Ben Wade,/players/w/wadebe01.shtml,wadebe01,31,2TM,4,36,0,36,36,36,0,0,0,0,0,0,0,0,0,0,0
1954,499,Eddie Waitkus,/players/w/waitked01.shtml,waitked01,34,BAL,10,95,76,95,78,0,0,78,0,0,0,0,0,0,0,17,0
1954,500,Rube Walker,/players/w/walkeru01.shtml,walkeru01,28,BRO,7,50,46,50,46,0,46,0,0,0,0,0,0,0,0,4,0
1954,501,Preston Ward,/players/w/wardpr01.shtml,wardpr01,26,PIT,4,117,91,117,98,0,0,47,0,12,0,0,0,42,42,21,1
1954,502,Herm Wehmeier,/players/w/wehmehe01.shtml,wehmehe01,27,2TM,9,38,20,38,37,37,0,0,0,0,0,0,0,0,0,0,1
1954,503,Dick Weik,/players/w/weikdi01.shtml,weikdi01,26,DET,5,9,1,9,9,9,0,0,0,0,0,0,0,0,0,0,0
1954,504,Bill Werle,/players/w/werlebi01.shtml,werlebi01,33,BOS,6,14,0,14,14,14,0,0,0,0,0,0,0,0,0,0,0
1954,505,Vic Wertz,/players/w/wertzvi01.shtml,wertzvi01,29,2TM,8,123,110,123,114,0,0,83,0,0,0,2,0,30,32,9,0
1954,506,Wally Westlake,/players/w/westlwa01.shtml,westlwa01,33,CLE,8,85,60,85,71,0,0,0,0,0,0,50,10,14,71,13,5
1954,507,Wes Westrum,/players/w/westrwe01.shtml,westrwe01,31,NYG,8,98,83,98,98,0,98,0,0,0,0,0,0,0,0,0,0
1954,508,Lee Wheat,/players/w/wheatle01.shtml,wheatle01,24,PHA,1st,8,1,8,8,8,0,0,0,0,0,0,0,0,0,0,0
1954,509,Charlie White,/players/w/whitech02.shtml,whitech02,26,MLN,1st,50,16,50,28,0,28,0,0,0,0,0,0,0,0,31,0
1954,510,Hal White,/players/w/whiteha01.shtml,whiteha01,35,STL,12,4,0,4,4,4,0,0,0,0,0,0,0,0,0,0,0
1954,511,Sammy White,/players/w/whitesa02.shtml,whitesa02,26,BOS,4,137,124,137,133,0,133,0,0,0,0,0,0,0,0,5,2
1954,512,Bob Wiesler,/players/w/wieslbo01.shtml,wieslbo01,23,NYY,2,6,5,6,6,6,0,0,0,0,0,0,0,0,0,0,0
1954,513,Del Wilber,/players/w/wilbede01.shtml,wilbede01,35,BOS,8,24,16,24,18,0,18,0,0,0,0,0,0,0,0,6,0
1954,514,Hoyt Wilhelm,/players/w/wilheho01.shtml,wilheho01,31,NYG,3,57,0,57,57,57,0,0,0,0,0,0,0,0,0,0,0
1954,515,Davey Williams,/players/w/willida03.shtml,willida03,26,NYG,5,142,141,142,142,0,0,0,142,0,0,0,0,0,0,1,0
1954,516,Dick Williams,/players/w/willidi02.shtml,willidi02,25,BRO,4,16,7,16,14,0,0,0,0,0,0,13,2,0,14,3,1
1954,517,Ted Williams,/players/w/willite01.shtml,willite01,35,BOS,13,117,113,117,115,0,0,0,0,0,0,115,0,0,115,4,0
1954,518,Jim Willis,/players/w/williji02.shtml,williji02,27,CHC,2,14,1,14,14,14,0,0,0,0,0,0,0,0,0,0,0
1954,519,Bill Wilson,/players/w/wilsobi02.shtml,wilsobi02,25,2TM,3,114,102,114,110,0,0,0,0,0,0,12,91,7,110,6,0
1954,520,Jim Wilson,/players/w/wilsoji02.shtml,wilsoji02,32,MLN,8,27,19,27,27,27,0,0,0,0,0,0,0,0,0,0,0
1954,521,Red Wilson,/players/w/wilsore01.shtml,wilsore01,25,2TM,4,62,56,62,61,0,61,0,0,0,0,0,0,0,0,1,0
1954,522,Pete Wojey,/players/w/wojeype01.shtml,wojeype01,34,BRO,1st,14,1,14,14,14,0,0,0,0,0,0,0,0,0,0,0
1954,523,Gene Woodling,/players/w/woodlge01.shtml,woodlge01,31,NYY,9,97,82,97,89,0,0,0,0,0,0,89,0,0,89,13,0
1954,524,Al Worthington,/players/w/worthal01.shtml,worthal01,25,NYG,2,10,1,10,10,10,0,0,0,0,0,0,0,0,0,0,0
1954,525,Mel Wright,/players/w/wrighme01.shtml,wrighme01,26,STL,1st,9,0,9,9,9,0,0,0,0,0,0,0,0,0,0,0
1954,526,Tom Wright,/players/w/wrighto01.shtml,wrighto01,30,WSH,7,76,38,76,43,0,0,0,0,0,0,15,0,28,43,37,0
1954,527,Early Wynn,/players/w/wynnea01.shtml,wynnea01,34,CLE,14,40,36,40,40,40,0,0,0,0,0,0,0,0,0,0,0
1954,528,Johnny Wyrostek,/players/w/wyrosjo01.shtml,wyrosjo01,34,PHI,11,92,69,92,77,0,0,22,0,0,0,6,0,49,55,19,0
1954,529,Len Yochim,/players/y/yochile01.shtml,yochile01,25,PIT,2,10,1,10,10,10,0,0,0,0,0,0,0,0,0,0,0
1954,530,Eddie Yost,/players/y/yosted01.shtml,yosted01,27,WSH,10,155,148,155,155,0,0,0,0,155,0,0,0,0,0,0,0
1954,531,Bobby Young,/players/y/youngbo01.shtml,youngbo01,29,BAL,5,130,118,130,127,0,0,0,127,0,0,0,0,0,0,8,0
1954,532,Sal Yvars,/players/y/yvarssa01.shtml,yvarssa01,30,STL,8,38,12,38,21,0,21,0,0,0,0,0,0,0,0,19,0
1954,533,Gus Zernial,/players/z/zernigu01.shtml,zernigu01,31,PHA,6,97,87,97,91,0,0,2,0,0,0,90,0,0,90,7,0
1954,534,Bob Zick,/players/z/zickbo01.shtml,zickbo01,27,CHC,1st,11,0,11,8,8,0,0,0,0,0,0,0,0,0,0,3
1954,535,Don Zimmer,/players/z/zimmedo01.shtml,zimmedo01,23,BRO,1st,24,8,24,13,0,0,0,0,0,13,0,0,0,0,4,8
1954,536,George Zuverink,/players/z/zuverge01.shtml,zuverge01,29,2TM,3,37,25,37,37,37,0,0,0,0,0,0,0,0,0,0,0
