1969,1,Hank Aaron,/players/a/aaronha01.shtml,aaronha01,35,ATL,16,147,145,147,145,0,0,4,0,0,0,0,0,144,144,2,0
1969,2,Tommie Aaron,/players/a/aaronto01.shtml,aaronto01,29,ATL,5,49,8,49,24,0,0,16,0,0,0,8,0,0,8,24,3
1969,3,Ted Abernathy,/players/a/abernte02.shtml,abernte02,36,CHC,11,56,0,56,56,56,0,0,0,0,0,0,0,0,0,0,0
1969,4,Jerry Adair,/players/a/adairje01.shtml,adairje01,32,KCR,12,126,113,126,118,0,0,0,109,1,8,0,0,0,0,9,0
1969,5,Doug Adams,/players/a/adamsdo01.shtml,adamsdo01,26,CHW,1st,8,3,8,4,0,4,0,0,0,0,0,0,0,0,5,0
1969,6,Mike Adamson,/players/a/adamsmi01.shtml,adamsmi01,21,BAL,3,6,0,6,6,6,0,0,0,0,0,0,0,0,0,0,0
1969,7,Tommie Agee,/players/a/ageeto01.shtml,ageeto01,26,NYM,8,149,141,149,146,0,0,0,0,0,0,0,142,9,146,3,0
1969,8,Hank Aguirre,/players/a/aguirha01.shtml,aguirha01,38,CHC,15,41,0,41,41,41,0,0,0,0,0,0,0,0,0,0,0
1969,9,Jack Aker,/players/a/akerja01.shtml,akerja01,28,2TM,6,53,0,53,53,53,0,0,0,0,0,0,0,0,0,0,0
1969,10,Luis Alcaraz,/players/a/alcarlu01.shtml,alcarlu01,28,KCR,3,22,21,22,22,0,0,0,19,2,1,0,0,0,0,1,0
1969,11,Bernie Allen,/players/a/allenbe01.shtml,allenbe01,30,WSA,8,122,105,122,114,0,0,0,110,6,0,0,0,0,0,14,0
1969,12,Dick Allen,/players/a/allendi01.shtml,allendi01,27,PHI,7,118,117,118,117,0,0,117,0,0,0,0,0,0,0,1,0
1969,13,Hank Allen,/players/a/allenha02.shtml,allenha02,28,WSA,4,109,56,109,96,0,0,0,3,6,0,49,17,44,91,27,9
1969,14,Lloyd Allen,/players/a/allenll01.shtml,allenll01,19,CAL,1st,4,1,4,4,4,0,0,0,0,0,0,0,0,0,0,0
1969,15,Gene Alley,/players/a/alleyge01.shtml,alleyge01,28,PIT,7,82,71,82,77,0,0,0,53,5,25,0,0,0,0,8,0
1969,16,Bob Allison,/players/a/allisbo01.shtml,allisbo01,34,MIN,12,81,53,81,60,0,0,3,0,0,0,58,0,2,58,25,1
1969,17,Sandy Alomar,/players/a/alomasa01.shtml,alomasa01,25,2TM,6,156,151,156,156,0,0,0,156,0,0,0,0,0,0,0,3
1969,18,Felipe Alou,/players/a/aloufe01.shtml,aloufe01,34,ATL,12,123,109,123,117,0,0,0,0,0,0,3,100,16,117,7,1
1969,19,Jesus Alou,/players/a/alouje01.shtml,alouje01,27,HOU,7,115,108,115,112,0,0,0,0,0,0,65,0,58,112,6,0
1969,20,Matty Alou,/players/a/alouma01.shtml,alouma01,30,PIT,10,162,161,162,162,0,0,0,0,0,0,1,162,0,162,0,0
1969,21,Luis Alvarado,/players/a/alvarlu01.shtml,alvarlu01,20,BOS,2,7,1,7,5,0,0,0,0,0,5,0,0,0,0,1,2
1969,22,Max Alvis,/players/a/alvisma01.shtml,alvisma01,31,CLE,8,66,51,66,58,0,0,0,0,58,1,0,0,0,0,9,0
1969,23,Brant Alyea,/players/a/alyeabr01.shtml,alyeabr01,28,WSA,3,104,56,104,70,0,0,3,0,0,0,36,0,36,69,47,0
1969,24,Ruben Amaro,/players/a/amaroru01.shtml,amaroru01,33,CAL,11,41,5,41,31,0,0,18,8,2,5,0,0,0,0,10,2
1969,25,Mike Andrews,/players/a/andremi01.shtml,andremi01,25,BOS,4,121,120,121,120,0,0,0,120,0,0,0,0,0,0,1,0
1969,26,Luis Aparicio,/players/a/aparilu01.shtml,aparilu01,35,CHW,14,156,153,156,154,0,0,0,0,0,154,0,0,0,0,1,2
1969,27,Jose Arcia,/players/a/arciajo01.shtml,arciajo01,25,SDP,2,120,79,120,114,0,0,1,68,8,37,4,0,0,4,1,29
1969,28,Steve Arlin,/players/a/arlinst01.shtml,arlinst01,23,SDP,1st,4,1,4,4,4,0,0,0,0,0,0,0,0,0,0,0
1969,29,Gerry Arrigo,/players/a/arrigge01.shtml,arrigge01,28,CIN,9,20,16,20,20,20,0,0,0,0,0,0,0,0,0,0,0
1969,30,Bob Aspromonte,/players/a/asprobo01.shtml,asprobo01,31,ATL,11,82,43,82,65,0,0,0,2,23,18,24,0,0,24,27,2
1969,31,Joe Azcue,/players/a/azcuejo01.shtml,azcuejo01,29,3TM,9,106,95,106,105,0,105,0,0,0,0,0,0,0,0,4,1
1969,32,Stan Bahnsen,/players/b/bahnsst01.shtml,bahnsst01,24,NYY,3,40,33,40,40,40,0,0,0,0,0,0,0,0,0,0,0
1969,33,Bob Bailey,/players/b/bailebo01.shtml,bailebo01,26,MON,8,111,95,111,98,0,0,85,0,1,0,12,0,0,12,15,0
1969,34,Dusty Baker,/players/b/bakerdu01.shtml,bakerdu01,20,ATL,2,3,2,3,3,0,0,0,0,0,0,1,2,0,3,0,0
1969,35,Frank Baker,/players/b/bakerfr02.shtml,bakerfr02,25,CLE,1st,52,44,52,47,0,0,0,0,0,0,46,1,0,47,8,0
1969,36,Jack Baldschun,/players/b/baldsja01.shtml,baldsja01,32,SDP,8,61,0,61,61,61,0,0,0,0,0,0,0,0,0,0,0
1969,37,Dave Baldwin,/players/b/baldwda01.shtml,baldwda01,31,WSA,4,43,0,43,43,43,0,0,0,0,0,0,0,0,0,0,0
1969,38,Sal Bando,/players/b/bandosa01.shtml,bandosa01,25,OAK,4,162,162,162,162,0,0,0,0,162,0,0,0,0,0,0,0
1969,39,Dick Baney,/players/b/baneydi01.shtml,baneydi01,22,SEP,1st,9,1,9,9,9,0,0,0,0,0,0,0,0,0,0,0
1969,40,Ernie Banks,/players/b/bankser01.shtml,bankser01,38,CHC,17,155,147,155,153,0,0,153,0,0,0,0,0,0,0,6,0
1969,41,Steve Barber,/players/b/barbest01.shtml,barbest01,31,SEP,10,25,16,25,25,25,0,0,0,0,0,0,0,0,0,0,0
1969,42,Rich Barry,/players/b/barryri01.shtml,barryri01,28,PHI,1st,20,5,20,9,0,0,0,0,0,0,9,0,0,9,13,0
1969,43,Bob Barton,/players/b/bartobo01.shtml,bartobo01,27,SFG,5,49,33,49,49,0,49,0,0,0,0,0,0,0,0,0,0
1969,44,John Bateman,/players/b/batemjo01.shtml,batemjo01,28,MON,7,74,64,74,66,0,66,0,0,0,0,0,0,0,0,8,0
1969,45,Dick Bates,/players/b/batesdi01.shtml,batesdi01,23,SEP,1st,1,0,1,1,1,0,0,0,0,0,0,0,0,0,0,0
1969,46,Jim Beauchamp,/players/b/beaucji01.shtml,beaucji01,29,CIN,6,43,7,43,12,0,0,3,0,0,0,5,4,0,9,35,0
1969,47,Glenn Beckert,/players/b/beckegl01.shtml,beckegl01,28,CHC,5,131,129,131,129,0,0,0,129,0,0,0,0,0,0,2,0
1969,48,Fred Beene,/players/b/beenefr01.shtml,beenefr01,26,BAL,2,2,0,2,2,2,0,0,0,0,0,0,0,0,0,0,0
1969,49,Mark Belanger,/players/b/belanma01.shtml,belanma01,25,BAL,5,150,144,150,148,0,0,0,0,0,148,0,0,0,0,3,0
1969,50,Bo Belinsky,/players/b/belinbo01.shtml,belinbo01,32,PIT,7,8,3,8,8,8,0,0,0,0,0,0,0,0,0,0,0
1969,51,Gary Bell,/players/b/bellga01.shtml,bellga01,32,2TM,12,36,13,36,36,36,0,0,0,0,0,0,0,0,0,0,0
1969,52,Johnny Bench,/players/b/benchjo01.shtml,benchjo01,21,CIN,3,148,135,148,147,0,147,0,0,0,0,0,0,0,0,11,0
1969,53,Ken Berry,/players/b/berryke01.shtml,berryke01,28,CHW,8,130,82,130,120,0,0,0,0,0,0,2,116,2,120,3,20
1969,54,Frank Bertaina,/players/b/bertafr01.shtml,bertafr01,25,2TM,6,17,5,17,17,17,0,0,0,0,0,0,0,0,0,0,0
1969,55,Jack Billingham,/players/b/billija01.shtml,billija01,26,HOU,2,52,4,52,52,52,0,0,0,0,0,0,0,0,0,0,0
1969,56,Dick Billings,/players/b/billidi01.shtml,billidi01,26,WSA,2,27,7,27,7,0,0,0,0,1,0,5,1,0,6,17,3
1969,57,Rick Bladt,/players/b/bladtri01.shtml,bladtri01,22,CHC,1st,10,4,10,7,0,0,0,0,0,0,2,5,1,7,1,4
1969,58,Paul Blair,/players/b/blairpa01.shtml,blairpa01,25,BAL,6,150,149,150,150,0,0,0,0,0,0,0,150,0,150,1,0
1969,59,Wade Blasingame,/players/b/blasiwa01.shtml,blasiwa01,25,HOU,7,27,5,27,26,26,0,0,0,0,0,0,0,0,0,0,1
1969,60,Steve Blass,/players/b/blassst01.shtml,blassst01,27,PIT,5,44,32,44,38,38,0,0,0,0,0,0,0,0,0,0,6
1969,61,Curt Blefary,/players/b/blefacu01.shtml,blefacu01,25,HOU,5,155,150,155,153,0,0,152,0,0,0,1,0,0,1,4,0
1969,62,Ron Blomberg,/players/b/blombro01.shtml,blombro01,20,NYY,1st,4,2,4,2,0,0,0,0,0,0,2,0,0,2,2,0
1969,63,Vida Blue,/players/b/bluevi01.shtml,bluevi01,19,OAK,1st,12,4,12,12,12,0,0,0,0,0,0,0,0,0,0,0
1969,64,Randy Bobb,/players/b/bobbra01.shtml,bobbra01,21,CHC,2,3,1,3,2,0,2,0,0,0,0,0,0,0,0,1,0
1969,65,John Boccabella,/players/b/boccajo01.shtml,boccajo01,28,MON,7,40,19,40,32,0,32,0,0,0,0,0,0,0,0,9,0
1969,66,Len Boehmer,/players/b/boehmle01.shtml,boehmle01,28,NYY,2,45,24,45,29,0,0,21,1,8,1,0,0,0,0,18,0
1969,67,Bobby Bolin,/players/b/bolinbo01.shtml,bolinbo01,30,SFG,9,30,22,30,30,30,0,0,0,0,0,0,0,0,0,0,0
1969,68,Bobby Bonds,/players/b/bondsbo01.shtml,bondsbo01,23,SFG,2,158,154,158,155,0,0,0,0,0,0,0,76,101,155,1,2
1969,69,John Boozer,/players/b/boozejo01.shtml,boozejo01,30,PHI,7,46,2,46,46,46,0,0,0,0,0,0,0,0,0,0,0
1969,70,Pedro Borbon,/players/b/borbope01.shtml,borbope01,22,CAL,1st,22,0,22,22,22,0,0,0,0,0,0,0,0,0,0,0
1969,71,Don Bosch,/players/b/boschdo01.shtml,boschdo01,26,MON,4,49,22,49,32,0,0,0,0,0,0,2,29,1,32,16,4
1969,72,Dick Bosman,/players/b/bosmadi01.shtml,bosmadi01,25,WSA,4,32,26,32,31,31,0,0,0,0,0,0,0,0,0,0,1
1969,73,Dave Boswell,/players/b/bosweda01.shtml,bosweda01,24,MIN,6,40,38,40,39,39,0,0,0,0,0,0,0,0,0,0,1
1969,74,Ken Boswell,/players/b/bosweke01.shtml,bosweke01,23,NYM,3,102,91,102,96,0,0,0,96,0,0,0,0,0,0,10,1
1969,75,Jim Bouton,/players/b/boutoji01.shtml,boutoji01,30,2TM,8,73,2,73,73,73,0,0,0,0,0,0,0,0,0,0,0
1969,76,Sam Bowens,/players/b/bowensa01.shtml,bowensa01,31,WSA,7,33,13,33,30,0,0,0,0,0,0,6,3,22,30,4,6
1969,77,Gary Boyd,/players/b/boydga01.shtml,boydga01,22,CLE,1st,8,3,8,8,8,0,0,0,0,0,0,0,0,0,0,0
1969,78,Clete Boyer,/players/b/boyercl02.shtml,boyercl02,32,ATL,14,144,135,144,141,0,0,0,0,141,0,0,0,0,0,3,0
1969,79,Ken Boyer,/players/b/boyerke01.shtml,boyerke01,38,LAD,15,25,4,25,4,0,0,4,0,0,0,0,0,0,0,21,0
1969,80,Gene Brabender,/players/b/brabege01.shtml,brabege01,27,SEP,4,41,29,41,40,40,0,0,0,0,0,0,0,0,0,1,0
1969,81,Buddy Bradford,/players/b/bradfbu01.shtml,bradfbu01,24,CHW,4,93,73,93,88,0,0,0,0,0,0,0,48,59,88,6,9
1969,82,Tom Bradley,/players/b/bradlto01.shtml,bradlto01,22,CAL,1st,3,0,3,3,3,0,0,0,0,0,0,0,0,0,0,0
1969,83,Ron Brand,/players/b/brandro01.shtml,brandro01,29,MON,6,103,79,103,86,0,84,0,0,0,0,1,1,0,2,17,5
1969,84,Bucky Brandon,/players/b/brandbu01.shtml,brandbu01,28,2TM,4,11,1,11,11,11,0,0,0,0,0,0,0,0,0,0,0
1969,85,Angel Bravo,/players/b/bravoan01.shtml,bravoan01,26,CHW,1st,27,23,27,25,0,0,0,0,0,0,2,24,3,25,2,2
1969,86,Jim Breazeale,/players/b/breazji01.shtml,breazji01,19,ATL,1st,2,0,2,1,0,0,1,0,0,0,0,0,0,0,1,0
1969,87,Danny Breeden,/players/b/breedda01.shtml,breedda01,27,CIN,1st,3,3,3,3,0,3,0,0,0,0,0,0,0,0,0,0
1969,88,Ken Brett,/players/b/brettke01.shtml,brettke01,20,BOS,2,8,8,8,8,8,0,0,0,0,0,0,0,0,0,0,0
1969,89,Jim Brewer,/players/b/breweji01.shtml,breweji01,31,LAD,10,59,0,59,59,59,0,0,0,0,0,0,0,0,0,0,0
1969,90,John Briggs,/players/b/briggjo02.shtml,briggjo02,25,PHI,6,124,91,124,110,0,0,2,0,0,0,76,32,12,108,19,2
1969,91,Nelson Briles,/players/b/brilene01.shtml,brilene01,25,STL,5,36,33,36,36,36,0,0,0,0,0,0,0,0,0,0,0
1969,92,Chuck Brinkman,/players/b/brinkch01.shtml,brinkch01,24,CHW,1st,14,3,14,14,0,14,0,0,0,0,0,0,0,0,1,1
1969,93,Ed Brinkman,/players/b/brinked01.shtml,brinked01,27,WSA,9,151,149,151,150,0,0,0,0,0,150,0,0,0,0,1,0
1969,94,Jim Britton,/players/b/brittji02.shtml,brittji02,25,ATL,3,24,13,24,24,24,0,0,0,0,0,0,0,0,0,0,0
1969,95,Lou Brock,/players/b/brocklo01.shtml,brocklo01,30,STL,9,157,154,157,157,0,0,0,0,0,0,157,0,0,157,2,0
1969,96,Bobby Brooks,/players/b/brookbo01.shtml,brookbo01,23,OAK,1st,29,21,29,21,0,0,0,0,0,0,16,0,5,21,7,1
1969,97,Frank Brosseau,/players/b/brossfr01.shtml,brossfr01,24,PIT,1st,2,0,2,2,2,0,0,0,0,0,0,0,0,0,0,0
1969,98,Gates Brown,/players/b/brownga01.shtml,brownga01,30,DET,7,60,14,60,14,0,0,0,0,0,0,14,0,0,14,46,0
1969,99,Ike Brown,/players/b/brownik01.shtml,brownik01,27,DET,1st,70,50,70,60,0,0,0,44,13,1,1,0,2,3,15,1
1969,100,Larry Brown,/players/b/brownla01.shtml,brownla01,29,CLE,7,131,117,131,129,0,0,0,5,28,101,0,0,0,0,6,0
1969,101,Ollie Brown,/players/b/brownol02.shtml,brownol02,25,SDP,5,151,148,151,148,0,0,0,0,0,0,0,0,148,148,3,0
1969,102,Oscar Brown,/players/b/brownos01.shtml,brownos01,23,ATL,1st,7,0,7,3,0,0,0,0,0,0,0,2,1,3,1,3
1969,103,Randy Brown,/players/b/brownra02.shtml,brownra02,25,CAL,1st,13,6,13,10,0,10,0,0,0,0,0,0,0,0,5,0
1969,104,Byron Browne,/players/b/brownby01.shtml,brownby01,26,STL,5,22,14,22,16,0,0,0,0,0,0,5,5,8,16,7,0
1969,105,George Brunet,/players/b/brunege01.shtml,brunege01,34,2TM,13,35,30,35,35,35,0,0,0,0,0,0,0,0,0,0,0
1969,106,Don Bryant,/players/b/bryando01.shtml,bryando01,27,HOU,2,31,18,31,28,0,28,0,0,0,0,0,0,0,0,5,0
1969,107,Ron Bryant,/players/b/bryanro01.shtml,bryanro01,21,SFG,2,16,8,16,16,16,0,0,0,0,0,0,0,0,0,0,0
1969,108,Bill Buckner,/players/b/bucknbi01.shtml,bucknbi01,19,LAD,1st,1,0,1,0,0,0,0,0,0,0,0,0,0,0,1,0
1969,109,Don Buford,/players/b/bufordo01.shtml,bufordo01,32,BAL,7,144,139,144,139,0,0,0,11,6,0,128,0,0,128,5,0
1969,110,Wally Bunker,/players/b/bunkewa01.shtml,bunkewa01,24,KCR,7,35,31,35,35,35,0,0,0,0,0,0,0,0,0,0,0
1969,111,Jim Bunning,/players/b/bunniji01.shtml,bunniji01,37,2TM,15,34,34,34,34,34,0,0,0,0,0,0,0,0,0,0,0
1969,112,Bill Burbach,/players/b/burbabi01.shtml,burbabi01,21,NYY,1st,31,24,31,31,31,0,0,0,0,0,0,0,0,0,0,0
1969,113,Larry Burchart,/players/b/burchla01.shtml,burchla01,23,CLE,1st,29,0,29,29,29,0,0,0,0,0,0,0,0,0,0,0
1969,114,Bob Burda,/players/b/burdabo01.shtml,burdabo01,30,SFG,4,97,23,97,62,0,0,45,0,0,0,5,0,15,19,43,3
1969,115,Tom Burgmeier,/players/b/burgmto01.shtml,burgmto01,25,KCR,2,47,0,47,32,31,0,0,0,0,0,0,0,1,1,3,16
1969,116,Bill Butler,/players/b/butlebi02.shtml,butlebi02,22,KCR,1st,34,29,34,34,34,0,0,0,0,0,0,0,0,0,0,0
1969,117,Johnny Callison,/players/c/callijo01.shtml,callijo01,30,PHI,12,134,128,134,129,0,0,0,0,0,0,0,0,129,129,6,0
1969,118,Doug Camilli,/players/c/camildo02.shtml,camildo02,32,WSA,9,1,0,1,1,0,1,0,0,0,0,0,0,0,0,0,0
1969,119,Lou Camilli,/players/c/camillo01.shtml,camillo01,22,CLE,1st,13,2,13,13,0,0,0,0,13,0,0,0,0,0,0,1
1969,120,Bert Campaneris,/players/c/campabe01.shtml,campabe01,27,OAK,6,135,125,135,125,0,0,0,0,0,125,0,0,0,0,5,5
1969,121,Jim Campanis,/players/c/campaji01.shtml,campaji01,25,KCR,4,30,21,30,26,0,26,0,0,0,0,0,0,0,0,7,0
1969,122,Dave Campbell,/players/c/campbda01.shtml,campbda01,27,DET,3,32,5,32,16,0,0,13,5,1,0,0,0,0,0,16,2
1969,123,Sal Campisi,/players/c/campisa01.shtml,campisa01,26,STL,1st,7,0,7,7,7,0,0,0,0,0,0,0,0,0,0,0
1969,124,Chris Cannizzaro,/players/c/cannich01.shtml,cannich01,31,SDP,8,134,128,134,132,0,132,0,0,0,0,0,0,0,0,3,0
1969,125,Bernie Carbo,/players/c/carbobe01.shtml,carbobe01,21,CIN,1st,4,0,4,0,0,0,0,0,0,0,0,0,0,0,3,1
1969,126,Jose Cardenal,/players/c/cardejo02.shtml,cardejo02,25,CLE,7,146,136,146,143,0,0,0,0,6,0,1,141,0,142,4,2
1969,127,Leo Cardenas,/players/c/cardele01.shtml,cardele01,30,MIN,10,160,159,160,160,0,0,0,0,0,160,0,0,0,0,0,0
1969,128,Don Cardwell,/players/c/cardwdo01.shtml,cardwdo01,33,NYM,13,30,21,30,30,30,0,0,0,0,0,0,0,0,0,0,0
1969,129,Rod Carew,/players/c/carewro01.shtml,carewro01,23,MIN,3,123,106,123,118,0,0,0,118,0,0,0,0,0,0,8,1
1969,130,Cisco Carlos,/players/c/carloci01.shtml,carloci01,28,2TM,3,31,8,31,31,31,0,0,0,0,0,0,0,0,0,0,0
1969,131,Steve Carlton,/players/c/carltst01.shtml,carltst01,24,STL,5,32,31,32,31,31,0,0,0,0,0,0,0,0,0,0,1
1969,132,Clay Carroll,/players/c/carrocl02.shtml,carrocl02,28,CIN,6,71,4,71,71,71,0,0,0,0,0,0,0,0,0,0,0
1969,133,Rico Carty,/players/c/cartyri01.shtml,cartyri01,29,ATL,6,104,79,104,79,0,0,0,0,0,0,79,0,0,79,25,0
1969,134,Paul Casanova,/players/c/casanpa01.shtml,casanpa01,27,WSA,5,124,106,124,122,0,122,0,0,0,0,0,0,0,0,6,0
1969,135,Dave Cash,/players/c/cashda01.shtml,cashda01,21,PIT,1st,18,17,18,17,0,0,0,17,0,0,0,0,0,0,0,1
1969,136,Norm Cash,/players/c/cashno01.shtml,cashno01,34,DET,12,142,127,142,134,0,0,134,0,0,0,0,0,0,0,12,0
1969,137,Danny Cater,/players/c/caterda01.shtml,caterda01,29,OAK,6,152,139,152,145,0,0,132,4,0,0,19,0,1,20,10,1
1969,138,Orlando Cepeda,/players/c/cepedor01.shtml,cepedor01,31,ATL,12,154,152,154,153,0,0,153,0,0,0,0,0,0,0,2,0
1969,139,Bill Champion,/players/c/champbi01.shtml,champbi01,21,PHI,1st,23,20,23,23,23,0,0,0,0,0,0,0,0,0,0,0
1969,140,Bob Chance,/players/c/chancbo01.shtml,chancbo01,28,CAL,6,5,1,5,1,0,0,1,0,0,0,0,0,0,0,4,0
1969,141,Dean Chance,/players/c/chancde01.shtml,chancde01,28,MIN,9,20,15,20,20,20,0,0,0,0,0,0,0,0,0,0,0
1969,142,Darrel Chaney,/players/c/chaneda01.shtml,chaneda01,21,CIN,1st,93,65,93,91,0,0,0,0,0,91,0,0,0,0,0,4
1969,143,Ed Charles,/players/c/charled01.shtml,charled01,36,NYM,8,61,45,61,52,0,0,0,0,52,0,0,0,0,0,14,0
1969,144,Bob Christian,/players/c/chrisbo01.shtml,chrisbo01,23,CHW,2,39,36,39,38,0,0,0,0,0,0,37,0,1,38,2,1
1969,145,Galen Cisco,/players/c/ciscoga01.shtml,ciscoga01,33,KCR,7,15,0,15,15,15,0,0,0,0,0,0,0,0,0,0,0
1969,146,Rickey Clark,/players/c/clarkri01.shtml,clarkri01,23,CAL,3,6,1,6,6,6,0,0,0,0,0,0,0,0,0,0,0
1969,147,Ron Clark,/players/c/clarkro02.shtml,clarkro02,26,2TM,4,62,48,62,58,0,0,1,5,17,38,0,0,0,0,3,4
1969,148,Horace Clarke,/players/c/clarkho01.shtml,clarkho01,29,NYY,5,156,156,156,156,0,0,0,156,0,0,0,0,0,0,0,0
1969,149,Roberto Clemente,/players/c/clemero01.shtml,clemero01,34,PIT,15,138,128,138,135,0,0,0,0,0,0,0,0,135,135,6,0
1969,150,Donn Clendenon,/players/c/clenddo01.shtml,clenddo01,33,2TM,9,110,77,110,92,0,0,82,0,0,0,10,1,1,12,28,1
1969,151,Reggie Cleveland,/players/c/clevere01.shtml,clevere01,21,STL,1st,1,1,1,1,1,0,0,0,0,0,0,0,0,0,0,0
1969,152,Ty Cline,/players/c/clinety01.shtml,clinety01,30,MON,10,101,40,101,57,0,0,17,0,0,0,7,36,0,41,52,0
1969,153,Tony Cloninger,/players/c/clonito01.shtml,clonito01,28,CIN,9,36,34,36,35,35,0,0,0,0,0,0,0,0,0,1,0
1969,154,Nate Colbert,/players/c/colbena01.shtml,colbena01,23,SDP,3,139,128,139,134,0,0,134,0,0,0,0,0,0,0,5,3
1969,155,Jim Colborn,/players/c/colboji01.shtml,colboji01,23,CHC,1st,6,2,6,6,6,0,0,0,0,0,0,0,0,0,0,0
1969,156,Joe Coleman,/players/c/colemjo05.shtml,colemjo05,22,WSA,5,40,36,40,40,40,0,0,0,0,0,0,0,0,0,0,0
1969,157,Kevin Collins,/players/c/collike01.shtml,collike01,22,2TM,4,68,28,68,48,0,0,0,20,30,0,0,0,0,0,34,0
1969,158,Wayne Comer,/players/c/comerwa01.shtml,comerwa01,25,SEP,3,147,128,147,139,0,1,0,0,1,0,23,91,46,139,14,0
1969,159,Billy Conigliaro,/players/c/conigbi01.shtml,conigbi01,21,BOS,1st,32,19,32,24,0,0,0,0,0,0,3,18,6,24,6,2
1969,160,Tony Conigliaro,/players/c/conigto01.shtml,conigto01,24,BOS,5,141,135,141,137,0,0,0,0,0,0,1,0,136,137,6,0
1969,161,Danny Coombs,/players/c/coombda01.shtml,coombda01,27,HOU,7,8,0,8,8,8,0,0,0,0,0,0,0,0,0,0,0
1969,162,Mike Corkins,/players/c/corkimi01.shtml,corkimi01,23,SDP,1st,6,4,6,6,6,0,0,0,0,0,0,0,0,0,0,0
1969,163,Pat Corrales,/players/c/corrapa01.shtml,corrapa01,28,CIN,5,29,25,29,29,0,29,0,0,0,0,0,0,0,0,0,0
1969,164,Chuck Cottier,/players/c/cottich01.shtml,cottich01,33,CAL,9,2,0,2,2,0,0,0,2,0,0,0,0,0,0,0,0
1969,165,Chip Coulter,/players/c/coultch01.shtml,coultch01,24,STL,1st,6,6,6,6,0,0,0,6,0,0,0,0,0,0,0,0
1969,166,Billy Cowan,/players/c/cowanbi01.shtml,cowanbi01,30,2TM,5,60,16,60,34,0,0,6,0,0,0,12,7,11,29,36,6
1969,167,Bobby Cox,/players/c/coxbo01.shtml,coxbo01,28,NYY,2,85,56,85,62,0,0,0,6,56,0,0,0,0,0,23,0
1969,168,Casey Cox,/players/c/coxca01.shtml,coxca01,27,WSA,4,52,13,52,52,52,0,0,0,0,0,0,0,0,0,0,0
1969,169,Jerry Cram,/players/c/cramje01.shtml,cramje01,21,KCR,1st,5,2,5,5,5,0,0,0,0,0,0,0,0,0,0,0
1969,170,Willie Crawford,/players/c/crawfwi01.shtml,crawfwi01,22,LAD,6,129,97,129,113,0,0,0,0,0,0,56,22,38,113,22,6
1969,171,Jerry Crider,/players/c/crideje01.shtml,crideje01,27,MIN,1st,21,1,21,21,21,0,0,0,0,0,0,0,0,0,0,0
1969,172,Terry Crowley,/players/c/crowlte01.shtml,crowlte01,22,BAL,1st,7,4,7,5,0,0,3,0,0,0,2,0,0,2,2,1
1969,173,Mike Cuellar,/players/c/cuellmi01.shtml,cuellmi01,32,BAL,7,39,39,39,39,39,0,0,0,0,0,0,0,0,0,0,0
1969,174,Tim Cullen,/players/c/culleti01.shtml,culleti01,27,WSA,4,119,60,119,113,0,0,0,105,1,9,0,0,0,0,16,6
1969,175,Ray Culp,/players/c/culpra01.shtml,culpra01,27,BOS,7,32,32,32,32,32,0,0,0,0,0,0,0,0,0,0,0
1969,176,George Culver,/players/c/culvege01.shtml,culvege01,25,CIN,4,32,13,32,32,32,0,0,0,0,0,0,0,0,0,0,0
1969,177,John Cumberland,/players/c/cumbejo01.shtml,cumbejo01,22,NYY,2,2,0,2,2,2,0,0,0,0,0,0,0,0,0,0,0
1969,178,Bruce Dal Canton,/players/d/dalcabr01.shtml,dalcabr01,28,PIT,3,57,0,57,57,57,0,0,0,0,0,0,0,0,0,0,0
1969,179,Clay Dalrymple,/players/d/dalrycl01.shtml,dalrycl01,32,BAL,10,37,23,37,30,0,30,0,0,0,0,0,0,0,0,10,0
1969,180,Bobby Darwin,/players/d/darwibo01.shtml,darwibo01,26,LAD,2,6,0,6,3,3,0,0,0,0,0,0,0,0,0,0,3
1969,181,Vic Davalillo,/players/d/davalvi01.shtml,davalvi01,32,2TM,7,96,26,96,50,2,0,3,0,0,0,3,12,31,46,50,13
1969,182,Jerry DaVanon,/players/d/davanje01.shtml,davanje01,23,2TM,1st,40,22,40,38,0,0,0,16,0,22,0,0,0,0,2,4
1969,183,Jim Davenport,/players/d/davenji01.shtml,davenji01,35,SFG,12,112,70,112,106,0,0,1,0,104,1,1,0,0,1,17,1
1969,184,Bill Davis,/players/d/davisbi01.shtml,davisbi01,27,SDP,3,31,13,31,14,0,0,14,0,0,0,0,0,0,0,17,0
1969,185,Ron Davis,/players/d/davisro01.shtml,davisro01,27,PIT,5,62,10,62,51,0,0,0,0,0,0,22,11,21,51,8,12
1969,186,Tommy Davis,/players/d/davisto02.shtml,davisto02,30,2TM,11,147,129,147,134,0,0,1,0,0,0,132,1,0,133,18,0
1969,187,Willie Davis,/players/d/daviswi02.shtml,daviswi02,29,LAD,10,129,122,129,125,0,0,0,0,0,0,0,125,0,125,3,2
1969,188,Mike Davison,/players/d/davismi01.shtml,davismi01,23,SFG,1st,1,0,1,1,1,0,0,0,0,0,0,0,0,0,0,0
1969,189,Boots Day,/players/d/daybo01.shtml,daybo01,21,STL,1st,11,0,11,1,0,0,0,0,0,0,0,1,0,1,6,5
1969,190,Mike de la Hoz,/players/d/dela_mi01.shtml,dela_mi01,30,CIN,9,1,0,1,0,0,0,0,0,0,0,0,0,0,0,1,0
1969,191,Tommy Dean,/players/d/deanto01.shtml,deanto01,23,SDP,2,101,81,101,99,0,0,0,2,0,97,0,0,0,0,2,6
1969,192,Joe Decker,/players/d/deckejo01.shtml,deckejo01,22,CHC,1st,4,1,4,4,4,0,0,0,0,0,0,0,0,0,0,0
1969,193,Rick Dempsey,/players/d/dempsri01.shtml,dempsri01,19,MIN,1st,5,0,5,3,0,3,0,0,0,0,0,0,0,0,2,0
1969,194,Bob Didier,/players/d/didiebo01.shtml,didiebo01,20,ATL,1st,114,108,114,114,0,114,0,0,0,0,0,0,0,0,0,0
1969,195,Larry Dierker,/players/d/dierkla01.shtml,dierkla01,22,HOU,6,39,37,39,39,39,0,0,0,0,0,0,0,0,0,0,0
1969,196,Dick Dietz,/players/d/dietzdi01.shtml,dietzdi01,27,SFG,4,79,69,79,73,0,73,0,0,0,0,0,0,0,0,10,0
1969,197,Jack DiLauro,/players/d/dilauja01.shtml,dilauja01,26,NYM,1st,23,4,23,23,23,0,0,0,0,0,0,0,0,0,0,0
1969,198,Alec Distaso,/players/d/distaal01.shtml,distaal01,20,CHC,1st,2,0,2,2,2,0,0,0,0,0,0,0,0,0,0,0
1969,199,Chuck Dobson,/players/d/dobsoch01.shtml,dobsoch01,25,OAK,4,35,35,35,35,35,0,0,0,0,0,0,0,0,0,0,0
1969,200,Pat Dobson,/players/d/dobsopa01.shtml,dobsopa01,27,DET,3,49,9,49,49,49,0,0,0,0,0,0,0,0,0,0,0
1969,201,John Donaldson,/players/d/donaljo01.shtml,donaljo01,26,2TM,4,107,92,107,94,0,0,0,91,2,1,0,0,0,0,14,0
1969,202,Al Downing,/players/d/downial01.shtml,downial01,28,NYY,9,30,15,30,30,30,0,0,0,0,0,0,0,0,0,0,0
1969,203,Paul Doyle,/players/d/doylepa01.shtml,doylepa01,29,ATL,1st,36,0,36,36,36,0,0,0,0,0,0,0,0,0,0,0
1969,204,Moe Drabowsky,/players/d/drabomo01.shtml,drabomo01,33,KCR,14,52,0,52,52,52,0,0,0,0,0,0,0,0,0,0,0
1969,205,Dick Drago,/players/d/dragodi01.shtml,dragodi01,24,KCR,1st,41,26,41,41,41,0,0,0,0,0,0,0,0,0,0,0
1969,206,Don Drysdale,/players/d/drysddo01.shtml,drysddo01,32,LAD,14,12,12,12,12,12,0,0,0,0,0,0,0,0,0,0,0
1969,207,Jan Dukes,/players/d/dukesja01.shtml,dukesja01,23,WSA,1st,8,0,8,8,8,0,0,0,0,0,0,0,0,0,0,0
1969,208,Tom Dukes,/players/d/dukesto01.shtml,dukesto01,26,SDP,3,13,0,13,13,13,0,0,0,0,0,0,0,0,0,0,0
1969,209,Dave Duncan,/players/d/duncada01.shtml,duncada01,23,OAK,4,58,40,58,56,0,56,0,0,0,0,0,0,0,0,4,0
1969,210,Duffy Dyer,/players/d/dyerdu01.shtml,dyerdu01,23,NYM,2,29,18,29,19,0,19,0,0,0,0,0,0,0,0,10,0
1969,211,Bill Edgerton,/players/e/edgerbi01.shtml,edgerbi01,27,SEP,3,4,0,4,4,4,0,0,0,0,0,0,0,0,0,0,0
1969,212,Paul Edmondson,/players/e/edmonpa01.shtml,edmonpa01,26,CHW,1st,14,13,14,14,14,0,0,0,0,0,0,0,0,0,0,0
1969,213,Johnny Edwards,/players/e/edwarjo01.shtml,edwarjo01,31,HOU,9,151,140,151,151,0,151,0,0,0,0,0,0,0,0,5,0
1969,214,Tom Egan,/players/e/eganto01.shtml,eganto01,23,CAL,5,46,40,46,46,0,46,0,0,0,0,0,0,0,0,1,0
1969,215,Dock Ellis,/players/e/ellisdo01.shtml,ellisdo01,24,PIT,2,37,33,37,35,35,0,0,0,0,0,0,0,0,0,0,2
1969,216,Jim Ellis,/players/e/ellisji01.shtml,ellisji01,24,STL,2,2,1,2,2,2,0,0,0,0,0,0,0,0,0,0,0
1969,217,John Ellis,/players/e/ellisjo01.shtml,ellisjo01,20,NYY,1st,22,15,22,15,0,15,0,0,0,0,0,0,0,0,7,0
1969,218,Sammy Ellis,/players/e/ellissa01.shtml,ellissa01,28,CHW,7,10,5,10,10,10,0,0,0,0,0,0,0,0,0,0,0
1969,219,Dick Ellsworth,/players/e/ellswdi01.shtml,ellswdi01,29,2TM,11,36,24,36,36,36,0,0,0,0,0,0,0,0,0,0,0
1969,220,Mike Epstein,/players/e/epstemi01.shtml,epstemi01,26,WSA,4,131,115,131,118,0,0,118,0,0,0,0,0,0,0,15,0
1969,221,Andy Etchebarren,/players/e/etchean01.shtml,etchean01,26,BAL,6,73,59,73,72,0,72,0,0,0,0,0,0,0,0,11,0
1969,222,Bobby Etheridge,/players/e/etherbo01.shtml,etherbo01,26,SFG,2,56,34,56,39,0,0,0,0,39,1,0,0,0,0,17,1
1969,223,Darrell Evans,/players/e/evansda01.shtml,evansda01,22,ATL,1st,12,5,12,6,0,0,0,0,6,0,0,0,0,0,6,0
1969,224,Leon Everitt,/players/e/everile01.shtml,everile01,22,SDP,1st,6,0,6,5,5,0,0,0,0,0,0,0,0,0,0,1
1969,225,Roy Face,/players/f/facero01.shtml,facero01,41,MON,16,44,0,44,44,44,0,0,0,0,0,0,0,0,0,0,0
1969,226,Jim Fairey,/players/f/faireji01.shtml,faireji01,24,MON,2,20,8,20,13,0,0,0,0,0,0,0,13,0,13,11,0
1969,227,Ron Fairly,/players/f/fairlro01.shtml,fairlro01,30,2TM,12,100,82,100,89,0,0,64,0,0,0,4,18,10,31,14,0
1969,228,Turk Farrell,/players/f/farretu01.shtml,farretu01,35,PHI,14,46,0,46,46,46,0,0,0,0,0,0,0,0,0,0,0
1969,229,Frank Fernandez,/players/f/fernafr01.shtml,fernafr01,26,NYY,3,89,69,89,79,0,65,0,0,0,0,0,0,14,14,16,0
1969,230,Al Ferrara,/players/f/ferraal01.shtml,ferraal01,29,SDP,6,138,95,138,96,0,0,0,0,0,0,96,0,0,96,43,0
1969,231,Mike Ferraro,/players/f/ferrami01.shtml,ferrami01,24,SEP,3,5,0,5,0,0,0,0,0,0,0,0,0,0,0,5,0
1969,232,Rollie Fingers,/players/f/fingero01.shtml,fingero01,22,OAK,2,60,8,60,60,60,0,0,0,0,0,0,0,0,0,0,0
1969,233,Mike Fiore,/players/f/fioremi01.shtml,fioremi01,24,KCR,2,107,95,107,99,0,0,92,0,0,0,3,9,2,14,12,0
1969,234,Eddie Fisher,/players/f/fisheed02.shtml,fisheed02,32,CAL,11,52,1,52,52,52,0,0,0,0,0,0,0,0,0,0,0
1969,235,Jack Fisher,/players/f/fisheja01.shtml,fisheja01,30,CIN,11,34,15,34,34,34,0,0,0,0,0,0,0,0,0,0,0
1969,236,Carlton Fisk,/players/f/fiskca01.shtml,fiskca01,21,BOS,1st,2,1,2,1,0,1,0,0,0,0,0,0,0,0,1,0
1969,237,Al Fitzmorris,/players/f/fitzmal01.shtml,fitzmal01,23,KCR,1st,7,0,7,7,7,0,0,0,0,0,0,0,0,0,0,0
1969,238,Curt Flood,/players/f/floodcu01.shtml,floodcu01,31,STL,14,153,149,153,152,0,0,0,0,0,0,0,152,0,152,3,0
1969,239,Bobby Floyd,/players/f/floydbo01.shtml,floydbo01,25,BAL,2,39,19,39,39,0,0,0,15,9,15,0,0,0,0,1,2
1969,240,Ray Fosse,/players/f/fossera01.shtml,fossera01,22,CLE,3,37,32,37,37,0,37,0,0,0,0,0,0,0,0,1,0
1969,241,Alan Foster,/players/f/fosteal01.shtml,fosteal01,22,LAD,3,24,15,24,24,24,0,0,0,0,0,0,0,0,0,0,0
1969,242,George Foster,/players/f/fostege01.shtml,fostege01,20,SFG,1st,9,0,9,8,0,0,0,0,0,0,8,0,0,8,1,3
1969,243,Joe Foy,/players/f/foyjo01.shtml,foyjo01,26,KCR,4,145,143,145,144,0,0,16,4,112,5,2,13,1,16,1,0
1969,244,Tito Francona,/players/f/francti01.shtml,francti01,35,2TM,14,83,38,83,41,0,0,26,0,0,0,16,0,0,16,44,0
1969,245,Bill Freehan,/players/f/freehbi01.shtml,freehbi01,27,DET,8,143,134,143,136,0,118,22,0,0,0,0,0,0,0,9,0
1969,246,Jim Fregosi,/players/f/fregoji01.shtml,fregoji01,27,CAL,9,161,160,161,160,0,0,0,0,0,160,0,0,0,0,1,0
1969,247,Jim French,/players/f/frencji01.shtml,frencji01,27,WSA,5,63,56,63,63,0,63,0,0,0,0,0,0,0,0,0,0
1969,248,Danny Frisella,/players/f/friseda01.shtml,friseda01,23,NYM,3,3,0,3,3,3,0,0,0,0,0,0,0,0,0,0,0
1969,249,Woodie Fryman,/players/f/frymawo01.shtml,frymawo01,29,PHI,4,36,35,36,36,36,0,0,0,0,0,0,0,0,0,0,0
1969,250,Miguel Fuentes,/players/f/fuentmi01.shtml,fuentmi01,23,SEP,1st,8,4,8,8,8,0,0,0,0,0,0,0,0,0,0,0
1969,251,Tito Fuentes,/players/f/fuentti01.shtml,fuentti01,25,SFG,4,67,46,67,59,0,0,0,0,36,30,0,0,0,0,2,7
1969,252,Vern Fuller,/players/f/fulleve01.shtml,fulleve01,25,CLE,5,108,75,108,105,0,0,0,101,7,0,0,0,0,0,4,1
1969,253,Len Gabrielson,/players/g/gabrile02.shtml,gabrile02,29,LAD,8,83,42,83,47,0,0,2,0,0,0,15,0,31,46,40,0
1969,254,Phil Gagliano,/players/g/gagliph01.shtml,gagliph01,27,STL,7,62,26,62,39,0,0,9,20,9,0,0,0,2,2,28,1
1969,255,Oscar Gamble,/players/g/gamblos01.shtml,gamblos01,19,CHC,1st,24,21,24,24,0,0,0,0,0,0,1,23,0,24,1,0
1969,256,Gene Garber,/players/g/garbege01.shtml,garbege01,21,PIT,1st,2,1,2,2,2,0,0,0,0,0,0,0,0,0,0,0
1969,257,Bob Garibaldi,/players/g/garibbo01.shtml,garibbo01,27,SFG,4,1,1,1,1,1,0,0,0,0,0,0,0,0,0,0,0
1969,258,Mike Garman,/players/g/garmami01.shtml,garmami01,19,BOS,1st,2,2,2,2,2,0,0,0,0,0,0,0,0,0,0,0
1969,259,Ralph Garr,/players/g/garrra01.shtml,garrra01,23,ATL,2,22,5,22,7,0,0,0,0,0,0,7,0,0,7,7,10
1969,260,Wayne Garrett,/players/g/garrewa01.shtml,garrewa01,21,NYM,1st,124,98,124,120,0,0,0,47,73,9,0,0,0,0,16,0
1969,261,Gil Garrido,/players/g/garrigi01.shtml,garrigi01,28,ATL,3,82,74,82,81,0,0,0,0,0,81,0,0,0,0,1,1
1969,262,Steve Garvey,/players/g/garvest01.shtml,garvest01,20,LAD,1st,3,0,3,0,0,0,0,0,0,0,0,0,0,0,3,0
1969,263,Rod Gaspar,/players/g/gasparo01.shtml,gasparo01,23,NYM,1st,118,44,118,91,0,0,0,0,0,0,22,17,64,91,30,9
1969,264,Cito Gaston,/players/g/gastoci01.shtml,gastoci01,25,SDP,2,129,102,129,113,0,0,0,0,0,0,0,113,0,113,17,1
1969,265,Gary Geiger,/players/g/geigega01.shtml,geigega01,32,HOU,11,93,25,93,65,0,0,0,0,0,0,47,6,14,65,31,3
1969,266,Vern Geishert,/players/g/geishve01.shtml,geishve01,23,CAL,1st,11,3,11,11,11,0,0,0,0,0,0,0,0,0,0,0
1969,267,John Gelnar,/players/g/gelnajo01.shtml,gelnajo01,26,SEP,3,40,10,40,39,39,0,0,0,0,0,0,0,0,0,1,0
1969,268,Gary Gentry,/players/g/gentrga01.shtml,gentrga01,22,NYM,1st,35,35,35,35,35,0,0,0,0,0,0,0,0,0,0,0
1969,269,Cesar Geronimo,/players/g/geronce01.shtml,geronce01,21,HOU,1st,28,0,28,9,0,0,0,0,0,0,4,1,4,9,6,16
1969,270,Joe Gibbon,/players/g/gibbojo01.shtml,gibbojo01,34,2TM,10,51,0,51,51,51,0,0,0,0,0,0,0,0,0,0,0
1969,271,Jake Gibbs,/players/g/gibbsja01.shtml,gibbsja01,30,NYY,8,71,66,71,66,0,66,0,0,0,0,0,0,0,0,3,2
1969,272,Bob Gibson,/players/g/gibsobo01.shtml,gibsobo01,33,STL,11,37,35,37,35,35,0,0,0,0,0,0,0,0,0,1,1
1969,273,Russ Gibson,/players/g/gibsoru01.shtml,gibsoru01,30,BOS,3,85,78,85,83,0,83,0,0,0,0,0,0,0,0,4,0
1969,274,Gus Gil,/players/g/gilgu01.shtml,gilgu01,30,SEP,2,92,44,92,62,0,0,0,18,38,12,0,0,0,0,40,0
1969,275,Dave Giusti,/players/g/giustda01.shtml,giustda01,29,STL,7,22,12,22,22,22,0,0,0,0,0,0,0,0,0,0,0
1969,276,Fred Gladding,/players/g/gladdfr01.shtml,gladdfr01,33,HOU,9,57,0,57,57,57,0,0,0,0,0,0,0,0,0,0,0
1969,277,Tony Gonzalez,/players/g/gonzato01.shtml,gonzato01,32,2TM,10,142,123,142,131,0,0,0,0,0,0,76,60,2,131,15,1
1969,278,Greg Goossen,/players/g/goossgr01.shtml,goossgr01,23,SEP,5,52,30,52,33,0,0,31,0,0,0,2,0,0,2,19,0
1969,279,Jim Gosger,/players/g/gosgeji01.shtml,gosgeji01,26,2TM,6,50,15,50,32,0,0,0,0,0,0,5,25,2,32,17,6
1969,280,Julio Gotay,/players/g/gotayju01.shtml,gotayju01,30,HOU,10,46,11,46,17,0,0,0,16,1,0,0,0,0,0,33,1
1969,281,Billy Grabarkewitz,/players/g/grababi01.shtml,grababi01,23,LAD,1st,34,18,34,27,0,0,0,3,6,18,0,0,0,0,4,11
1969,282,Wayne Granger,/players/g/grangwa01.shtml,grangwa01,25,CIN,2,90,0,90,90,90,0,0,0,0,0,0,0,0,0,0,0
1969,283,Mudcat Grant,/players/g/grantmu01.shtml,grantmu01,33,2TM,12,42,13,42,41,41,0,0,0,0,0,0,0,0,0,0,1
1969,284,Dick Green,/players/g/greendi01.shtml,greendi01,28,OAK,7,136,131,136,131,0,0,0,131,0,0,0,0,0,0,5,0
1969,285,Tom Griffin,/players/g/griffto02.shtml,griffto02,21,HOU,1st,31,31,31,31,31,0,0,0,0,0,0,0,0,0,0,0
1969,286,Jerry Grote,/players/g/groteje01.shtml,groteje01,26,NYM,6,113,100,113,112,0,112,0,0,0,0,0,0,0,0,6,0
1969,287,Joe Grzenda,/players/g/grzenjo01.shtml,grzenjo01,32,MIN,5,38,0,38,38,38,0,0,0,0,0,0,0,0,0,0,0
1969,288,Skip Guinn,/players/g/guinnsk01.shtml,guinnsk01,24,HOU,2,28,0,28,28,28,0,0,0,0,0,0,0,0,0,0,0
1969,289,Cesar Gutierrez,/players/g/gutiece01.shtml,gutiece01,26,2TM,2,32,19,32,27,0,0,0,0,7,20,0,0,0,0,4,4
1969,290,Santiago Guzman,/players/g/guzmasa01.shtml,guzmasa01,19,STL,1st,1,1,1,1,1,0,0,0,0,0,0,0,0,0,0,0
1969,291,Joe Hague,/players/h/haguejo01.shtml,haguejo01,25,STL,2,40,24,40,25,0,0,9,0,0,0,1,0,16,17,15,0
1969,292,Don Hahn,/players/h/hahndo01.shtml,hahndo01,20,MON,1st,4,3,4,3,0,0,0,0,0,0,0,3,0,3,0,1
1969,293,John Hairston,/players/h/hairsjo01.shtml,hairsjo01,24,CHC,1st,3,1,3,2,0,1,0,0,0,0,1,0,0,1,1,0
1969,294,Dick Hall,/players/h/halldi01.shtml,halldi01,38,BAL,17,39,0,39,39,39,0,0,0,0,0,0,0,0,0,0,0
1969,295,Jimmie Hall,/players/h/hallji02.shtml,hallji02,31,3TM,7,95,62,95,65,0,0,7,0,0,0,12,24,22,58,33,0
1969,296,Tom Hall,/players/h/hallto01.shtml,hallto01,21,MIN,2,32,18,32,31,31,0,0,0,0,0,0,0,0,0,0,1
1969,297,Tom Haller,/players/h/halleto01.shtml,halleto01,32,LAD,9,134,120,134,132,0,132,0,0,0,0,0,0,0,0,12,0
1969,298,Jack Hamilton,/players/h/hamilja01.shtml,hamilja01,30,2TM,8,28,0,28,28,28,0,0,0,0,0,0,0,0,0,0,0
1969,299,Steve Hamilton,/players/h/hamilst01.shtml,hamilst01,34,NYY,9,38,0,38,38,38,0,0,0,0,0,0,0,0,0,0,0
1969,300,Bill Hands,/players/h/handsbi01.shtml,handsbi01,29,CHC,5,41,41,41,41,41,0,0,0,0,0,0,0,0,0,0,0
1969,301,Larry Haney,/players/h/haneyla01.shtml,haneyla01,26,2TM,4,75,39,75,73,0,73,0,0,0,0,0,0,0,0,3,0
1969,302,Jim Hannan,/players/h/hannaji01.shtml,hannaji01,29,WSA,8,35,28,35,35,35,0,0,0,0,0,0,0,0,0,0,0
1969,303,Ron Hansen,/players/h/hansero02.shtml,hansero02,31,CHW,12,85,42,85,59,0,0,21,26,7,8,0,0,0,0,32,1
1969,304,Jim Hardin,/players/h/hardiji01.shtml,hardiji01,25,BAL,3,30,20,30,30,30,0,0,0,0,0,0,0,0,0,0,0
1969,305,Steve Hargan,/players/h/hargast01.shtml,hargast01,26,CLE,5,34,23,34,32,32,0,0,0,0,0,0,0,0,0,0,2
1969,306,Terry Harmon,/players/h/harmote01.shtml,harmote01,25,PHI,2,87,48,87,58,0,0,0,19,2,38,0,0,0,0,22,14
1969,307,Tommy Harper,/players/h/harpeto01.shtml,harpeto01,28,SEP,8,148,137,148,141,0,0,0,59,59,0,4,22,1,27,8,1
1969,308,Toby Harrah,/players/h/harrato01.shtml,harrato01,20,WSA,1st,8,0,8,1,0,0,0,0,0,1,0,0,0,0,1,7
1969,309,John Harrell,/players/h/harrejo01.shtml,harrejo01,21,SFG,1st,2,2,2,2,0,2,0,0,0,0,0,0,0,0,0,0
1969,310,Bud Harrelson,/players/h/harrebu01.shtml,harrebu01,25,NYM,5,123,115,123,119,0,0,0,0,0,119,0,0,0,0,2,3
1969,311,Ken Harrelson,/players/h/harreke01.shtml,harreke01,27,2TM,7,159,156,159,157,0,0,26,0,0,0,7,0,137,144,3,0
1969,312,Billy Harris,/players/h/harribi04.shtml,harribi04,25,KCR,2,5,0,5,1,0,0,0,1,0,0,0,0,0,0,5,0
1969,313,Chuck Harrison,/players/h/harrich02.shtml,harrich02,28,KCR,4,75,50,75,55,0,0,55,0,0,0,0,0,0,0,23,0
1969,314,Jim Ray Hart,/players/h/hartji01.shtml,hartji01,27,SFG,7,95,71,95,71,0,0,0,0,3,0,68,0,0,68,24,0
1969,315,Chuck Hartenstein,/players/h/hartech01.shtml,hartech01,27,PIT,5,56,0,56,56,56,0,0,0,0,0,0,0,0,0,0,0
1969,316,Fran Healy,/players/h/healyfr02.shtml,healyfr02,22,KCR,1st,6,3,6,5,0,5,0,0,0,0,0,0,0,0,2,0
1969,317,Bill Heath,/players/h/heathbi01.shtml,heathbi01,30,CHC,4,27,7,27,9,0,9,0,0,0,0,0,0,0,0,18,0
1969,318,Richie Hebner,/players/h/hebneri01.shtml,hebneri01,21,PIT,2,129,120,129,124,0,0,1,0,124,0,0,0,0,0,8,1
1969,319,Mike Hedlund,/players/h/hedlumi01.shtml,hedlumi01,22,KCR,3,34,16,34,34,34,0,0,0,0,0,0,0,0,0,0,0
1969,320,Mike Hegan,/players/h/heganmi01.shtml,heganmi01,26,SEP,4,95,74,95,79,0,0,19,0,0,0,2,1,61,64,11,10
1969,321,Jack Heidemann,/players/h/heideja01.shtml,heideja01,19,CLE,1st,3,2,3,3,0,0,0,0,0,3,0,0,0,0,0,0
1969,322,Bob Heise,/players/h/heisebo01.shtml,heisebo01,22,NYM,3,4,3,4,3,0,0,0,0,0,3,0,0,0,0,1,0
1969,323,Woodie Held,/players/h/heldwo01.shtml,heldwo01,37,CHW,14,56,10,56,24,0,0,0,1,3,3,3,11,5,18,30,9
1969,324,Tommy Helms,/players/h/helmsto01.shtml,helmsto01,28,CIN,6,126,125,126,125,0,0,0,125,0,4,0,0,0,0,1,0
1969,325,Ken Henderson,/players/h/hendeke01.shtml,hendeke01,23,SFG,5,113,94,113,111,0,0,0,0,3,0,65,4,58,111,1,5
1969,326,Elrod Hendricks,/players/h/hendrel01.shtml,hendrel01,28,BAL,2,105,80,105,91,0,87,4,0,0,0,0,0,0,0,21,0
1969,327,Phil Hennigan,/players/h/henniph01.shtml,henniph01,23,CLE,1st,9,0,9,9,9,0,0,0,0,0,0,0,0,0,0,0
1969,328,Bill Henry,/players/h/henrybi01.shtml,henrybi01,41,HOU,16,3,0,3,3,3,0,0,0,0,0,0,0,0,0,0,0
1969,329,Ron Herbel,/players/h/herbero01.shtml,herbero01,31,SFG,7,39,4,39,39,39,0,0,0,0,0,0,0,0,0,0,0
1969,330,Remy Hermoso,/players/h/hermore01.shtml,hermore01,21,MON,2,28,19,28,24,0,0,0,18,0,6,0,0,0,0,4,2
1969,331,Jackie Hernandez,/players/h/hernaja01.shtml,hernaja01,28,KCR,5,145,139,145,144,0,0,0,0,0,144,0,0,0,0,0,3
1969,332,Jose Herrera,/players/h/herrejo01.shtml,herrejo01,27,MON,3,47,31,47,34,0,0,0,2,1,0,20,13,0,31,13,1
1969,333,Ed Herrmann,/players/h/herrmed01.shtml,herrmed01,22,CHW,2,102,79,102,92,0,92,0,0,0,0,0,0,0,0,13,0
1969,334,Mike Hershberger,/players/h/hershmi01.shtml,hershmi01,29,OAK,9,51,32,51,35,0,0,0,0,0,0,16,8,13,35,17,1
1969,335,Jack Hiatt,/players/h/hiattja01.shtml,hiattja01,26,SFG,6,69,60,69,63,0,60,3,0,0,0,0,0,0,0,7,0
1969,336,Jim Hickman,/players/h/hickmji02.shtml,hickmji02,32,CHC,8,134,87,134,125,0,0,0,0,0,0,5,9,116,125,20,0
1969,337,Jim Hicks,/players/h/hicksji01.shtml,hicksji01,29,2TM,4,56,24,56,33,0,0,8,0,0,0,4,3,18,25,24,3
1969,338,Dennis Higgins,/players/h/higgide01.shtml,higgide01,29,WSA,4,55,0,55,55,55,0,0,0,0,0,0,0,0,0,0,0
1969,339,Tom Hilgendorf,/players/h/hilgeto01.shtml,hilgeto01,27,STL,1st,6,0,6,6,6,0,0,0,0,0,0,0,0,0,0,0
1969,340,Garry Hill,/players/h/hillga01.shtml,hillga01,22,ATL,1st,1,1,1,1,1,0,0,0,0,0,0,0,0,0,0,0
1969,341,Herman Hill,/players/h/hillhe02.shtml,hillhe02,23,MIN,1st,16,0,16,2,0,0,0,0,0,0,0,2,0,2,1,13
1969,342,John Hiller,/players/h/hillejo01.shtml,hillejo01,26,DET,5,41,8,41,40,40,0,0,0,0,0,0,0,0,0,0,1
1969,343,Chuck Hinton,/players/h/hintoch01.shtml,hintoch01,35,CLE,9,94,18,94,53,0,0,0,0,14,0,29,4,9,41,46,14
1969,344,Larry Hisle,/players/h/hislela01.shtml,hislela01,22,PHI,2,145,132,145,140,0,0,0,0,0,0,1,139,0,140,2,7
1969,345,Joe Hoerner,/players/h/hoernjo01.shtml,hoernjo01,32,STL,6,45,0,45,45,45,0,0,0,0,0,0,0,0,0,0,0
1969,346,Gary Holman,/players/h/holmaga01.shtml,holmaga01,25,WSA,2,41,1,41,14,0,0,11,0,0,0,1,0,2,3,29,2
1969,347,Jim Holt,/players/h/holtji01.shtml,holtji01,25,MIN,2,12,0,12,6,0,0,1,0,0,0,1,0,4,5,7,2
1969,348,Ken Holtzman,/players/h/holtzke01.shtml,holtzke01,23,CHC,5,39,39,39,39,39,0,0,0,0,0,0,0,0,0,0,0
1969,349,Gail Hopkins,/players/h/hopkiga01.shtml,hopkiga01,26,CHW,2,124,94,124,101,0,0,101,0,0,0,0,0,0,0,29,0
1969,350,Joe Horlen,/players/h/horlejo01.shtml,horlejo01,31,CHW,9,36,35,36,36,36,0,0,0,0,0,0,0,0,0,0,0
1969,351,Tony Horton,/players/h/hortoto01.shtml,hortoto01,24,CLE,6,159,157,159,157,0,0,157,0,0,0,0,0,0,0,2,0
1969,352,Willie Horton,/players/h/hortowi01.shtml,hortowi01,26,DET,7,141,135,141,136,0,0,0,0,0,0,134,0,4,136,6,0
1969,353,Steve Hovley,/players/h/hovlest01.shtml,hovlest01,24,SEP,1st,91,76,91,84,0,0,0,0,0,0,3,35,49,84,8,1
1969,354,Frank Howard,/players/h/howarfr01.shtml,howarfr01,32,WSA,12,161,159,161,159,0,0,70,0,0,0,108,0,6,114,2,0
1969,355,Walt Hriniak,/players/h/hriniwa01.shtml,hriniwa01,26,2TM,2,38,19,38,25,0,25,0,0,0,0,0,0,0,0,16,0
1969,356,Jesse Hudson,/players/h/hudsoje01.shtml,hudsoje01,20,NYM,1st,1,0,1,1,1,0,0,0,0,0,0,0,0,0,0,0
1969,357,Bob Humphreys,/players/h/humphbo01.shtml,humphbo01,33,WSA,8,47,0,47,47,47,0,0,0,0,0,0,0,0,0,0,0
1969,358,Randy Hundley,/players/h/hundlra01.shtml,hundlra01,27,CHC,6,151,145,151,151,0,151,0,0,0,0,0,0,0,0,1,0
1969,359,Ron Hunt,/players/h/huntro01.shtml,huntro01,28,SFG,7,128,122,128,126,0,0,0,125,1,0,0,0,0,0,5,0
1969,360,Catfish Hunter,/players/h/hunteca01.shtml,hunteca01,23,OAK,5,42,35,42,38,38,0,0,0,0,0,0,0,0,0,2,2
1969,361,Steve Huntz,/players/h/huntzst01.shtml,huntzst01,23,STL,2,71,37,71,67,0,0,0,12,6,52,0,0,0,0,4,1
1969,362,Tom Hutton,/players/h/huttoto01.shtml,huttoto01,23,LAD,2,16,13,16,16,0,0,16,0,0,0,0,0,0,0,0,0
1969,363,Al Jackson,/players/j/jacksal01.shtml,jacksal01,33,2TM,10,42,0,42,42,42,0,0,0,0,0,0,0,0,0,0,0
1969,364,Grant Jackson,/players/j/jacksgr01.shtml,jacksgr01,26,PHI,5,40,35,40,38,38,0,0,0,0,0,0,0,0,0,0,2
1969,365,Reggie Jackson,/players/j/jacksre01.shtml,jacksre01,23,OAK,3,152,147,152,150,0,0,0,0,0,0,0,10,144,150,5,0
1969,366,Sonny Jackson,/players/j/jacksso01.shtml,jacksso01,24,ATL,7,98,88,98,97,0,0,0,0,0,97,0,0,0,0,4,2
1969,367,Jeff James,/players/j/jamesje01.shtml,jamesje01,27,PHI,2,6,5,6,6,6,0,0,0,0,0,0,0,0,0,0,0
1969,368,Pat Jarvis,/players/j/jarvipa01.shtml,jarvipa01,28,ATL,4,37,33,37,37,37,0,0,0,0,0,0,0,0,0,0,0
1969,369,Ray Jarvis,/players/j/jarvira01.shtml,jarvira01,23,BOS,1st,29,12,29,29,29,0,0,0,0,0,0,0,0,0,0,0
1969,370,Larry Jaster,/players/j/jastela01.shtml,jastela01,25,MON,5,24,11,24,24,24,0,0,0,0,0,0,0,0,0,0,0
1969,371,Julian Javier,/players/j/javieju01.shtml,javieju01,32,STL,10,143,136,143,141,0,0,0,141,0,0,0,0,0,0,4,1
1969,372,Fergie Jenkins,/players/j/jenkife01.shtml,jenkife01,26,CHC,5,43,42,43,43,43,0,0,0,0,0,0,0,0,0,0,0
1969,373,Jack Jenkins,/players/j/jenkija01.shtml,jenkija01,26,LAD,3,1,0,1,1,1,0,0,0,0,0,0,0,0,0,0,0
1969,374,Garry Jestadt,/players/j/jestaga01.shtml,jestaga01,22,MON,1st,6,1,6,1,0,0,0,0,0,1,0,0,0,0,4,1
1969,375,Johnny Jeter,/players/j/jeterjo01.shtml,jeterjo01,24,PIT,1st,28,6,28,20,0,0,0,0,0,0,16,1,4,20,4,8
1969,376,Manny Jimenez,/players/j/jimenma01.shtml,jimenma01,30,CHC,7,6,0,6,0,0,0,0,0,0,0,0,0,0,0,6,0
1969,377,Tommy John,/players/j/johnto01.shtml,johnto01,26,CHW,7,33,33,33,33,33,0,0,0,0,0,0,0,0,0,0,0
1969,378,Alex Johnson,/players/j/johnsal01.shtml,johnsal01,26,CIN,6,139,129,139,132,0,0,0,0,0,0,132,0,0,132,10,0
1969,379,Bart Johnson,/players/j/johnsba01.shtml,johnsba01,19,CHW,1st,4,3,4,4,4,0,0,0,0,0,0,0,0,0,0,0
1969,380,Bob Johnson,/players/j/johnsbo02.shtml,johnsbo02,33,2TM,10,70,10,70,13,0,0,8,2,4,0,0,0,0,0,58,1
1969,381,Bob Johnson,/players/j/johnsbo03.shtml,johnsbo03,26,NYM,1st,2,0,2,2,2,0,0,0,0,0,0,0,0,0,0,0
1969,382,Davey Johnson,/players/j/johnsda02.shtml,johnsda02,26,BAL,5,142,141,142,142,0,0,0,142,0,2,0,0,0,0,0,0
1969,383,Deron Johnson,/players/j/johnsde01.shtml,johnsde01,30,PHI,9,138,131,138,132,0,0,18,0,50,0,72,0,0,72,6,0
1969,384,Frank Johnson,/players/j/johnsfr03.shtml,johnsfr03,26,SFG,4,7,2,7,7,0,0,0,0,0,0,5,1,1,7,0,2
1969,385,Jerry Johnson,/players/j/johnsje01.shtml,johnsje01,25,PHI,2,33,21,33,33,33,0,0,0,0,0,0,0,0,0,0,0
1969,386,Ken Johnson,/players/j/johnske02.shtml,johnske02,36,3TM,12,30,3,30,30,30,0,0,0,0,0,0,0,0,0,0,0
1969,387,Lou Johnson,/players/j/johnslo01.shtml,johnslo01,34,CAL,8,67,30,67,44,0,0,0,0,0,0,23,0,23,44,29,2
1969,388,Jay Johnstone,/players/j/johnsja01.shtml,johnsja01,23,CAL,4,148,141,148,143,0,0,0,0,0,0,0,143,0,143,6,0
1969,389,Cleon Jones,/players/j/jonescl01.shtml,jonescl01,26,NYM,6,137,131,137,133,0,0,15,0,0,0,122,0,0,122,6,0
1969,390,Dalton Jones,/players/j/jonesda03.shtml,jonesda03,25,BOS,6,111,80,111,90,0,0,81,1,9,0,0,0,0,0,26,1
1969,391,Mack Jones,/players/j/jonesma01.shtml,jonesma01,30,MON,8,135,125,135,129,0,0,0,0,0,0,125,5,0,129,9,0
1969,392,Steve Jones,/players/j/jonesst01.shtml,jonesst01,28,KCR,3,20,4,20,20,20,0,0,0,0,0,0,0,0,0,0,1
1969,393,Rick Joseph,/players/j/josepri01.shtml,josepri01,29,PHI,4,99,64,99,74,0,0,17,1,58,0,0,0,0,0,26,3
1969,394,Duane Josephson,/players/j/josepdu01.shtml,josepdu01,27,CHW,5,52,41,52,47,0,47,0,0,0,0,0,0,0,0,8,0
1969,395,Von Joshua,/players/j/joshuvo01.shtml,joshuvo01,21,LAD,1st,14,2,14,8,0,0,0,0,0,0,6,1,2,8,1,9
1969,396,Jim Kaat,/players/k/kaatji01.shtml,kaatji01,30,MIN,11,43,32,43,40,40,0,0,0,0,0,0,0,0,0,4,0
1969,397,Al Kaline,/players/k/kalinal01.shtml,kalinal01,34,DET,17,131,118,131,125,0,0,9,0,0,0,0,0,118,118,9,0
1969,398,Steve Kealey,/players/k/kealest01.shtml,kealest01,22,CAL,2,15,3,15,15,15,0,0,0,0,0,0,0,0,0,0,0
1969,399,Mike Kekich,/players/k/kekicmi01.shtml,kekicmi01,24,NYY,3,28,13,28,28,28,0,0,0,0,0,0,0,0,0,0,0
1969,400,Dick Kelley,/players/k/kelledi01.shtml,kelledi01,29,SDP,6,27,23,27,27,27,0,0,0,0,0,0,0,0,0,0,0
1969,401,Pat Kelly,/players/k/kellypa01.shtml,kellypa01,24,KCR,3,112,106,112,107,0,0,0,0,0,0,2,47,61,107,4,2
1969,402,Van Kelly,/players/k/kellyva01.shtml,kellyva01,23,SDP,1st,73,50,73,58,0,0,0,10,49,0,0,0,0,0,20,0
1969,403,Fred Kendall,/players/k/kendafr01.shtml,kendafr01,20,SDP,1st,10,6,10,9,0,9,0,0,0,0,0,0,0,0,1,0
1969,404,John Kennedy,/players/k/kennejo03.shtml,kennejo03,28,SEP,7,61,32,61,51,0,0,0,0,23,33,0,0,0,0,6,9
1969,405,Jerry Kenney,/players/k/kenneje01.shtml,kenneje01,24,NYY,2,130,114,130,123,0,0,0,0,83,10,0,31,0,31,13,2
1969,406,Joe Keough,/players/k/keougjo01.shtml,keougjo01,23,KCR,2,70,35,70,50,0,0,1,0,0,0,3,26,21,49,23,6
1969,407,Don Kessinger,/players/k/kessido01.shtml,kessido01,26,CHC,6,158,157,158,157,0,0,0,0,0,157,0,0,0,0,1,0
1969,408,Rick Kester,/players/k/kesteri01.shtml,kesteri01,22,ATL,2,1,0,1,1,1,0,0,0,0,0,0,0,0,0,0,0
1969,409,Mike Kilkenny,/players/k/kilkemi01.shtml,kilkemi01,24,DET,1st,39,15,39,39,39,0,0,0,0,0,0,0,0,0,0,0
1969,410,Harmon Killebrew,/players/k/killeha01.shtml,killeha01,33,MIN,16,162,162,162,162,0,0,81,0,105,0,0,0,0,0,0,0
1969,411,Clay Kirby,/players/k/kirbycl01.shtml,kirbycl01,21,SDP,1st,35,35,35,35,35,0,0,0,0,0,0,0,0,0,0,0
1969,412,Ed Kirkpatrick,/players/k/kirkped01.shtml,kirkped01,24,KCR,8,120,78,120,92,0,9,2,1,2,0,30,24,33,82,39,1
1969,413,Lou Klimchock,/players/k/klimclo01.shtml,klimclo01,29,CLE,11,90,72,90,75,0,1,0,22,55,0,0,0,0,0,17,0
1969,414,Ron Klimkowski,/players/k/klimkro01.shtml,klimkro01,25,NYY,1st,3,1,3,3,3,0,0,0,0,0,0,0,0,0,0,0
1969,415,Ron Kline,/players/k/klinero01.shtml,klinero01,37,3TM,16,43,0,43,43,43,0,0,0,0,0,0,0,0,0,0,0
1969,416,Bobby Knoop,/players/k/knoopbo01.shtml,knoopbo01,30,2TM,6,131,124,131,131,0,0,0,131,0,0,0,0,0,0,1,1
1969,417,Darold Knowles,/players/k/knowlda01.shtml,knowlda01,27,WSA,5,53,0,53,53,53,0,0,0,0,0,0,0,0,0,0,0
1969,418,Gary Kolb,/players/k/kolbga01.shtml,kolbga01,29,PIT,7,29,5,29,7,0,7,0,0,0,0,0,0,0,0,21,2
1969,419,Cal Koonce,/players/k/kooncca01.shtml,kooncca01,28,NYM,8,40,0,40,40,40,0,0,0,0,0,0,0,0,0,0,0
1969,420,Jerry Koosman,/players/k/koosmje01.shtml,koosmje01,26,NYM,3,32,32,32,32,32,0,0,0,0,0,0,0,0,0,0,0
1969,421,Andy Kosco,/players/k/koscoan01.shtml,koscoan01,27,LAD,5,120,103,120,108,0,0,3,0,0,0,40,0,74,108,17,0
1969,422,Frank Kostro,/players/k/kostrfr01.shtml,kostrfr01,31,MIN,7,2,0,2,0,0,0,0,0,0,0,0,0,0,0,2,0
1969,423,Ed Kranepool,/players/k/kraneed01.shtml,kraneed01,24,NYM,8,112,97,112,106,0,0,106,0,0,0,2,0,0,2,8,0
1969,424,Lew Krausse,/players/k/krausle02.shtml,krausle02,26,OAK,7,43,16,43,43,43,0,0,0,0,0,0,0,0,0,0,0
1969,425,Frank Kreutzer,/players/k/kreutfr01.shtml,kreutfr01,30,WSA,6,4,0,4,4,4,0,0,0,0,0,0,0,0,0,0,0
1969,426,Gary Kroll,/players/k/krollga01.shtml,krollga01,27,CLE,4,19,0,19,19,19,0,0,0,0,0,0,0,0,0,0,0
1969,427,Chris Krug,/players/k/krugch01.shtml,krugch01,29,SDP,3,8,5,8,7,0,7,0,0,0,0,0,0,0,0,1,0
1969,428,Ted Kubiak,/players/k/kubiate01.shtml,kubiate01,27,OAK,3,92,65,92,74,0,0,0,33,0,42,0,0,0,0,20,2
1969,429,Tony La Russa,/players/l/larusto01.shtml,larusto01,24,OAK,3,8,0,8,0,0,0,0,0,0,0,0,0,0,0,8,0
1969,430,Coco Laboy,/players/l/laboyco01.shtml,laboyco01,28,MON,1st,157,147,157,156,0,0,0,0,156,0,0,0,0,0,4,0
1969,431,Marcel Lachemann,/players/l/lachema01.shtml,lachema01,28,OAK,1st,28,0,28,28,28,0,0,0,0,0,0,0,0,0,0,0
1969,432,Joe Lahoud,/players/l/lahoujo01.shtml,lahoujo01,22,BOS,2,101,47,101,67,0,0,1,0,0,0,24,12,34,66,38,0
1969,433,Ray Lamb,/players/l/lambra01.shtml,lambra01,24,LAD,1st,10,0,10,10,10,0,0,0,0,0,0,0,0,0,0,0
1969,434,Keith Lampard,/players/l/lampake01.shtml,lampake01,23,HOU,1st,9,1,9,2,0,0,0,0,0,0,0,0,2,2,8,0
1969,435,Bill Landis,/players/l/landibi01.shtml,landibi01,26,BOS,4,46,5,46,45,45,0,0,0,0,0,0,0,0,0,0,1
1969,436,Hal Lanier,/players/l/lanieha01.shtml,lanieha01,26,SFG,6,150,147,150,150,0,0,0,0,0,150,0,0,0,0,0,0
1969,437,Fred Lasher,/players/l/lashefr01.shtml,lashefr01,27,DET,4,32,0,32,32,32,0,0,0,0,0,0,0,0,0,0,0
1969,438,George Lauzerique,/players/l/lauzege01.shtml,lauzege01,21,OAK,3,19,8,19,19,19,0,0,0,0,0,0,0,0,0,0,0
1969,439,Ron Law,/players/l/lawro01.shtml,lawro01,23,CLE,1st,35,1,35,35,35,0,0,0,0,0,0,0,0,0,0,0
1969,440,Danny Lazar,/players/l/lazarda01.shtml,lazarda01,25,CHW,2,9,3,9,9,9,0,0,0,0,0,0,0,0,0,0,0
1969,441,Bill Lee,/players/l/leebi03.shtml,leebi03,22,BOS,1st,20,1,20,20,20,0,0,0,0,0,0,0,0,0,0,0
1969,442,Leron Lee,/players/l/leele02.shtml,leele02,21,STL,1st,7,7,7,7,0,0,0,0,0,0,4,0,3,7,0,0
1969,443,Jim Lefebvre,/players/l/lefebji01.shtml,lefebji01,27,LAD,5,95,80,95,83,0,0,6,37,44,0,0,0,0,0,13,0
1969,444,Denny Lemaster,/players/l/lemasde01.shtml,lemasde01,30,HOU,8,38,37,38,38,38,0,0,0,0,0,0,0,0,0,0,0
1969,445,Dave Lemonds,/players/l/lemonda01.shtml,lemonda01,20,CHC,1st,2,1,2,2,2,0,0,0,0,0,0,0,0,0,0,0
1969,446,Eddie Leon,/players/l/leoned01.shtml,leoned01,22,CLE,2,64,64,64,64,0,0,0,0,0,64,0,0,0,0,0,0
1969,447,Dave Leonhard,/players/l/leonhda01.shtml,leonhda01,28,BAL,3,38,3,38,37,37,0,0,0,0,0,0,0,0,0,0,1
1969,448,Barry Lersch,/players/l/lerscba01.shtml,lerscba01,24,PHI,1st,10,0,10,10,10,0,0,0,0,0,0,0,0,0,0,0
1969,449,Allan Lewis,/players/l/lewisal01.shtml,lewisal01,27,OAK,3,13,0,13,0,0,0,0,0,0,0,0,0,0,0,1,12
1969,450,Frankie Libran,/players/l/librafr01.shtml,librafr01,21,SDP,1st,10,2,10,9,0,0,0,0,0,9,0,0,0,0,0,3
1969,451,Paul Lindblad,/players/l/lindbpa01.shtml,lindbpa01,27,OAK,5,60,0,60,60,60,0,0,0,0,0,0,0,0,0,0,0
1969,452,Frank Linzy,/players/l/linzyfr01.shtml,linzyfr01,28,SFG,6,58,0,58,58,58,0,0,0,0,0,0,0,0,0,1,0
1969,453,Winston Llenas,/players/l/llenawi01.shtml,llenawi01,25,CAL,2,34,6,34,9,0,0,0,0,9,0,0,0,0,0,27,0
1969,454,Don Lock,/players/l/lockdo01.shtml,lockdo01,32,2TM,8,57,8,57,33,0,0,4,0,0,0,17,10,4,30,27,7
1969,455,Bob Locker,/players/l/lockebo02.shtml,lockebo02,31,2TM,5,68,0,68,68,68,0,0,0,0,0,0,0,0,0,0,0
1969,456,Skip Lockwood,/players/l/lockwsk01.shtml,lockwsk01,22,SEP,2,6,3,6,6,6,0,0,0,0,0,0,0,0,0,0,0
1969,457,Mickey Lolich,/players/l/lolicmi01.shtml,lolicmi01,28,DET,7,38,36,38,37,37,0,0,0,0,0,0,0,0,0,0,1
1969,458,Jim Lonborg,/players/l/lonboji01.shtml,lonboji01,27,BOS,5,29,23,29,29,29,0,0,0,0,0,0,0,0,0,0,0
1969,459,Marcelino Lopez,/players/l/lopezma01.shtml,lopezma01,25,BAL,5,27,4,27,27,27,0,0,0,0,0,0,0,0,0,0,0
1969,460,Mike Lum,/players/l/lummi01.shtml,lummi01,23,ATL,3,121,31,121,89,0,0,0,0,0,0,58,16,19,89,35,13
1969,461,Gordy Lund,/players/l/lundgo01.shtml,lundgo01,28,SEP,2,20,11,20,18,0,0,0,1,1,17,0,0,0,0,0,3
1969,462,Sparky Lyle,/players/l/lylesp01.shtml,lylesp01,24,BOS,3,71,0,71,71,71,0,0,0,0,0,0,0,0,0,0,0
1969,463,Jim Lyttle,/players/l/lyttlji01.shtml,lyttlji01,23,NYY,1st,28,24,28,28,0,0,0,0,0,0,0,28,0,28,1,0
1969,464,Jim Maloney,/players/m/malonji01.shtml,malonji01,29,CIN,10,30,27,30,30,30,0,0,0,0,0,0,0,0,0,0,0
1969,465,Angel Mangual,/players/m/manguan01.shtml,manguan01,22,PIT,1st,6,0,6,3,0,0,0,0,0,0,2,0,1,3,3,0
1969,466,Charlie Manuel,/players/m/manuech01.shtml,manuech01,25,MIN,1st,83,31,83,46,0,0,0,0,0,0,41,1,4,46,44,2
1969,467,Leo Marentette,/players/m/marenle01.shtml,marenle01,28,MON,2,3,0,3,3,3,0,0,0,0,0,0,0,0,0,0,0
1969,468,Juan Marichal,/players/m/maricju01.shtml,maricju01,31,SFG,10,38,36,38,37,37,0,0,0,0,0,0,0,0,0,0,1
1969,469,Lou Marone,/players/m/maronlo01.shtml,maronlo01,23,PIT,1st,29,0,29,29,29,0,0,0,0,0,0,0,0,0,0,0
1969,470,Dave Marshall,/players/m/marshda01.shtml,marshda01,26,SFG,3,110,59,110,87,0,0,0,0,0,0,79,0,17,87,27,5
1969,471,Mike Marshall,/players/m/marshmi01.shtml,marshmi01,26,SEP,2,21,14,21,20,20,0,0,0,0,0,0,0,0,0,0,1
1969,472,J.C. Martin,/players/m/martij.01.shtml,martij.01,32,NYM,11,66,44,66,50,0,48,2,0,0,0,0,0,0,0,19,0
1969,473,Buck Martinez,/players/m/martibu01.shtml,martibu01,20,KCR,1st,72,47,72,56,0,55,0,0,0,0,0,0,1,1,18,0
1969,474,Jose Martinez,/players/m/martijo04.shtml,martijo04,26,PIT,1st,77,37,77,67,0,0,0,42,5,20,2,0,0,2,10,11
1969,475,Marty Martinez,/players/m/martima01.shtml,martima01,27,HOU,4,78,49,78,59,1,7,0,1,15,17,21,0,0,21,21,2
1969,476,Clyde Mashore,/players/m/mashocl01.shtml,mashocl01,24,CIN,1st,2,0,2,0,0,0,0,0,0,0,0,0,0,0,1,1
1969,477,Don Mason,/players/m/masondo01.shtml,masondo01,24,SFG,4,104,57,104,76,0,0,0,51,21,7,0,0,0,0,22,15
1969,478,Tommy Matchick,/players/m/matchto01.shtml,matchto01,25,DET,3,94,76,94,81,0,0,2,47,27,6,0,0,0,0,16,0
1969,479,Larry Maxie,/players/m/maxiela01.shtml,maxiela01,28,ATL,1st,2,0,2,2,2,0,0,0,0,0,0,0,0,0,0,0
1969,480,Dal Maxvill,/players/m/maxvida01.shtml,maxvida01,30,STL,8,132,126,132,131,0,0,0,0,0,131,0,0,0,0,0,1
1969,481,Carlos May,/players/m/mayca01.shtml,mayca01,21,CHW,2,100,98,100,100,0,0,0,0,0,0,80,0,22,100,2,0
1969,482,Dave May,/players/m/mayda01.shtml,mayda01,25,BAL,3,78,19,78,39,0,0,0,0,0,0,0,0,39,39,41,3
1969,483,Jerry May,/players/m/mayje01.shtml,mayje01,25,PIT,6,62,50,62,52,0,52,0,0,0,0,0,0,0,0,11,0
1969,484,Lee May,/players/m/mayle01.shtml,mayle01,26,CIN,5,158,157,158,158,0,0,156,0,0,0,5,0,2,7,1,0
1969,485,Rudy May,/players/m/mayru01.shtml,mayru01,24,CAL,2,44,25,44,43,43,0,0,0,0,0,0,0,0,0,0,1
1969,486,John Mayberry,/players/m/maybejo01.shtml,maybejo01,20,HOU,2,5,0,5,0,0,0,0,0,0,0,0,0,0,0,5,0
1969,487,Lee Maye,/players/m/mayele01.shtml,mayele01,34,2TM,11,114,85,114,93,0,0,0,0,0,0,32,4,59,93,26,0
1969,488,Willie Mays,/players/m/mayswi01.shtml,mayswi01,38,SFG,18,117,97,117,109,0,0,1,0,0,0,0,106,2,108,15,0
1969,489,Bill Mazeroski,/players/m/mazerbi01.shtml,mazerbi01,32,PIT,14,67,64,67,65,0,0,0,65,0,0,0,0,0,0,2,0
1969,490,Jim McAndrew,/players/m/mcandji01.shtml,mcandji01,25,NYM,2,27,21,27,27,27,0,0,0,0,0,0,0,0,0,0,0
1969,491,Dick McAuliffe,/players/m/mcauldi01.shtml,mcauldi01,29,DET,10,74,70,74,72,0,0,0,72,0,0,0,0,0,0,2,0
1969,492,Al McBean,/players/m/mcbeaal01.shtml,mcbeaal01,31,2TM,9,32,1,32,32,32,0,0,0,0,0,0,0,0,0,0,0
1969,493,Tim McCarver,/players/m/mccarti01.shtml,mccarti01,27,STL,10,138,136,138,136,0,136,0,0,0,0,0,0,0,0,1,1
1969,494,Billy McCool,/players/m/mccoobi01.shtml,mccoobi01,24,SDP,6,54,0,54,54,54,0,0,0,0,0,0,0,0,0,0,0
1969,495,Mike McCormick,/players/m/mccormi03.shtml,mccormi03,30,SFG,14,32,28,32,32,32,0,0,0,0,0,0,0,0,0,0,0
1969,496,Willie McCovey,/players/m/mccovwi01.shtml,mccovwi01,31,SFG,11,149,148,149,148,0,0,148,0,0,0,0,0,0,0,1,0
1969,497,Tommy McCraw,/players/m/mccrato01.shtml,mccrato01,28,CHW,7,94,55,94,74,0,0,45,0,0,0,11,17,17,42,22,6
1969,498,Lindy McDaniel,/players/m/mcdanli01.shtml,mcdanli01,33,NYY,15,51,0,51,51,51,0,0,0,0,0,0,0,0,0,0,0
1969,499,Dave McDonald,/players/m/mcdonda01.shtml,mcdonda01,26,NYY,1st,9,6,9,6,0,0,6,0,0,0,0,0,0,0,3,0
1969,500,Sam McDowell,/players/m/mcdowsa01.shtml,mcdowsa01,26,CLE,9,39,38,39,39,39,0,0,0,0,0,0,0,0,0,0,0
1969,501,Leon McFadden,/players/m/mcfadle01.shtml,mcfadle01,25,HOU,2,44,17,44,24,0,0,0,0,0,8,4,0,13,17,11,12
1969,502,Dan McGinn,/players/m/mcginda01.shtml,mcginda01,25,MON,2,74,1,74,74,74,0,0,0,0,0,0,0,0,0,0,0
1969,503,Jim McGlothlin,/players/m/mcgloji01.shtml,mcgloji01,25,CAL,5,37,35,37,37,37,0,0,0,0,0,0,0,0,0,0,0
1969,504,Tug McGraw,/players/m/mcgratu01.shtml,mcgratu01,24,NYM,4,43,4,43,42,42,0,0,0,0,0,0,0,0,0,0,1
1969,505,Denny McLain,/players/m/mclaide01.shtml,mclaide01,25,DET,7,42,41,42,42,42,0,0,0,0,0,0,0,0,0,0,0
1969,506,Don McMahon,/players/m/mcmahdo02.shtml,mcmahdo02,39,2TM,13,47,0,47,47,47,0,0,0,0,0,0,0,0,0,0,0
1969,507,Ken McMullen,/players/m/mcmulke01.shtml,mcmulke01,27,WSA,8,158,151,158,154,0,0,0,0,154,0,0,0,0,0,6,0
1969,508,Dave McNally,/players/m/mcnalda01.shtml,mcnalda01,26,BAL,8,41,40,41,41,41,0,0,0,0,0,0,0,0,0,0,0
1969,509,Jerry McNertney,/players/m/mcnerje01.shtml,mcnerje01,32,SEP,5,128,110,128,122,0,122,0,0,0,0,0,0,0,0,9,0
1969,510,Bill McNulty,/players/m/mcnulbi01.shtml,mcnulbi01,22,OAK,1st,5,5,5,5,0,0,0,0,0,0,5,0,0,5,0,0
1969,511,Mike McQueen,/players/m/mcquemi01.shtml,mcquemi01,18,ATL,1st,1,1,1,1,1,0,0,0,0,0,0,0,0,0,0,0
1969,512,Norm McRae,/players/m/mcraeno01.shtml,mcraeno01,21,DET,1st,3,0,3,3,3,0,0,0,0,0,0,0,0,0,0,0
1969,513,Bill Melton,/players/m/meltobi01.shtml,meltobi01,23,CHW,2,157,148,157,152,0,0,0,0,148,0,3,0,8,11,5,0
1969,514,Denis Menke,/players/m/menkede01.shtml,menkede01,28,HOU,8,154,154,154,154,0,0,9,23,1,131,0,0,0,0,0,0
1969,515,Jim Merritt,/players/m/merriji01.shtml,merriji01,25,CIN,5,42,36,42,42,42,0,0,0,0,0,0,0,0,0,0,0
1969,516,Andy Messersmith,/players/m/messean01.shtml,messean01,23,CAL,2,42,33,42,40,40,0,0,0,0,0,0,0,0,0,0,2
1969,517,Bob Meyer,/players/m/meyerbo01.shtml,meyerbo01,29,SEP,2,6,5,6,6,6,0,0,0,0,0,0,0,0,0,0,0
1969,518,Gene Michael,/players/m/michage01.shtml,michage01,31,NYY,4,119,112,119,118,0,0,0,0,0,118,0,0,0,0,1,1
1969,519,Pete Mikkelsen,/players/m/mikkepe01.shtml,mikkepe01,29,LAD,6,48,0,48,48,48,0,0,0,0,0,0,0,0,0,0,0
1969,520,Jim Miles,/players/m/milesji01.shtml,milesji01,25,WSA,2,12,1,12,10,10,0,0,0,0,0,0,0,0,0,0,2
1969,521,Felix Millan,/players/m/millafe01.shtml,millafe01,25,ATL,4,162,162,162,162,0,0,0,162,0,0,0,0,0,0,0,0
1969,522,Bob Miller,/players/m/millebo04.shtml,millebo04,30,MIN,12,48,11,48,48,48,0,0,0,0,0,0,0,0,0,0,0
1969,523,John Miller,/players/m/millejo04.shtml,millejo04,25,LAD,2,26,5,26,14,0,0,5,1,2,0,6,0,0,6,17,2
1969,524,Norm Miller,/players/m/milleno01.shtml,milleno01,23,HOU,5,119,105,119,114,0,0,0,0,0,0,7,15,97,114,9,0
1969,525,Don Mincher,/players/m/minchdo01.shtml,minchdo01,31,SEP,10,140,118,140,122,0,0,122,0,0,0,0,0,0,0,19,0
1969,526,George Mitterwald,/players/m/mittege01.shtml,mittege01,24,MIN,3,69,48,69,64,0,63,0,0,0,0,2,0,0,2,9,0
1969,527,Joe Moeller,/players/m/moelljo01.shtml,moelljo01,26,LAD,6,23,4,23,23,23,0,0,0,0,0,0,0,0,0,0,0
1969,528,Rick Monday,/players/m/mondari01.shtml,mondari01,23,OAK,4,122,111,122,119,0,0,0,0,0,0,0,119,0,119,7,2
1969,529,Don Money,/players/m/moneydo01.shtml,moneydo01,22,PHI,2,127,126,127,126,0,0,0,0,0,126,0,0,0,0,1,0
1969,530,Barry Moore,/players/m/mooreba01.shtml,mooreba01,26,WSA,5,32,25,32,31,31,0,0,0,0,0,0,0,0,0,0,1
1969,531,Bob Moose,/players/m/moosebo01.shtml,moosebo01,21,PIT,3,44,19,44,44,44,0,0,0,0,0,0,0,0,0,0,0
1969,532,Jerry Morales,/players/m/moralje01.shtml,moralje01,20,SDP,1st,19,11,19,19,0,0,0,0,0,0,10,9,1,19,0,4
1969,533,Rich Morales,/players/m/moralri01.shtml,moralri01,25,CHW,3,55,33,55,52,0,0,0,38,1,13,0,0,0,0,3,2
1969,534,Dave Morehead,/players/m/morehda01.shtml,morehda01,26,KCR,7,21,2,21,21,21,0,0,0,0,0,0,0,0,0,0,0
1969,535,Joe Morgan,/players/m/morgajo02.shtml,morgajo02,25,HOU,7,147,144,147,144,0,0,0,132,0,0,12,2,0,14,3,0
1969,536,Danny Morris,/players/m/morrida01.shtml,morrida01,23,MIN,2,3,1,3,3,3,0,0,0,0,0,0,0,0,0,0,0
1969,537,John Morris,/players/m/morrijo06.shtml,morrijo06,27,SEP,3,6,0,6,6,6,0,0,0,0,0,0,0,0,0,0,0
1969,538,Bubba Morton,/players/m/mortobu01.shtml,mortobu01,37,CAL,7,87,44,87,50,0,0,1,0,0,0,6,0,43,49,43,0
1969,539,Carl Morton,/players/m/mortoca01.shtml,mortoca01,25,MON,1st,8,5,8,8,8,0,0,0,0,0,0,0,0,0,0,0
1969,540,Jerry Moses,/players/m/mosesje01.shtml,mosesje01,22,BOS,3,53,32,53,36,0,36,0,0,0,0,0,0,0,0,19,0
1969,541,Manny Mota,/players/m/motama01.shtml,motama01,31,2TM,8,116,91,116,102,0,0,0,0,0,0,74,21,16,102,19,3
1969,542,Curt Motton,/players/m/mottocu01.shtml,mottocu01,28,BAL,3,56,17,56,20,0,0,0,0,0,0,16,0,4,20,33,4
1969,543,Thurman Munson,/players/m/munsoth01.shtml,munsoth01,22,NYY,1st,26,24,26,25,0,25,0,0,0,0,0,0,0,0,1,0
1969,544,Bobby Murcer,/players/m/murcebo01.shtml,murcebo01,23,NYY,3,152,146,152,149,0,0,0,0,31,0,0,27,102,118,6,0
1969,545,Danny Murphy,/players/m/murphda04.shtml,murphda04,26,CHW,4,17,0,17,17,17,0,0,0,0,0,0,0,0,0,0,0
1969,546,Tom Murphy,/players/m/murphto02.shtml,murphto02,23,CAL,2,36,35,36,36,36,0,0,0,0,0,0,0,0,0,0,0
1969,547,Ivan Murrell,/players/m/murreiv01.shtml,murreiv01,26,SDP,5,111,53,111,75,0,0,2,0,1,0,22,42,14,72,40,3
1969,548,Tony Muser,/players/m/muserto01.shtml,muserto01,21,BOS,1st,2,2,2,2,0,0,2,0,0,0,0,0,0,0,0,0
1969,549,Russ Nagelson,/players/n/nagelru01.shtml,nagelru01,24,CLE,2,12,3,12,4,0,0,1,0,0,0,1,0,2,3,9,0
1969,550,Mike Nagy,/players/n/nagymi01.shtml,nagymi01,21,BOS,1st,34,28,34,33,33,0,0,0,0,0,0,0,0,0,0,1
1969,551,Cotton Nash,/players/n/nashco01.shtml,nashco01,26,MIN,2,6,1,6,6,0,0,6,0,0,0,1,0,0,1,0,0
1969,552,Jim Nash,/players/n/nashji01.shtml,nashji01,24,OAK,4,26,19,26,26,26,0,0,0,0,0,0,0,0,0,0,0
1969,553,Gary Neibauer,/players/n/neibaga01.shtml,neibaga01,24,ATL,1st,29,0,29,29,29,0,0,0,0,0,0,0,0,0,0,0
1969,554,Dave Nelson,/players/n/nelsoda01.shtml,nelsoda01,25,CLE,2,52,30,52,35,0,0,0,33,0,0,1,0,1,2,3,18
1969,555,Mel Nelson,/players/n/nelsome01.shtml,nelsome01,33,STL,6,8,0,8,8,8,0,0,0,0,0,0,0,0,0,0,0
1969,556,Roger Nelson,/players/n/nelsoro02.shtml,nelsoro02,25,KCR,3,29,29,29,29,29,0,0,0,0,0,0,0,0,0,0,0
1969,557,Graig Nettles,/players/n/nettlgr01.shtml,nettlgr01,24,MIN,3,96,60,96,74,0,0,0,0,21,0,53,1,0,54,32,0
1969,558,Joe Niekro,/players/n/niekrjo01.shtml,niekrjo01,24,2TM,3,42,34,42,41,41,0,0,0,0,0,0,0,0,0,0,1
1969,559,Phil Niekro,/players/n/niekrph01.shtml,niekrph01,30,ATL,6,40,35,40,40,40,0,0,0,0,0,0,0,0,0,0,0
1969,560,Gary Nolan,/players/n/nolanga01.shtml,nolanga01,21,CIN,3,17,15,17,16,16,0,0,0,0,0,0,0,0,0,0,1
1969,561,John Noriega,/players/n/noriejo01.shtml,noriejo01,25,CIN,1st,5,0,5,5,5,0,0,0,0,0,0,0,0,0,0,0
1969,562,Scott Northey,/players/n/northsc01.shtml,northsc01,22,KCR,1st,20,16,20,18,0,0,0,0,0,0,0,18,0,18,0,3
1969,563,Jim Northrup,/players/n/northji01.shtml,northji01,29,DET,6,148,142,148,143,0,0,0,0,0,0,31,89,51,143,6,0
1969,564,Joe Nossek,/players/n/nossejo01.shtml,nossejo01,28,2TM,5,22,2,22,13,0,0,0,0,0,0,9,4,0,13,4,6
1969,565,Don Nottebart,/players/n/nottedo01.shtml,nottedo01,33,2TM,9,20,0,20,20,20,0,0,0,0,0,0,0,0,0,0,0
1969,566,Rich Nye,/players/n/nyeri01.shtml,nyeri01,24,CHC,4,36,5,36,34,34,0,0,0,0,0,0,0,0,0,0,2
1969,567,Jerry Nyman,/players/n/nymanje01.shtml,nymanje01,26,CHW,2,21,10,21,20,20,0,0,0,0,0,0,0,0,0,0,1
1969,568,Syd O'Brien,/players/o/o'brisy01.shtml,o'brisy01,25,BOS,1st,100,54,100,79,0,0,0,12,53,15,0,0,0,0,20,13
1969,569,John O'Donoghue,/players/o/o'donjo02.shtml,o'donjo02,29,SEP,7,55,0,55,55,55,0,0,0,0,0,0,0,0,0,0,0
1969,570,Don O'Riley,/players/o/o'rildo01.shtml,o'rildo01,24,KCR,1st,19,0,19,18,18,0,0,0,0,0,0,0,0,0,0,1
1969,571,Denny O'Toole,/players/o/o'toode01.shtml,o'toode01,20,CHW,1st,2,0,2,2,2,0,0,0,0,0,0,0,0,0,0,0
1969,572,Blue Moon Odom,/players/o/odombl01.shtml,odombl01,24,OAK,6,43,32,43,32,32,0,0,0,0,0,0,0,0,0,0,11
1969,573,Tony Oliva,/players/o/olivato01.shtml,olivato01,30,MIN,8,153,151,153,152,0,0,0,0,0,0,0,0,152,152,1,0
1969,574,Al Oliver,/players/o/oliveal01.shtml,oliveal01,22,PIT,2,129,117,129,121,0,0,106,0,0,0,13,0,8,21,9,0
1969,575,Bob Oliver,/players/o/olivebo01.shtml,olivebo01,26,KCR,2,118,102,118,112,0,0,12,0,8,0,9,48,45,98,7,6
1969,576,Gene Oliver,/players/o/olivege01.shtml,olivege01,34,CHC,10,23,3,23,6,0,6,0,0,0,0,0,0,0,0,17,0
1969,577,Nate Oliver,/players/o/olivena01.shtml,olivena01,28,2TM,7,45,9,45,13,0,0,0,13,0,0,0,0,0,0,8,26
1969,578,Phil Ortega,/players/o/ortegph01.shtml,ortegph01,29,CAL,10,5,0,5,5,5,0,0,0,0,0,0,0,0,0,0,0
1969,579,Jose Ortiz,/players/o/ortizjo01.shtml,ortizjo01,22,CHW,1st,16,2,16,8,0,0,0,0,0,0,2,5,2,8,1,9
1969,580,Dan Osinski,/players/o/osinsda01.shtml,osinsda01,35,CHW,7,51,0,51,51,51,0,0,0,0,0,0,0,0,0,0,0
1969,581,Claude Osteen,/players/o/osteecl01.shtml,osteecl01,29,LAD,12,44,41,44,41,41,0,0,0,0,0,0,0,0,0,2,1
1969,582,Amos Otis,/players/o/otisam01.shtml,otisam01,22,NYM,2,48,20,48,36,0,0,0,0,3,0,16,19,0,35,11,6
1969,583,Ray Oyler,/players/o/oylerra01.shtml,oylerra01,30,SEP,5,106,93,106,106,0,0,0,0,0,106,0,0,0,0,0,0
1969,584,Dennis Paepke,/players/p/paepkde01.shtml,paepkde01,24,KCR,1st,12,7,12,8,0,8,0,0,0,0,0,0,0,0,4,0
1969,585,Jose Pagan,/players/p/paganjo01.shtml,paganjo01,34,PIT,11,108,55,108,67,0,0,0,1,44,0,21,0,2,23,45,0
1969,586,Jim Pagliaroni,/players/p/pagliji01.shtml,pagliji01,31,2TM,11,54,35,54,39,0,36,2,0,0,0,0,0,1,1,18,0
1969,587,Jim Palmer,/players/p/palmeji01.shtml,palmeji01,23,BAL,4,27,23,27,26,26,0,0,0,0,0,0,0,0,0,0,1
1969,588,Lowell Palmer,/players/p/palmelo01.shtml,palmelo01,21,PHI,1st,26,9,26,26,26,0,0,0,0,0,0,0,0,0,0,0
1969,589,Milt Pappas,/players/p/pappami01.shtml,pappami01,30,ATL,13,26,24,26,26,26,0,0,0,0,0,0,0,0,0,0,0
1969,590,Wes Parker,/players/p/parkewe01.shtml,parkewe01,29,LAD,6,132,125,132,130,0,0,128,0,0,0,0,1,1,2,5,1
1969,591,Camilo Pascual,/players/p/pascuca02.shtml,pascuca02,35,2TM,16,22,14,22,19,19,0,0,0,0,0,0,0,0,0,0,3
1969,592,Freddie Patek,/players/p/patekfr01.shtml,patekfr01,24,PIT,2,147,141,147,146,0,0,0,0,0,146,0,0,0,0,0,2
1969,593,Daryl Patterson,/players/p/patteda02.shtml,patteda02,25,DET,2,18,0,18,18,18,0,0,0,0,0,0,0,0,0,0,0
1969,594,Marty Pattin,/players/p/pattima01.shtml,pattima01,26,SEP,2,39,27,39,34,34,0,0,0,0,0,0,0,0,0,0,5
1969,595,Mike Paul,/players/p/paulmi01.shtml,paulmi01,24,CLE,2,47,12,47,47,47,0,0,0,0,0,0,0,0,0,0,0
1969,596,Don Pavletich,/players/p/pavledo01.shtml,pavledo01,30,CHW,10,78,46,78,63,0,51,13,0,0,0,0,0,0,0,25,0
1969,597,Jose Pena,/players/p/penajo01.shtml,penajo01,26,CIN,1st,6,0,6,6,6,0,0,0,0,0,0,0,0,0,0,0
1969,598,Roberto Pena,/players/p/penaro01.shtml,penaro01,32,SDP,4,139,117,139,128,0,0,12,33,27,65,0,0,0,0,19,0
1969,599,Joe Pepitone,/players/p/pepitjo01.shtml,pepitjo01,28,NYY,8,135,131,135,132,0,0,132,0,0,0,0,0,0,0,4,0
1969,600,Luis Peraza,/players/p/perazlu01.shtml,perazlu01,27,PHI,1st,8,0,8,8,8,0,0,0,0,0,0,0,0,0,0,0
1969,601,Marty Perez,/players/p/perezma01.shtml,perezma01,23,CAL,1st,13,3,13,12,0,0,0,2,2,8,0,0,0,0,0,2
1969,602,Tony Perez,/players/p/perezto01.shtml,perezto01,27,CIN,6,160,160,160,160,0,0,0,0,160,0,0,0,0,0,0,0
1969,603,Ron Perranoski,/players/p/perraro01.shtml,perraro01,33,MIN,9,75,0,75,75,75,0,0,0,0,0,0,0,0,0,0,0
1969,604,Gaylord Perry,/players/p/perryga01.shtml,perryga01,30,SFG,8,40,39,40,40,40,0,0,0,0,0,0,0,0,0,0,0
1969,605,Jim Perry,/players/p/perryji01.shtml,perryji01,33,MIN,11,47,36,47,46,46,0,0,0,0,0,0,0,0,0,0,1
1969,606,Gary Peters,/players/p/peterga01.shtml,peterga01,32,CHW,11,37,32,37,36,36,0,0,0,0,0,0,0,0,0,0,1
1969,607,Cap Peterson,/players/p/peterca01.shtml,peterca01,26,CLE,8,76,24,76,33,0,0,0,0,4,0,25,0,5,30,49,0
1969,608,Fritz Peterson,/players/p/peterfr01.shtml,peterfr01,27,NYY,4,37,37,37,37,37,0,0,0,0,0,0,0,0,0,0,0
1969,609,Rico Petrocelli,/players/p/petrori01.shtml,petrori01,26,BOS,6,154,154,154,154,0,0,0,0,1,153,0,0,0,0,0,0
1969,610,Bobby Pfeil,/players/p/pfeilbo01.shtml,pfeilbo01,25,NYM,1st,62,50,62,55,0,0,0,11,49,0,0,0,0,0,9,1
1969,611,Adolfo Phillips,/players/p/phillad01.shtml,phillad01,27,2TM,6,86,64,86,78,0,0,0,0,0,0,0,77,1,78,6,4
1969,612,Tom Phoebus,/players/p/phoebto01.shtml,phoebto01,27,BAL,4,35,33,35,35,35,0,0,0,0,0,0,0,0,0,0,0
1969,613,Horacio Pina,/players/p/pinaho01.shtml,pinaho01,24,CLE,2,31,4,31,31,31,0,0,0,0,0,0,0,0,0,0,0
1969,614,Lou Piniella,/players/p/pinielo01.shtml,pinielo01,25,KCR,3,135,125,135,129,0,0,0,0,0,0,126,4,0,129,9,0
1969,615,Vada Pinson,/players/p/pinsova01.shtml,pinsova01,30,STL,12,132,123,132,124,0,0,0,0,0,0,0,1,124,124,9,0
1969,616,Juan Pizarro,/players/p/pizarju01.shtml,pizarju01,32,3TM,13,57,4,57,57,57,0,0,0,0,0,0,0,0,0,0,0
1969,617,Johnny Podres,/players/p/podrejo01.shtml,podrejo01,36,SDP,15,17,9,17,17,17,0,0,0,0,0,0,0,0,0,0,0
1969,618,Paul Popovich,/players/p/popovpa01.shtml,popovpa01,28,2TM,5,88,46,88,63,0,0,0,48,6,10,0,1,0,1,27,4
1969,619,Boog Powell,/players/p/powelbo01.shtml,powelbo01,27,BAL,9,152,141,152,144,0,0,144,0,0,0,0,0,0,0,10,0
1969,620,Jim Price,/players/p/priceji01.shtml,priceji01,27,DET,3,72,49,72,51,0,51,0,0,0,0,0,0,0,0,21,0
1969,621,Bob Priddy,/players/p/priddbo01.shtml,priddbo01,29,3TM,7,20,0,20,20,20,0,0,0,0,0,0,0,0,0,0,0
1969,622,John Purdin,/players/p/purdijo01.shtml,purdijo01,26,LAD,4,9,0,9,9,9,0,0,0,0,0,0,0,0,0,0,0
1969,623,Jim Qualls,/players/q/quallji01.shtml,quallji01,22,CHC,1st,43,28,43,39,0,0,0,4,0,0,0,35,0,35,7,2
1969,624,Mel Queen,/players/q/queenme02.shtml,queenme02,27,CIN,6,2,2,2,2,2,0,0,0,0,0,0,0,0,0,0,0
1969,625,Frank Quilici,/players/q/quilifr01.shtml,quilifr01,30,MIN,4,118,30,118,109,0,0,0,36,84,1,0,0,0,0,8,14
1969,626,Dick Radatz,/players/r/radatdi01.shtml,radatdi01,32,2TM,7,33,0,33,33,33,0,0,0,0,0,0,0,0,0,0,0
1969,627,Doug Rader,/players/r/raderdo02.shtml,raderdo02,24,HOU,3,155,154,155,155,0,0,4,0,154,0,0,0,0,0,0,0
1969,628,Al Raffo,/players/r/raffoal01.shtml,raffoal01,27,PHI,1st,45,0,45,45,45,0,0,0,0,0,0,0,0,0,0,0
1969,629,Pedro Ramos,/players/r/ramospe01.shtml,ramospe01,34,2TM,14,43,0,43,43,43,0,0,0,0,0,0,0,0,0,0,0
1969,630,Merritt Ranew,/players/r/ranewme01.shtml,ranewme01,31,SEP,5,54,13,54,17,0,13,0,0,1,0,3,0,0,3,38,0
1969,631,Fred Rath,/players/r/rathfr01.shtml,rathfr01,25,CHW,2,3,2,3,3,3,0,0,0,0,0,0,0,0,0,0,0
1969,632,Jim Ray,/players/r/rayji01.shtml,rayji01,24,HOU,4,40,13,40,40,40,0,0,0,0,0,0,0,0,0,0,0
1969,633,Claude Raymond,/players/r/raymocl01.shtml,raymocl01,32,2TM,10,48,0,48,48,48,0,0,0,0,0,0,0,0,0,0,0
1969,634,Leroy Reams,/players/r/reamsle01.shtml,reamsle01,25,PHI,1st,1,0,1,0,0,0,0,0,0,0,0,0,0,0,1,0
1969,635,Frank Reberger,/players/r/reberfr01.shtml,reberfr01,25,SDP,2,67,0,67,67,67,0,0,0,0,0,0,0,0,0,0,0
1969,636,Wayne Redmond,/players/r/redmowa01.shtml,redmowa01,23,DET,2,5,0,5,0,0,0,0,0,0,0,0,0,0,0,3,2
1969,637,Bob Reed,/players/r/reedbo01.shtml,reedbo01,24,DET,1st,8,1,8,8,8,0,0,0,0,0,0,0,0,0,0,0
1969,638,Howie Reed,/players/r/reedho01.shtml,reedho01,32,MON,8,31,15,31,31,31,0,0,0,0,0,0,0,0,0,0,0
1969,639,Ron Reed,/players/r/reedro01.shtml,reedro01,26,ATL,4,37,33,37,36,36,0,0,0,0,0,0,0,0,0,0,1
1969,640,Rich Reese,/players/r/reeseri01.shtml,reeseri01,27,MIN,6,132,98,132,120,0,0,118,0,0,0,5,0,0,5,23,2
1969,641,Phil Regan,/players/r/reganph01.shtml,reganph01,32,CHC,10,71,0,71,71,71,0,0,0,0,0,0,0,0,0,0,0
1969,642,Rick Reichardt,/players/r/reichri01.shtml,reichri01,26,CAL,6,137,135,137,136,0,0,3,0,0,0,136,0,0,136,2,0
1969,643,Scott Reid,/players/r/reidsc01.shtml,reidsc01,22,PHI,1st,13,4,13,5,0,0,0,0,0,0,2,4,0,5,9,0
1969,644,Rick Renick,/players/r/renicri01.shtml,renicri01,25,MIN,2,71,33,71,44,0,0,0,0,31,6,8,0,2,10,33,1
1969,645,Steve Renko,/players/r/renkost01.shtml,renkost01,24,MON,1st,18,15,18,18,18,0,0,0,0,0,0,0,0,0,0,0
1969,646,Roger Repoz,/players/r/repozro01.shtml,repozro01,28,CAL,6,103,52,103,75,0,0,31,0,0,0,13,22,15,47,35,4
1969,647,Merv Rettenmund,/players/r/retteme01.shtml,retteme01,26,BAL,2,95,42,95,78,0,0,0,0,0,0,44,18,22,78,19,4
1969,648,Jerry Reuss,/players/r/reussje01.shtml,reussje01,20,STL,1st,1,1,1,1,1,0,0,0,0,0,0,0,0,0,0,0
1969,649,Archie Reynolds,/players/r/reynoar01.shtml,reynoar01,23,CHC,2,2,2,2,2,2,0,0,0,0,0,0,0,0,0,0,0
1969,650,Bob Reynolds,/players/r/reynobo01.shtml,reynobo01,22,MON,1st,1,1,1,1,1,0,0,0,0,0,0,0,0,0,0,0
1969,651,Tommie Reynolds,/players/r/reynoto01.shtml,reynoto01,27,OAK,5,107,77,107,90,0,0,0,0,0,0,82,0,8,90,22,1
1969,652,Dennis Ribant,/players/r/ribande01.shtml,ribande01,27,2TM,6,9,0,9,8,8,0,0,0,0,0,0,0,0,0,0,1
1969,653,Pete Richert,/players/r/richepe01.shtml,richepe01,29,BAL,8,44,0,44,44,44,0,0,0,0,0,0,0,0,0,0,0
1969,654,Dave Ricketts,/players/r/rickeda01.shtml,rickeda01,33,STL,5,30,7,30,9,0,8,1,0,0,0,0,0,0,0,21,0
1969,655,Fred Rico,/players/r/ricofr01.shtml,ricofr01,24,KCR,1st,12,9,12,10,0,0,0,0,1,0,0,2,7,9,1,1
1969,656,Juan Rios,/players/r/riosju01.shtml,riosju01,26,KCR,1st,87,43,87,77,0,0,0,47,4,31,0,0,0,0,15,8
1969,657,Dave Roberts,/players/r/roberda05.shtml,roberda05,24,SDP,1st,23,5,23,22,22,0,0,0,0,0,0,0,0,0,1,0
1969,658,Bob Robertson,/players/r/roberbo01.shtml,roberbo01,22,PIT,2,32,23,32,26,0,0,26,0,0,0,0,0,0,0,7,0
1969,659,Jerry Robertson,/players/r/roberje01.shtml,roberje01,25,MON,1st,38,27,38,38,38,0,0,0,0,0,0,0,0,0,0,0
1969,660,Rich Robertson,/players/r/roberri01.shtml,roberri01,24,SFG,4,17,7,17,17,17,0,0,0,0,0,0,0,0,0,0,0
1969,661,Bill Robinson,/players/r/robinbi02.shtml,robinbi02,26,NYY,4,87,53,87,63,0,0,1,0,0,0,17,19,29,62,32,0
1969,662,Brooks Robinson,/players/r/robinbr01.shtml,robinbr01,32,BAL,15,156,156,156,156,0,0,0,0,156,0,0,0,0,0,0,0
1969,663,Frank Robinson,/players/r/robinfr02.shtml,robinfr02,33,BAL,14,148,145,148,145,0,0,20,0,0,0,2,0,133,133,3,0
1969,664,Rafael Robles,/players/r/roblera01.shtml,roblera01,21,SDP,1st,6,6,6,6,0,0,0,0,0,6,0,0,0,0,0,0
1969,665,Buck Rodgers,/players/r/rodgebu01.shtml,rodgebu01,30,CAL,9,18,14,18,18,0,18,0,0,0,0,0,0,0,0,0,0
1969,666,Aurelio Rodriguez,/players/r/rodriau01.shtml,rodriau01,21,CAL,3,159,156,159,159,0,0,0,0,159,0,0,0,0,0,0,0
1969,667,Ellie Rodriguez,/players/r/rodriel01.shtml,rodriel01,23,KCR,2,95,83,95,90,0,90,0,0,0,0,0,0,0,0,7,0
1969,668,Garry Roggenburk,/players/r/roggega01.shtml,roggega01,29,2TM,5,14,4,14,14,14,0,0,0,0,0,0,0,0,0,0,0
1969,669,Les Rohr,/players/r/rohrle01.shtml,rohrle01,23,NYM,3,1,0,1,1,1,0,0,0,0,0,0,0,0,0,0,0
1969,670,Cookie Rojas,/players/r/rojasco01.shtml,rojasco01,30,PHI,8,110,96,110,97,0,0,0,95,0,0,2,0,0,2,13,0
1969,671,Jim Roland,/players/r/rolanji01.shtml,rolanji01,26,OAK,7,39,3,39,39,39,0,0,0,0,0,0,0,0,0,0,0
1969,672,Rich Rollins,/players/r/rolliri01.shtml,rolliri01,31,SEP,9,58,44,58,47,0,0,0,0,47,1,0,0,0,0,14,0
1969,673,Vicente Romo,/players/r/romovi01.shtml,romovi01,26,2TM,2,55,11,55,55,55,0,0,0,0,0,0,0,0,0,0,0
1969,674,Phil Roof,/players/r/roofph01.shtml,roofph01,28,OAK,7,106,83,106,106,0,106,0,0,0,0,0,0,0,0,1,0
1969,675,Jim Rooker,/players/r/rookeji01.shtml,rookeji01,26,KCR,2,35,22,35,28,28,0,0,0,0,0,0,0,0,0,3,4
1969,676,Pete Rose,/players/r/rosepe01.shtml,rosepe01,28,CIN,7,156,156,156,156,0,0,0,2,0,0,0,56,101,156,0,0
1969,677,John Roseboro,/players/r/rosebjo01.shtml,rosebjo01,36,MIN,13,115,102,115,111,0,111,0,0,0,0,0,0,0,0,6,1
1969,678,Gary Ross,/players/r/rossga01.shtml,rossga01,21,2TM,2,48,8,48,48,48,0,0,0,0,0,0,0,0,0,0,0
1969,679,Vic Roznovsky,/players/r/roznovi01.shtml,roznovi01,30,PHI,5,13,0,13,2,0,2,0,0,0,0,0,0,0,0,13,0
1969,680,Sonny Ruberto,/players/r/ruberso01.shtml,ruberso01,23,SDP,1st,20,6,20,15,0,15,0,0,0,0,0,0,0,0,1,13
1969,681,Joe Rudi,/players/r/rudijo01.shtml,rudijo01,22,OAK,3,35,28,35,29,0,0,11,0,0,0,18,0,0,18,6,0
1969,682,Ken Rudolph,/players/r/rudolke01.shtml,rudolke01,22,CHC,1st,27,7,27,15,0,12,0,0,0,0,3,0,0,3,12,2
1969,683,Chico Ruiz,/players/r/ruizch01.shtml,ruizch01,30,CIN,6,88,50,88,75,0,0,2,39,7,30,1,0,0,1,12,10
1969,684,Bill Russell,/players/r/russebi01.shtml,russebi01,20,LAD,1st,98,45,98,86,0,0,0,0,0,0,8,24,61,86,23,10
1969,685,Mike Ryan,/players/r/ryanmi02.shtml,ryanmi02,27,PHI,6,133,129,133,132,0,132,0,0,0,0,0,0,0,0,1,0
1969,686,Nolan Ryan,/players/r/ryanno01.shtml,ryanno01,22,NYM,3,25,10,25,25,25,0,0,0,0,0,0,0,0,0,0,0
1969,687,Ray Sadecki,/players/s/sadecra01.shtml,sadecra01,28,SFG,10,30,17,30,29,29,0,0,0,0,0,0,0,0,0,1,0
1969,688,Chico Salmon,/players/s/salmoch01.shtml,salmoch01,28,BAL,6,52,18,52,35,0,0,17,9,3,9,1,0,0,1,16,9
1969,689,Manny Sanguillen,/players/s/sanguma01.shtml,sanguma01,25,PIT,2,129,107,129,113,0,113,0,0,0,0,0,0,0,0,18,0
1969,690,Jose Santiago,/players/s/santijo02.shtml,santijo02,28,BOS,7,10,0,10,10,10,0,0,0,0,0,0,0,0,0,0,0
1969,691,Ron Santo,/players/s/santoro01.shtml,santoro01,29,CHC,10,160,159,160,160,0,0,0,0,160,0,0,0,0,0,1,0
1969,692,Al Santorini,/players/s/santoal01.shtml,santoal01,21,SDP,2,32,30,32,32,32,0,0,0,0,0,0,0,0,0,0,0
1969,693,Tom Satriano,/players/s/satrito01.shtml,satrito01,28,2TM,9,88,73,88,84,0,78,7,2,0,0,0,0,0,0,9,0
1969,694,Ted Savage,/players/s/savagte01.shtml,savagte01,32,CIN,7,68,18,68,43,0,0,0,1,0,0,28,12,4,42,35,2
1969,695,Paul Schaal,/players/s/schaapa01.shtml,schaapa01,26,KCR,6,61,55,61,60,0,0,0,6,49,6,0,0,0,0,3,0
1969,696,Richie Scheinblum,/players/s/scheiri01.shtml,scheiri01,26,CLE,4,102,37,102,49,0,0,0,0,0,0,32,3,14,49,61,2
1969,697,Fred Scherman,/players/s/scherfr01.shtml,scherfr01,24,DET,1st,4,0,4,4,4,0,0,0,0,0,0,0,0,0,0,0
1969,698,Dan Schneider,/players/s/schneda01.shtml,schneda01,26,HOU,5,6,0,6,6,6,0,0,0,0,0,0,0,0,0,0,0
1969,699,Dick Schofield,/players/s/schofdi01.shtml,schofdi01,34,BOS,17,94,44,94,62,0,0,0,37,9,11,3,0,2,5,42,0
1969,700,George Scott,/players/s/scottge02.shtml,scottge02,25,BOS,4,152,152,152,152,0,0,53,0,109,0,0,0,0,0,0,0
1969,701,Tom Seaver,/players/s/seaveto01.shtml,seaveto01,24,NYM,3,39,35,39,36,36,0,0,0,0,0,0,0,0,0,0,3
1969,702,Don Secrist,/players/s/secrido01.shtml,secrido01,25,CHW,1st,19,0,19,19,19,0,0,0,0,0,0,0,0,0,0,0
1969,703,Diego Segui,/players/s/seguidi01.shtml,seguidi01,31,SEP,8,66,8,66,66,66,0,0,0,0,0,0,0,0,0,0,0
1969,704,Dick Selma,/players/s/selmadi01.shtml,selmadi01,25,2TM,5,40,28,40,40,40,0,0,0,0,0,0,0,0,0,0,0
1969,705,Carroll Sembera,/players/s/sembeca01.shtml,sembeca01,27,MON,4,23,0,23,23,23,0,0,0,0,0,0,0,0,0,0,0
1969,706,Al Severinsen,/players/s/several01.shtml,several01,24,BAL,1st,12,0,12,12,12,0,0,0,0,0,0,0,0,0,0,0
1969,707,Art Shamsky,/players/s/shamsar01.shtml,shamsar01,27,NYM,5,100,83,100,86,0,0,9,0,0,0,16,0,63,78,16,0
1969,708,Mike Shannon,/players/s/shannmi01.shtml,shannmi01,29,STL,8,150,147,150,149,0,0,0,0,149,0,0,0,0,0,2,0
1969,709,Don Shaw,/players/s/shawdo01.shtml,shawdo01,25,MON,3,35,1,35,35,35,0,0,0,0,0,0,0,0,0,0,0
1969,710,Steve Shea,/players/s/sheast01.shtml,sheast01,26,MON,2,10,0,10,10,10,0,0,0,0,0,0,0,0,0,0,0
1969,711,Jim Shellenback,/players/s/shellji01.shtml,shellji01,25,2TM,3,38,11,38,38,38,0,0,0,0,0,0,0,0,0,0,0
1969,712,Tom Shopay,/players/s/shopato01.shtml,shopato01,24,NYY,2,28,11,28,11,0,0,0,0,0,0,7,0,5,11,15,2
1969,713,Bill Short,/players/s/shortbi01.shtml,shortbi01,31,CIN,6,4,0,4,4,4,0,0,0,0,0,0,0,0,0,0,0
1969,714,Chris Short,/players/s/shortch02.shtml,shortch02,31,PHI,11,2,2,2,2,2,0,0,0,0,0,0,0,0,0,0,0
1969,715,Sonny Siebert,/players/s/siebeso01.shtml,siebeso01,32,2TM,6,45,24,45,45,45,0,0,0,0,0,0,0,0,0,0,0
1969,716,Ted Simmons,/players/s/simmote01.shtml,simmote01,19,STL,2,5,3,5,4,0,4,0,0,0,0,0,0,0,0,2,0
1969,717,Dick Simpson,/players/s/simpsdi01.shtml,simpsdi01,25,2TM,7,32,15,32,22,0,0,0,0,0,0,4,18,0,22,8,3
1969,718,Duke Sims,/players/s/simsdu01.shtml,simsdu01,28,CLE,6,114,96,114,104,0,102,1,0,0,0,2,0,1,3,17,0
1969,719,Bill Singer,/players/s/singebi01.shtml,singebi01,25,LAD,6,41,40,41,41,41,0,0,0,0,0,0,0,0,0,0,0
1969,720,John Sipin,/players/s/sipinjo01.shtml,sipinjo01,22,SDP,1st,68,54,68,60,0,0,0,60,0,0,0,0,0,0,8,4
1969,721,Tommie Sisk,/players/s/siskto01.shtml,siskto01,27,SDP,8,53,13,53,53,53,0,0,0,0,0,0,0,0,0,0,0
1969,722,Ted Sizemore,/players/s/sizemte01.shtml,sizemte01,24,LAD,1st,159,159,159,159,0,0,0,117,0,47,1,0,0,1,0,0
1969,723,Ron Slocum,/players/s/slocuro01.shtml,slocuro01,23,SDP,1st,13,4,13,9,0,0,0,4,4,1,0,0,0,0,3,3
1969,724,Charley Smith,/players/s/smithch04.shtml,smithch04,31,CHC,10,2,0,2,0,0,0,0,0,0,0,0,0,0,0,2,0
1969,725,Dick Smith,/players/s/smithdi03.shtml,smithdi03,24,WSA,1st,21,7,21,9,0,0,0,0,0,0,9,0,0,9,12,1
1969,726,Reggie Smith,/players/s/smithre06.shtml,smithre06,24,BOS,4,143,138,143,139,0,0,0,0,0,0,3,136,0,139,4,1
1969,727,Willie Smith,/players/s/smithwi02.shtml,smithwi02,30,CHC,7,103,46,103,53,0,0,24,0,0,0,32,0,1,33,51,0
1969,728,Russ Snyder,/players/s/snyderu01.shtml,snyderu01,35,CLE,11,122,59,122,84,0,0,0,0,0,0,37,28,21,84,47,2
1969,729,Al Spangler,/players/s/spangal01.shtml,spangal01,35,CHC,11,82,52,82,58,0,0,0,0,0,0,0,1,57,58,30,0
1969,730,Joe Sparma,/players/s/sparmjo01.shtml,sparmjo01,27,DET,6,23,16,23,23,23,0,0,0,0,0,0,0,0,0,0,0
1969,731,Bob Spence,/players/s/spencbo01.shtml,spencbo01,23,CHW,1st,12,4,12,6,0,0,6,0,0,0,0,0,0,0,8,0
1969,732,Jim Spencer,/players/s/spencji01.shtml,spencji01,21,CAL,2,113,101,113,107,0,0,107,0,0,0,0,0,0,0,9,0
1969,733,Ed Spiezio,/players/s/spiezed01.shtml,spiezed01,27,SDP,6,121,93,121,99,0,0,0,0,98,0,1,0,0,1,26,0
1969,734,Scipio Spinks,/players/s/spinksc01.shtml,spinksc01,21,HOU,1st,1,0,1,1,1,0,0,0,0,0,0,0,0,0,0,0
1969,735,Ed Sprague,/players/s/spraged01.shtml,spraged01,23,OAK,2,27,0,27,27,27,0,0,0,0,0,0,0,0,0,0,0
1969,736,George Spriggs,/players/s/sprigge01.shtml,sprigge01,32,KCR,4,23,4,23,6,0,0,0,0,0,0,4,1,1,6,16,3
1969,737,Marv Staehle,/players/s/staehma01.shtml,staehma01,27,MON,5,6,4,6,4,0,0,0,4,0,0,0,0,0,0,2,0
1969,738,Larry Stahl,/players/s/stahlla01.shtml,stahlla01,28,SDP,6,95,34,95,48,0,0,13,0,0,0,28,3,6,37,52,4
1969,739,Lee Stange,/players/s/stangle01.shtml,stangle01,32,BOS,9,41,15,41,41,41,0,0,0,0,0,0,0,0,0,0,0
1969,740,Fred Stanley,/players/s/stanlfr01.shtml,stanlfr01,21,SEP,1st,17,12,17,16,0,0,0,1,0,15,0,0,0,0,1,1
1969,741,Mickey Stanley,/players/s/stanlmi01.shtml,stanlmi01,26,DET,6,149,138,149,145,0,0,4,0,0,59,0,99,3,102,7,3
1969,742,Willie Stargell,/players/s/stargwi01.shtml,stargwi01,29,PIT,8,145,133,145,136,0,0,23,0,0,0,115,0,1,116,12,0
1969,743,Rusty Staub,/players/s/staubru01.shtml,staubru01,25,MON,7,158,154,158,156,0,0,0,0,0,0,0,0,156,156,4,0
1969,744,Jerry Stephenson,/players/s/stephje01.shtml,stephje01,25,SEP,6,2,0,2,2,2,0,0,0,0,0,0,0,0,0,0,0
1969,745,John Stephenson,/players/s/stephjo02.shtml,stephjo02,28,SFG,6,22,1,22,10,0,9,0,0,1,0,0,0,0,0,17,1
1969,746,Jimmy Stewart,/players/s/stewaji01.shtml,stewaji01,30,CIN,6,119,41,119,87,0,0,0,19,6,1,55,10,1,66,42,2
1969,747,Bob Stinson,/players/s/stinsbo01.shtml,stinsbo01,23,LAD,1st,4,3,4,4,0,4,0,0,0,0,0,0,0,0,0,0
1969,748,Gene Stone,/players/s/stonege03.shtml,stonege03,25,PHI,1st,18,5,18,5,0,0,5,0,0,0,0,0,0,0,13,0
1969,749,George Stone,/players/s/stonege02.shtml,stonege02,22,ATL,3,36,20,36,36,36,0,0,0,0,0,0,0,0,0,1,0
1969,750,Ron Stone,/players/s/stonero02.shtml,stonero02,26,PHI,2,103,50,103,69,0,0,0,0,0,0,38,2,31,69,38,2
1969,751,Bill Stoneman,/players/s/stonebi01.shtml,stonebi01,25,MON,3,42,36,42,42,42,0,0,0,0,0,0,0,0,0,0,0
1969,752,Mel Stottlemyre,/players/s/stottme01.shtml,stottme01,27,NYY,6,39,39,39,39,39,0,0,0,0,0,0,0,0,0,0,0
1969,753,Ed Stroud,/players/s/stroued01.shtml,stroued01,29,WSA,4,123,42,123,85,0,0,0,0,0,0,26,1,59,85,51,10
1969,754,Dick Stuart,/players/s/stuardi01.shtml,stuardi01,36,CAL,10,22,13,22,13,0,0,13,0,0,0,0,0,0,0,9,0
1969,755,Ken Suarez,/players/s/suareke01.shtml,suareke01,26,CLE,4,36,29,36,36,0,36,0,0,0,0,0,0,0,0,0,0
1969,756,Bill Sudakis,/players/s/sudakbi01.shtml,sudakbi01,23,LAD,2,132,118,132,121,0,0,0,0,121,0,0,0,0,0,13,0
1969,757,Gary Sutherland,/players/s/suthega01.shtml,suthega01,24,MON,4,141,139,141,140,0,0,0,139,0,15,0,0,1,1,1,0
1969,758,Don Sutton,/players/s/suttodo01.shtml,suttodo01,24,LAD,4,41,41,41,41,41,0,0,0,0,0,0,0,0,0,0,0
1969,759,Ron Swoboda,/players/s/swoboro01.shtml,swoboro01,25,NYM,5,109,86,109,97,0,0,0,0,0,0,23,0,78,97,15,1
1969,760,Fred Talbot,/players/t/talbofr01.shtml,talbofr01,28,3TM,7,47,18,47,45,45,0,0,0,0,0,0,0,0,0,2,0
1969,761,Jose Tartabull,/players/t/tartajo01.shtml,tartajo01,30,OAK,8,75,55,75,63,0,0,0,0,0,0,30,34,0,63,13,2
1969,762,Jarvis Tatum,/players/t/tatumja01.shtml,tatumja01,22,CAL,2,10,5,10,5,0,0,0,0,0,0,0,0,5,5,4,1
1969,763,Ken Tatum,/players/t/tatumke01.shtml,tatumke01,25,CAL,1st,45,0,45,45,45,0,0,0,0,0,0,0,0,0,0,0
1969,764,Carl Taylor,/players/t/tayloca01.shtml,tayloca01,25,PIT,2,104,51,104,59,0,0,24,0,0,0,19,0,19,36,46,3
1969,765,Chuck Taylor,/players/t/tayloch02.shtml,tayloch02,27,STL,1st,27,13,27,27,27,0,0,0,0,0,0,0,0,0,0,0
1969,766,Gary Taylor,/players/t/tayloga01.shtml,tayloga01,23,DET,1st,7,0,7,7,7,0,0,0,0,0,0,0,0,0,0,0
1969,767,Hawk Taylor,/players/t/tayloha04.shtml,tayloha04,30,KCR,10,64,9,64,23,0,6,0,0,0,0,2,0,16,18,52,0
1969,768,Ron Taylor,/players/t/tayloro01.shtml,tayloro01,31,NYM,8,59,0,59,59,59,0,0,0,0,0,0,0,0,0,0,0
1969,769,Tony Taylor,/players/t/tayloto02.shtml,tayloto02,33,PHI,12,138,131,138,134,0,0,10,57,71,0,0,0,0,0,5,1
1969,770,Gene Tenace,/players/t/tenacge01.shtml,tenacge01,22,OAK,1st,16,8,16,14,0,14,0,0,0,0,0,0,0,0,6,0
1969,771,Frank Tepedino,/players/t/tepedfr01.shtml,tepedfr01,21,NYY,2,13,12,13,13,0,0,0,0,0,0,0,0,13,13,1,0
1969,772,George Thomas,/players/t/thomage01.shtml,thomage01,31,BOS,11,29,9,29,24,0,1,10,0,1,0,8,1,3,12,6,1
1969,773,Luis Tiant,/players/t/tiantlu01.shtml,tiantlu01,28,CLE,6,38,37,38,38,38,0,0,0,0,0,0,0,0,0,0,0
1969,774,Bob Tillman,/players/t/tillmbo01.shtml,tillmbo01,32,ATL,8,69,52,69,69,0,69,0,0,0,0,0,0,0,0,1,0
1969,775,Gary Timberlake,/players/t/timbega01.shtml,timbega01,20,SEP,1st,2,2,2,2,2,0,0,0,0,0,0,0,0,0,0,0
1969,776,Tom Timmermann,/players/t/timmeto01.shtml,timmeto01,29,DET,1st,31,1,31,31,31,0,0,0,0,0,0,0,0,0,0,0
1969,777,Tom Tischinski,/players/t/tischto01.shtml,tischto01,24,MIN,1st,37,12,37,32,0,32,0,0,0,0,0,0,0,0,6,0
1969,778,Bobby Tolan,/players/t/tolanbo01.shtml,tolanbo01,23,CIN,5,152,149,152,150,0,0,0,0,0,0,0,87,63,150,2,0
1969,779,Jeff Torborg,/players/t/torboje01.shtml,torboje01,27,LAD,6,51,39,51,50,0,50,0,0,0,0,0,0,0,0,1,0
1969,780,Joe Torre,/players/t/torrejo01.shtml,torrejo01,28,STL,10,159,158,159,159,0,18,143,0,0,0,0,0,0,0,1,0
1969,781,Hector Torres,/players/t/torrehe01.shtml,torrehe01,23,HOU,2,34,14,34,22,0,0,0,0,0,22,0,0,0,0,14,2
1969,782,Mike Torrez,/players/t/torremi01.shtml,torremi01,22,STL,3,24,15,24,24,24,0,0,0,0,0,0,0,0,0,0,0
1969,783,Cesar Tovar,/players/t/tovarce01.shtml,tovarce01,28,MIN,5,158,123,158,152,0,0,0,41,23,0,40,69,8,112,11,13
1969,784,Dick Tracewski,/players/t/tracedi01.shtml,tracedi01,34,DET,8,66,18,66,59,0,0,0,13,7,40,0,0,0,0,3,12
1969,785,Tom Tresh,/players/t/treshto01.shtml,treshto01,30,2TM,9,139,125,139,128,0,0,0,0,1,118,7,0,4,11,13,0
1969,786,Ted Uhlaender,/players/u/uhlaete01.shtml,uhlaete01,29,MIN,5,152,125,152,150,0,0,0,0,0,0,44,111,1,150,6,9
1969,787,Del Unser,/players/u/unserde01.shtml,unserde01,24,WSA,2,153,139,153,149,0,0,0,0,0,0,0,149,0,149,11,2
1969,788,Cecil Upshaw,/players/u/upshace01.shtml,upshace01,26,ATL,4,62,0,62,62,62,0,0,0,0,0,0,0,0,0,1,0
1969,789,Sandy Valdespino,/players/v/valdesa01.shtml,valdesa01,30,2TM,5,62,35,62,36,0,0,0,0,0,0,36,0,0,36,26,0
1969,790,Bobby Valentine,/players/v/valenbo02.shtml,valenbo02,19,LAD,1st,5,0,5,0,0,0,0,0,0,0,0,0,0,0,0,5
1969,791,Charlie Vaughan,/players/v/vaughch01.shtml,vaughch01,21,ATL,2,1,0,1,1,1,0,0,0,0,0,0,0,0,0,0,0
1969,792,Bob Veale,/players/v/vealebo01.shtml,vealebo01,33,PIT,8,34,34,34,34,34,0,0,0,0,0,0,0,0,0,0,0
1969,793,Freddie Velazquez,/players/v/velazfr01.shtml,velazfr01,31,SEP,1st,6,3,6,5,0,5,0,0,0,0,0,0,0,0,1,0
1969,794,Zoilo Versalles,/players/v/versazo01.shtml,versazo01,29,2TM,11,103,74,103,93,0,0,0,53,35,16,0,0,0,0,15,2
1969,795,Jose Vidal,/players/v/vidaljo01.shtml,vidaljo01,29,SEP,4,18,6,18,6,0,0,0,0,0,0,1,0,5,6,7,5
1969,796,Ozzie Virgil,/players/v/virgioz01.shtml,virgioz01,37,SFG,9,1,0,1,0,0,0,0,0,0,0,0,0,0,0,1,0
1969,797,Bill Voss,/players/v/vossbi01.shtml,vossbi01,25,CAL,5,133,86,133,113,0,0,2,0,0,0,6,4,105,111,25,5
1969,798,Gary Wagner,/players/w/wagnega01.shtml,wagnega01,29,2TM,5,15,3,15,15,15,0,0,0,0,0,0,0,0,0,0,0
1969,799,Leon Wagner,/players/w/wagnele01.shtml,wagnele01,35,SFG,12,11,1,11,1,0,0,0,0,0,0,1,0,0,1,10,0
1969,800,Luke Walker,/players/w/walkelu01.shtml,walkelu01,25,PIT,4,31,15,31,31,31,0,0,0,0,0,0,0,0,0,0,0
1969,801,Charlie Walters,/players/w/waltech01.shtml,waltech01,22,MIN,1st,6,0,6,6,6,0,0,0,0,0,0,0,0,0,0,0
1969,802,Danny Walton,/players/w/waltoda01.shtml,waltoda01,21,SEP,2,23,23,23,23,0,0,0,0,0,0,23,0,0,23,0,0
1969,803,Pete Ward,/players/w/wardpe01.shtml,wardpe01,31,CHW,8,105,46,105,51,0,0,25,0,21,0,3,0,6,9,58,0
1969,804,Greg Washburn,/players/w/washbgr01.shtml,washbgr01,22,CAL,1st,8,2,8,8,8,0,0,0,0,0,0,0,0,0,0,0
1969,805,Ray Washburn,/players/w/washbra01.shtml,washbra01,31,STL,9,28,16,28,28,28,0,0,0,0,0,0,0,0,0,0,0
1969,806,Gary Waslewski,/players/w/waslega01.shtml,waslega01,27,2TM,3,42,14,42,42,42,0,0,0,0,0,0,0,0,0,0,0
1969,807,Bob Watkins,/players/w/watkibo01.shtml,watkibo01,21,HOU,1st,5,0,5,5,5,0,0,0,0,0,0,0,0,0,0,0
1969,808,Dave Watkins,/players/w/watkida01.shtml,watkida01,25,PHI,1st,69,38,69,60,0,54,0,0,1,0,5,0,1,5,11,6
1969,809,Bob Watson,/players/w/watsobo01.shtml,watsobo01,23,HOU,4,20,10,20,12,0,1,5,0,0,0,6,0,0,6,9,0
1969,810,Eddie Watt,/players/w/watted01.shtml,watted01,28,BAL,4,56,0,56,56,56,0,0,0,0,0,0,0,0,0,0,0
1969,811,Ramon Webster,/players/w/webstra02.shtml,webstra02,26,OAK,3,64,9,64,13,0,0,13,0,0,0,0,0,0,0,52,0
1969,812,Mike Wegener,/players/w/wegenmi01.shtml,wegenmi01,22,MON,1st,32,26,32,32,32,0,0,0,0,0,0,0,0,0,0,0
1969,813,Al Weis,/players/w/weisal01.shtml,weisal01,31,NYM,8,103,70,103,92,0,0,0,42,1,53,0,0,0,0,3,18
1969,814,Fred Wenz,/players/w/wenzfr01.shtml,wenzfr01,27,BOS,2,8,0,8,8,8,0,0,0,0,0,0,0,0,0,0,0
1969,815,Don Wert,/players/w/wertdo01.shtml,wertdo01,30,DET,7,132,122,132,129,0,0,0,0,129,0,0,0,0,0,4,0
1969,816,Steve Whitaker,/players/w/whitast01.shtml,whitast01,26,SEP,4,69,27,69,39,0,0,0,0,0,0,22,0,18,39,30,1
1969,817,Bill White,/players/w/whitebi03.shtml,whitebi03,35,STL,13,49,7,49,15,0,0,15,0,0,0,0,0,0,0,36,0
1969,818,Roy White,/players/w/whitero01.shtml,whitero01,25,NYY,5,130,125,130,126,0,0,0,0,0,0,126,0,0,126,5,0
1969,819,Fred Whitfield,/players/w/whitffr01.shtml,whitffr01,31,CIN,8,74,6,74,14,0,0,14,0,0,0,0,0,0,0,64,0
1969,820,Floyd Wicker,/players/w/wickefl01.shtml,wickefl01,25,MON,2,41,1,41,11,0,0,0,0,0,0,2,7,2,11,30,4
1969,821,Dave Wickersham,/players/w/wickeda01.shtml,wickeda01,33,KCR,10,34,0,34,34,34,0,0,0,0,0,0,0,0,0,0,0
1969,822,Hoyt Wilhelm,/players/w/wilheho01.shtml,wilheho01,46,2TM,18,52,0,52,52,52,0,0,0,0,0,0,0,0,0,0,0
1969,823,Billy Williams,/players/w/willibi01.shtml,willibi01,31,CHC,11,163,159,163,159,0,0,0,0,0,0,151,0,30,159,4,0
1969,824,Billy Williams,/players/w/willibi02.shtml,willibi02,37,SEP,1st,4,3,4,3,0,0,0,0,0,0,0,0,3,3,0,1
1969,825,Jim Williams,/players/w/williji04.shtml,williji04,22,SDP,1st,13,5,13,6,0,0,0,0,0,0,5,0,1,6,7,0
1969,826,Stan Williams,/players/w/willist02.shtml,willist02,32,CLE,11,61,15,61,61,61,0,0,0,1,0,0,0,0,0,0,0
1969,827,Walt Williams,/players/w/williwa02.shtml,williwa02,25,CHW,4,135,108,135,111,0,0,0,0,0,0,35,0,84,111,25,1
1969,828,Ron Willis,/players/w/williro01.shtml,williro01,25,2TM,4,29,0,29,29,29,0,0,0,0,0,0,0,0,0,0,0
1969,829,Maury Wills,/players/w/willsma01.shtml,willsma01,36,2TM,11,151,149,151,151,0,0,0,1,0,150,0,0,0,0,2,0
1969,830,Bill Wilson,/players/w/wilsobi03.shtml,wilsobi03,26,PHI,1st,37,0,37,37,37,0,0,0,0,0,0,0,0,0,0,0
1969,831,Don Wilson,/players/w/wilsodo01.shtml,wilsodo01,24,HOU,4,34,34,34,34,34,0,0,0,0,0,0,0,0,0,0,0
1969,832,Earl Wilson,/players/w/wilsoea01.shtml,wilsoea01,34,DET,10,37,35,37,35,35,0,0,0,0,0,0,0,0,0,2,0
1969,833,Bobby Wine,/players/w/winebo01.shtml,winebo01,30,MON,9,121,115,121,119,0,0,1,0,1,118,0,0,0,0,2,0
1969,834,Rick Wise,/players/w/wiseri01.shtml,wiseri01,23,PHI,5,33,31,33,33,33,0,0,0,0,0,0,0,0,0,0,0
1969,835,Wally Wolf,/players/w/wolfwa01.shtml,wolfwa01,27,CAL,1st,2,0,2,2,2,0,0,0,0,0,0,0,0,0,0,0
1969,836,Dooley Womack,/players/w/womacdo01.shtml,womacdo01,29,2TM,4,39,0,39,39,39,0,0,0,0,0,0,0,0,0,0,0
1969,837,Wilbur Wood,/players/w/woodwi01.shtml,woodwi01,27,CHW,8,76,0,76,76,76,0,0,0,0,0,0,0,0,0,0,0
1969,838,Ron Woods,/players/w/woodsro01.shtml,woodsro01,26,2TM,1st,89,46,89,74,0,0,0,0,0,0,8,67,0,74,16,7
1969,839,Dick Woodson,/players/w/woodsdi01.shtml,woodsdi01,24,MIN,1st,44,10,44,44,44,0,0,0,0,0,0,0,0,0,0,0
1969,840,Woody Woodward,/players/w/woodwwo01.shtml,woodwwo01,26,CIN,7,97,78,97,93,0,0,0,2,0,93,0,0,0,0,0,9
1969,841,Al Worthington,/players/w/worthal01.shtml,worthal01,40,MIN,14,46,0,46,46,46,0,0,0,0,0,0,0,0,0,0,0
1969,842,Clyde Wright,/players/w/wrighcl01.shtml,wrighcl01,28,CAL,4,40,5,40,37,37,0,0,0,0,0,0,0,0,0,0,3
1969,843,John Wyatt,/players/w/wyattjo02.shtml,wyattjo02,34,OAK,9,4,0,4,4,4,0,0,0,0,0,0,0,0,0,0,0
1969,844,Jim Wynn,/players/w/wynnji01.shtml,wynnji01,27,HOU,7,149,148,149,149,0,0,0,0,0,0,0,149,0,149,0,0
1969,845,Billy Wynne,/players/w/wynnebi02.shtml,wynnebi02,25,CHW,3,20,20,20,20,20,0,0,0,0,0,0,0,0,0,0,0
1969,846,Carl Yastrzemski,/players/y/yastrca01.shtml,yastrca01,29,BOS,9,162,162,162,162,0,0,22,0,0,0,140,4,0,143,0,0
1969,847,Don Young,/players/y/youngdo01.shtml,youngdo01,23,CHC,2,101,88,101,100,0,0,0,0,0,0,3,94,8,100,2,6
1969,848,Chris Zachary,/players/z/zachach02.shtml,zachach02,25,KCR,6,8,2,8,8,8,0,0,0,0,0,0,0,0,0,0,0
1969,849,Bill Zepp,/players/z/zeppbi01.shtml,zeppbi01,22,MIN,1st,4,0,4,4,4,0,0,0,0,0,0,0,0,0,0,0
