1967,1,Hank Aaron,/players/a/aaronha01.shtml,aaronha01,33,ATL,14,155,152,155,152,0,0,0,1,0,0,0,11,142,152,3,0
1967,2,Ted Abernathy,/players/a/abernte02.shtml,abernte02,34,CIN,9,70,0,70,70,70,0,0,0,0,0,0,0,0,0,0,0
1967,3,Jerry Adair,/players/a/adairje01.shtml,adairje01,30,2TM,10,117,102,117,111,0,0,0,51,34,30,0,0,0,0,9,1
1967,4,Mike Adamson,/players/a/adamsmi01.shtml,adamsmi01,19,BAL,1st,3,2,3,3,3,0,0,0,0,0,0,0,0,0,0,0
1967,5,Dave Adlesh,/players/a/adlesda01.shtml,adlesda01,23,HOU,5,39,24,39,31,0,31,0,0,0,0,0,0,0,0,9,0
1967,6,Tommie Agee,/players/a/ageeto01.shtml,ageeto01,24,CHW,6,158,137,158,152,0,0,0,0,0,0,10,136,9,152,2,12
1967,7,Hank Aguirre,/players/a/aguirha01.shtml,aguirha01,36,DET,13,31,1,31,31,31,0,0,0,0,0,0,0,0,0,0,0
1967,8,Jack Aker,/players/a/akerja01.shtml,akerja01,26,KCA,4,57,0,57,57,57,0,0,0,0,0,0,0,0,0,0,0
1967,9,Luis Alcaraz,/players/a/alcarlu01.shtml,alcarlu01,26,LAD,1st,17,17,17,17,0,0,0,17,0,0,0,0,0,0,0,0
1967,10,Bernie Allen,/players/a/allenbe01.shtml,allenbe01,28,WSA,6,87,62,87,76,0,0,0,76,0,0,0,0,0,0,13,3
1967,11,Bob Allen,/players/a/allenbo04.shtml,allenbo04,29,CLE,5,47,0,47,47,47,0,0,0,0,0,0,0,0,0,0,0
1967,12,Dick Allen,/players/a/allendi01.shtml,allendi01,25,PHI,5,122,121,122,121,0,0,0,1,121,2,0,0,0,0,1,0
1967,13,Hank Allen,/players/a/allenha02.shtml,allenha02,26,WSA,2,116,63,116,99,0,0,0,0,0,0,60,65,1,99,24,9
1967,14,Gene Alley,/players/a/alleyge01.shtml,alleyge01,26,PIT,5,152,144,152,146,0,0,0,0,0,146,0,0,0,0,5,1
1967,15,Bob Allison,/players/a/allisbo01.shtml,allisbo01,32,MIN,10,153,144,153,146,0,0,0,0,0,0,139,0,10,146,9,0
1967,16,Sandy Alomar,/players/a/alomasa01.shtml,alomasa01,23,2TM,4,27,9,27,24,0,0,0,4,3,18,0,0,0,0,1,13
1967,17,Felipe Alou,/players/a/aloufe01.shtml,aloufe01,32,ATL,10,140,136,140,138,0,0,85,0,0,0,24,31,5,56,3,0
1967,18,Jesus Alou,/players/a/alouje01.shtml,alouje01,25,SFG,5,129,115,129,123,0,0,0,0,0,0,79,0,50,123,6,1
1967,19,Matty Alou,/players/a/alouma01.shtml,alouma01,28,PIT,8,139,125,139,134,0,0,1,0,0,0,0,134,0,134,11,1
1967,20,George Altman,/players/a/altmage01.shtml,altmage01,34,CHC,9,15,1,15,5,0,0,1,0,0,0,3,0,1,4,10,0
1967,21,Max Alvis,/players/a/alvisma01.shtml,alvisma01,29,CLE,6,161,161,161,161,0,0,0,0,161,0,0,0,0,0,0,0
1967,22,Joey Amalfitano,/players/a/amalfjo01.shtml,amalfjo01,33,CHC,10,4,0,4,0,0,0,0,0,0,0,0,0,0,0,1,3
1967,23,Ruben Amaro,/players/a/amaroru01.shtml,amaroru01,31,NYY,9,130,117,130,127,0,0,2,0,3,123,0,0,0,0,3,2
1967,24,Mike Andrews,/players/a/andremi01.shtml,andremi01,23,BOS,2,142,135,142,139,0,0,0,139,0,6,0,0,0,0,2,3
1967,25,Luis Aparicio,/players/a/aparilu01.shtml,aparilu01,33,BAL,12,134,128,134,131,0,0,0,0,0,131,0,0,0,0,2,1
1967,26,Gerry Arrigo,/players/a/arrigge01.shtml,arrigge01,26,CIN,7,32,5,32,32,32,0,0,0,0,0,0,0,0,0,0,0
1967,27,Bob Aspromonte,/players/a/asprobo01.shtml,asprobo01,29,HOU,9,137,132,137,133,0,0,0,0,133,0,0,0,0,0,4,0
1967,28,Joe Azcue,/players/a/azcuejo01.shtml,azcuejo01,27,CLE,7,86,80,86,86,0,86,0,0,0,0,0,0,0,0,2,0
1967,29,Bob Bailey,/players/b/bailebo01.shtml,bailebo01,24,LAD,6,116,89,116,96,0,0,4,0,65,1,27,0,0,27,23,0
1967,30,Steve Bailey,/players/b/bailest01.shtml,bailest01,25,CLE,1st,32,1,32,32,32,0,0,0,0,0,0,0,0,0,0,0
1967,31,Jack Baldschun,/players/b/baldsja01.shtml,baldsja01,30,CIN,7,9,0,9,9,9,0,0,0,0,0,0,0,0,0,0,0
1967,32,Dave Baldwin,/players/b/baldwda01.shtml,baldwda01,29,WSA,2,58,0,58,58,58,0,0,0,0,0,0,0,0,0,0,0
1967,33,Lee Bales,/players/b/balesle01.shtml,balesle01,22,HOU,2,19,6,19,6,0,0,0,6,0,1,0,0,0,0,10,3
1967,34,Sal Bando,/players/b/bandosa01.shtml,bandosa01,23,KCA,2,47,38,47,44,0,0,0,0,44,0,0,0,0,0,5,0
1967,35,Ernie Banks,/players/b/bankser01.shtml,bankser01,36,CHC,15,151,146,151,147,0,0,147,0,0,0,0,0,0,0,5,0
1967,36,Steve Barber,/players/b/barbest01.shtml,barbest01,29,2TM,8,32,32,32,32,32,0,0,0,0,0,0,0,0,0,0,0
1967,37,Ray Barker,/players/b/barkera01.shtml,barkera01,31,NYY,4,17,4,17,13,0,0,13,0,0,0,0,0,0,0,4,4
1967,38,Bob Barton,/players/b/bartobo01.shtml,bartobo01,25,SFG,3,7,5,7,7,0,7,0,0,0,0,0,0,0,0,0,0
1967,39,John Bateman,/players/b/batemjo01.shtml,batemjo01,26,HOU,5,76,70,76,71,0,71,0,0,0,0,0,0,0,0,5,0
1967,40,Earl Battey,/players/b/batteea01.shtml,batteea01,32,MIN,13,48,33,48,41,0,41,0,0,0,0,0,0,0,0,11,0
1967,41,Jim Beauchamp,/players/b/beaucji01.shtml,beaucji01,27,ATL,4,4,0,4,0,0,0,0,0,0,0,0,0,0,0,4,0
1967,42,Glenn Beckert,/players/b/beckegl01.shtml,beckegl01,26,CHC,3,146,144,146,144,0,0,0,144,0,0,0,0,0,0,1,1
1967,43,Mark Belanger,/players/b/belanma01.shtml,belanma01,23,BAL,3,69,43,69,63,0,0,0,26,2,38,0,0,0,0,3,7
1967,44,Bo Belinsky,/players/b/belinbo01.shtml,belinbo01,30,HOU,6,27,18,27,27,27,0,0,0,0,0,0,0,0,0,0,0
1967,45,Gary Bell,/players/b/bellga01.shtml,bellga01,30,2TM,10,38,33,38,38,38,0,0,0,0,0,0,0,0,0,0,0
1967,46,Johnny Bench,/players/b/benchjo01.shtml,benchjo01,19,CIN,1st,26,26,26,26,0,26,0,0,0,0,0,0,0,0,0,0
1967,47,Dennis Bennett,/players/b/bennede01.shtml,bennede01,27,2TM,6,21,17,21,21,21,0,0,0,0,0,0,0,0,0,1,0
1967,48,Ken Berry,/players/b/berryke01.shtml,berryke01,26,CHW,6,147,125,147,143,0,0,0,0,0,0,54,38,84,143,4,5
1967,49,Frank Bertaina,/players/b/bertafr01.shtml,bertafr01,23,2TM,4,24,19,24,23,23,0,0,0,0,0,0,0,0,0,1,0
1967,50,Dick Bertell,/players/b/bertedi01.shtml,bertedi01,31,CHC,7,2,2,2,2,0,2,0,0,0,0,0,0,0,0,0,0
1967,51,Paul Blair,/players/b/blairpa01.shtml,blairpa01,23,BAL,4,151,139,151,146,0,0,0,0,0,0,0,146,0,146,6,3
1967,52,Wade Blasingame,/players/b/blasiwa01.shtml,blasiwa01,23,2TM,5,26,18,26,25,25,0,0,0,0,0,0,0,0,0,2,0
1967,53,Steve Blass,/players/b/blassst01.shtml,blassst01,25,PIT,3,32,16,32,32,32,0,0,0,0,0,0,0,0,0,0,0
1967,54,Curt Blefary,/players/b/blefacu01.shtml,blefacu01,23,BAL,3,155,147,155,148,0,0,52,0,0,0,86,0,20,104,8,0
1967,55,John Boccabella,/players/b/boccajo01.shtml,boccajo01,26,CHC,5,25,6,25,13,0,1,3,0,0,0,4,0,5,9,16,0
1967,56,Len Boehmer,/players/b/boehmle01.shtml,boehmle01,26,CIN,1st,2,0,2,1,0,0,0,1,0,0,0,0,0,0,2,0
1967,57,Bobby Bolin,/players/b/bolinbo01.shtml,bolinbo01,28,SFG,7,37,15,37,37,37,0,0,0,0,0,0,0,0,0,0,0
1967,58,Walt Bond,/players/b/bondwa01.shtml,bondwa01,29,MIN,6,10,3,10,3,0,0,0,0,0,0,3,0,0,3,7,0
1967,59,John Boozer,/players/b/boozejo01.shtml,boozejo01,28,PHI,5,28,7,28,28,28,0,0,0,0,0,0,0,0,0,0,0
1967,60,Don Bosch,/players/b/boschdo01.shtml,boschdo01,24,NYM,2,44,25,44,40,0,0,0,0,0,0,0,40,0,40,4,7
1967,61,Dick Bosman,/players/b/bosmadi01.shtml,bosmadi01,23,WSA,2,8,7,8,7,7,0,0,0,0,0,0,0,0,0,0,1
1967,62,Dave Boswell,/players/b/bosweda01.shtml,bosweda01,22,MIN,4,44,32,44,37,37,0,0,0,0,0,0,0,0,0,0,7
1967,63,Ken Boswell,/players/b/bosweke01.shtml,bosweke01,21,NYM,1st,11,10,11,10,0,0,0,6,4,0,0,0,0,0,1,0
1967,64,Jim Bouton,/players/b/boutoji01.shtml,boutoji01,28,NYY,6,17,1,17,17,17,0,0,0,0,0,0,0,0,0,0,0
1967,65,Sam Bowens,/players/b/bowensa01.shtml,bowensa01,29,BAL,5,62,26,62,32,0,0,0,0,0,0,16,0,16,32,29,3
1967,66,Weldon Bowlin,/players/b/bowliwe01.shtml,bowliwe01,26,KCA,1st,2,2,2,2,0,0,0,0,2,0,0,0,0,0,0,0
1967,67,Clete Boyer,/players/b/boyercl02.shtml,boyercl02,30,ATL,12,154,151,154,153,0,0,0,0,150,6,0,0,0,0,2,0
1967,68,Ken Boyer,/players/b/boyerke01.shtml,boyerke01,36,2TM,13,113,94,113,99,0,0,26,0,77,0,0,0,0,0,18,0
1967,69,Gene Brabender,/players/b/brabege01.shtml,brabege01,25,BAL,2,14,14,14,14,14,0,0,0,0,0,0,0,0,0,0,0
1967,70,Buddy Bradford,/players/b/bradfbu01.shtml,bradfbu01,22,CHW,2,24,3,24,14,0,0,0,0,0,0,6,1,8,14,3,10
1967,71,Ron Brand,/players/b/brandro01.shtml,brandro01,27,HOU,4,84,55,84,68,0,66,0,1,0,0,1,0,0,1,19,4
1967,72,Bucky Brandon,/players/b/brandbu01.shtml,brandbu01,26,BOS,2,39,19,39,39,39,0,0,0,0,0,0,0,0,0,0,0
1967,73,Jackie Brandt,/players/b/brandja01.shtml,brandja01,33,2TM,11,57,19,57,24,0,0,14,0,1,0,9,0,0,9,37,0
1967,74,Eddie Bressoud,/players/b/bressed01.shtml,bressed01,35,STL,12,52,18,52,49,0,0,0,0,1,48,0,0,0,0,3,1
1967,75,Ken Brett,/players/b/brettke01.shtml,brettke01,18,BOS,1st,1,0,1,1,1,0,0,0,0,0,0,0,0,0,0,0
1967,76,Jim Brewer,/players/b/breweji01.shtml,breweji01,29,LAD,8,30,11,30,30,30,0,0,0,0,0,0,0,0,0,0,0
1967,77,John Briggs,/players/b/briggjo02.shtml,briggjo02,23,PHI,4,106,85,106,94,0,0,0,0,0,0,31,65,1,94,18,0
1967,78,Nelson Briles,/players/b/brilene01.shtml,brilene01,23,STL,3,49,14,49,49,49,0,0,0,0,0,0,0,0,0,0,0
1967,79,Ed Brinkman,/players/b/brinked01.shtml,brinked01,25,WSA,7,109,95,109,109,0,0,0,0,0,109,0,0,0,0,0,1
1967,80,Jim Britton,/players/b/brittji02.shtml,brittji02,23,ATL,1st,2,2,2,2,2,0,0,0,0,0,0,0,0,0,0,0
1967,81,Lou Brock,/players/b/brocklo01.shtml,brocklo01,28,STL,7,159,155,159,157,0,0,0,0,0,0,157,0,0,157,4,0
1967,82,Gates Brown,/players/b/brownga01.shtml,brownga01,28,DET,5,51,17,51,20,0,0,0,0,0,0,20,0,0,20,32,1
1967,83,Larry Brown,/players/b/brownla01.shtml,brownla01,27,CLE,5,152,150,152,150,0,0,0,0,0,150,0,0,0,0,2,0
1967,84,Ollie Brown,/players/b/brownol02.shtml,brownol02,23,SFG,3,120,104,120,115,0,0,0,0,0,0,0,10,111,115,5,2
1967,85,Byron Browne,/players/b/brownby01.shtml,brownby01,24,CHC,3,10,6,10,8,0,0,0,0,0,0,0,2,6,8,3,0
1967,86,Bruce Brubaker,/players/b/brubabr01.shtml,brubabr01,25,LAD,1st,1,0,1,1,1,0,0,0,0,0,0,0,0,0,0,0
1967,87,Bob Bruce,/players/b/brucebo01.shtml,brucebo01,34,ATL,9,12,7,12,12,12,0,0,0,0,0,0,0,0,0,0,0
1967,88,George Brunet,/players/b/brunege01.shtml,brunege01,32,CAL,11,40,37,40,40,40,0,0,0,0,0,0,0,0,0,0,0
1967,89,Billy Bryan,/players/b/bryanbi01.shtml,bryanbi01,28,NYY,7,16,1,16,1,0,1,0,0,0,0,0,0,0,0,15,0
1967,90,Ron Bryant,/players/b/bryanro01.shtml,bryanro01,19,SFG,1st,1,0,1,1,1,0,0,0,0,0,0,0,0,0,0,0
1967,91,Jerry Buchek,/players/b/bucheje01.shtml,bucheje01,25,NYM,6,124,111,124,116,0,0,0,95,17,9,0,0,0,0,8,2
1967,92,Don Buford,/players/b/bufordo01.shtml,bufordo01,30,CHW,5,156,134,156,150,0,0,0,51,122,0,1,0,0,1,6,12
1967,93,Bob Buhl,/players/b/buhlbo01.shtml,buhlbo01,38,PHI,15,3,0,3,3,3,0,0,0,0,0,0,0,0,0,0,0
1967,94,Wally Bunker,/players/b/bunkewa01.shtml,bunkewa01,22,BAL,5,29,9,29,29,29,0,0,0,0,0,0,0,0,0,0,0
1967,95,Jim Bunning,/players/b/bunniji01.shtml,bunniji01,35,PHI,13,40,40,40,40,40,0,0,0,0,0,0,0,0,0,0,0
1967,96,Lew Burdette,/players/b/burdele01.shtml,burdele01,40,CAL,18,19,0,19,19,19,0,0,0,0,0,0,0,0,0,0,0
1967,97,Smoky Burgess,/players/b/burgesm01.shtml,burgesm01,40,CHW,18,77,0,77,0,0,0,0,0,0,0,0,0,0,0,77,0
1967,98,John Buzhardt,/players/b/buzhajo01.shtml,buzhajo01,30,3TM,10,36,8,36,36,36,0,0,0,0,0,0,0,0,0,0,0
1967,99,Johnny Callison,/players/c/callijo01.shtml,callijo01,28,PHI,10,149,144,149,147,0,0,0,0,0,0,0,0,147,147,5,0
1967,100,Dick Calmus,/players/c/calmudi01.shtml,calmudi01,23,CHC,2,1,1,1,1,1,0,0,0,0,0,0,0,0,0,0,0
1967,101,Doug Camilli,/players/c/camildo02.shtml,camildo02,30,WSA,8,30,24,30,24,0,24,0,0,0,0,0,0,0,0,6,0
1967,102,Bert Campaneris,/players/c/campabe01.shtml,campabe01,25,KCA,4,147,145,147,145,0,0,0,0,0,145,0,0,0,0,1,1
1967,103,Jim Campanis,/players/c/campaji01.shtml,campaji01,23,LAD,2,41,9,41,23,0,23,0,0,0,0,0,0,0,0,26,0
1967,104,Dave Campbell,/players/c/campbda01.shtml,campbda01,25,DET,1st,2,0,2,1,0,0,1,0,0,0,0,0,0,0,1,0
1967,105,Joe Campbell,/players/c/campbjo02.shtml,campbjo02,23,CHC,1st,1,1,1,1,0,0,0,0,0,0,0,0,1,1,0,0
1967,106,Jose Cardenal,/players/c/cardejo02.shtml,cardejo02,23,CAL,5,108,92,108,101,0,0,0,0,0,0,28,70,17,101,8,4
1967,107,Leo Cardenas,/players/c/cardele01.shtml,cardele01,28,CIN,8,108,108,108,108,0,0,0,0,0,108,0,0,0,0,0,0
1967,108,Don Cardwell,/players/c/cardwdo01.shtml,cardwdo01,31,NYM,11,27,16,27,26,26,0,0,0,0,0,0,0,0,0,1,0
1967,109,Rod Carew,/players/c/carewro01.shtml,carewro01,21,MIN,1st,137,131,137,134,0,0,0,134,0,0,0,0,0,0,3,1
1967,110,Cisco Carlos,/players/c/carloci01.shtml,carloci01,26,CHW,1st,8,7,8,8,8,0,0,0,0,0,0,0,0,0,0,0
1967,111,Steve Carlton,/players/c/carltst01.shtml,carltst01,22,STL,3,30,28,30,30,30,0,0,0,0,0,0,0,0,0,0,0
1967,112,Clay Carroll,/players/c/carrocl02.shtml,carrocl02,26,ATL,4,42,7,42,42,42,0,0,0,0,0,0,0,0,0,0,0
1967,113,Rico Carty,/players/c/cartyri01.shtml,cartyri01,27,ATL,5,134,116,134,121,0,0,9,0,0,0,99,0,13,112,15,0
1967,114,Paul Casanova,/players/c/casanpa01.shtml,casanpa01,25,WSA,3,141,132,141,137,0,137,0,0,0,0,0,0,0,0,8,0
1967,115,Norm Cash,/players/c/cashno01.shtml,cashno01,32,DET,10,152,131,152,147,0,0,147,0,0,0,0,0,0,0,12,0
1967,116,Danny Cater,/players/c/caterda01.shtml,caterda01,27,KCA,4,142,138,142,141,0,0,44,0,56,0,55,0,0,55,2,0
1967,117,Wayne Causey,/players/c/causewa01.shtml,causewa01,30,CHW,10,124,75,124,97,0,0,0,96,0,2,0,0,0,0,40,0
1967,118,Orlando Cepeda,/players/c/cepedor01.shtml,cepedor01,29,STL,10,151,150,151,151,0,0,151,0,0,0,0,0,0,0,1,0
1967,119,Bob Chance,/players/c/chancbo01.shtml,chancbo01,26,WSA,5,27,10,27,10,0,0,10,0,0,0,0,0,0,0,17,0
1967,120,Dean Chance,/players/c/chancde01.shtml,chancde01,26,MIN,7,41,39,41,41,41,0,0,0,0,0,0,0,0,0,0,0
1967,121,Ed Charles,/players/c/charled01.shtml,charled01,34,2TM,6,120,103,120,107,0,0,0,0,107,0,0,0,0,0,14,2
1967,122,Ossie Chavarria,/players/c/chavaos01.shtml,chavaos01,26,KCA,2,38,13,38,29,0,0,0,17,7,2,2,0,1,3,11,1
1967,123,Nestor Chavez,/players/c/chavene01.shtml,chavene01,19,SFG,1st,2,0,2,2,2,0,0,0,0,0,0,0,0,0,0,0
1967,124,Pete Cimino,/players/c/ciminpe01.shtml,ciminpe01,24,CAL,3,46,1,46,46,46,0,0,0,0,0,0,0,0,0,0,0
1967,125,Galen Cisco,/players/c/ciscoga01.shtml,ciscoga01,31,BOS,6,11,0,11,11,11,0,0,0,0,0,0,0,0,0,0,0
1967,126,Glen Clark,/players/c/clarkgl01.shtml,clarkgl01,26,ATL,1st,4,0,4,0,0,0,0,0,0,0,0,0,0,0,4,0
1967,127,Rickey Clark,/players/c/clarkri01.shtml,clarkri01,21,CAL,1st,32,30,32,32,32,0,0,0,0,0,0,0,0,0,0,0
1967,128,Ron Clark,/players/c/clarkro02.shtml,clarkro02,24,MIN,2,20,15,20,16,0,0,0,0,16,0,0,0,0,0,4,0
1967,129,Horace Clarke,/players/c/clarkho01.shtml,clarkho01,27,NYY,3,143,139,143,140,0,0,0,140,0,0,0,0,0,0,2,1
1967,130,Doug Clemens,/players/c/clemedo01.shtml,clemedo01,28,PHI,8,69,7,69,10,0,0,0,0,0,0,9,0,1,10,60,0
1967,131,Roberto Clemente,/players/c/clemero01.shtml,clemero01,32,PIT,13,147,141,147,145,0,0,0,0,0,0,0,2,144,145,5,0
1967,132,Donn Clendenon,/players/c/clenddo01.shtml,clenddo01,31,PIT,7,131,119,131,123,0,0,123,0,0,0,0,0,0,0,10,1
1967,133,Ty Cline,/players/c/clinety01.shtml,clinety01,28,2TM,8,74,26,74,38,0,0,0,0,0,0,18,21,3,38,27,10
1967,134,Lou Clinton,/players/c/clintlo01.shtml,clintlo01,29,NYY,8,6,0,6,1,0,0,0,0,0,0,1,0,0,1,5,0
1967,135,Tony Cloninger,/players/c/clonito01.shtml,clonito01,26,ATL,7,16,16,16,16,16,0,0,0,0,0,0,0,0,0,0,0
1967,136,Jim Coates,/players/c/coateji01.shtml,coateji01,34,CAL,9,25,1,25,25,25,0,0,0,0,0,0,0,0,0,0,0
1967,137,Frank Coggins,/players/c/coggifr01.shtml,coggifr01,23,WSA,1st,19,19,19,19,0,0,0,19,0,0,0,0,0,0,0,0
1967,138,Jimmie Coker,/players/c/cokerji01.shtml,cokerji01,31,CIN,9,45,22,45,34,0,34,0,0,0,0,0,0,0,0,14,0
1967,139,Rocky Colavito,/players/c/colavro01.shtml,colavro01,33,2TM,13,123,105,123,108,0,0,0,0,0,0,42,0,82,108,16,0
1967,140,Gordy Coleman,/players/c/colemgo01.shtml,colemgo01,32,CIN,9,4,1,4,2,0,0,2,0,0,0,0,0,0,0,3,0
1967,141,Joe Coleman,/players/c/colemjo05.shtml,colemjo05,20,WSA,3,28,22,28,28,28,0,0,0,0,0,0,0,0,0,0,0
1967,142,Kevin Collins,/players/c/collike01.shtml,collike01,20,NYM,2,4,2,4,2,0,0,0,2,0,0,0,0,0,0,2,0
1967,143,Wayne Comer,/players/c/comerwa01.shtml,comerwa01,23,DET,1st,4,1,4,1,0,0,0,0,0,0,0,1,0,1,1,2
1967,144,Tony Conigliaro,/players/c/conigto01.shtml,conigto01,22,BOS,4,95,95,95,95,0,0,0,0,0,0,0,0,95,95,0,0
1967,145,Ed Connolly,/players/c/connoed02.shtml,connoed02,27,CLE,2,15,4,15,15,15,0,0,0,0,0,0,0,0,0,0,0
1967,146,Bill Connors,/players/c/connobi01.shtml,connobi01,25,NYM,2,6,1,6,6,6,0,0,0,0,0,0,0,0,0,0,0
1967,147,Danny Coombs,/players/c/coombda01.shtml,coombda01,25,HOU,5,6,2,6,6,6,0,0,0,0,0,0,0,0,0,0,0
1967,148,Jim Cosman,/players/c/cosmaji01.shtml,cosmaji01,24,STL,2,10,5,10,10,10,0,0,0,0,0,0,0,0,0,0,0
1967,149,Billy Cowan,/players/c/cowanbi01.shtml,cowanbi01,28,PHI,4,34,16,34,20,0,0,0,1,1,0,16,0,4,20,8,9
1967,150,Casey Cox,/players/c/coxca01.shtml,coxca01,25,WSA,2,54,0,54,54,54,0,0,0,0,0,0,0,0,0,0,0
1967,151,Willie Crawford,/players/c/crawfwi01.shtml,crawfwi01,20,LAD,4,4,0,4,1,0,0,0,0,0,0,0,0,1,1,3,1
1967,152,Mike Cuellar,/players/c/cuellmi01.shtml,cuellmi01,30,HOU,5,38,32,38,36,36,0,0,0,0,0,0,0,0,0,1,2
1967,153,Tim Cullen,/players/c/culleti01.shtml,culleti01,25,WSA,2,124,110,124,120,0,0,0,47,15,70,0,0,0,0,4,1
1967,154,Ray Culp,/players/c/culpra01.shtml,culpra01,25,CHC,5,30,22,30,30,30,0,0,0,0,0,0,0,0,0,0,0
1967,155,George Culver,/players/c/culvege01.shtml,culvege01,23,CLE,2,53,1,53,53,53,0,0,0,0,0,0,0,0,0,0,0
1967,156,Bruce Dal Canton,/players/d/dalcabr01.shtml,dalcabr01,26,PIT,1st,8,2,8,8,8,0,0,0,0,0,0,0,0,0,0,0
1967,157,Clay Dalrymple,/players/d/dalrycl01.shtml,dalrycl01,30,PHI,8,101,80,101,97,0,97,0,0,0,0,0,0,0,0,8,0
1967,158,Vic Davalillo,/players/d/davalvi01.shtml,davalvi01,30,CLE,5,139,73,139,125,0,0,0,0,0,0,1,125,0,125,20,17
1967,159,Jim Davenport,/players/d/davenji01.shtml,davenji01,33,SFG,10,124,67,124,99,0,0,0,13,63,28,0,0,0,0,38,1
1967,160,Ted Davidson,/players/d/davidte01.shtml,davidte01,27,CIN,3,9,0,9,9,9,0,0,0,0,0,0,0,0,0,0,0
1967,161,Ron Davis,/players/d/davisro01.shtml,davisro01,25,HOU,3,94,70,94,80,0,0,0,0,0,0,64,10,8,80,15,3
1967,162,Tommy Davis,/players/d/davisto02.shtml,davisto02,28,NYM,9,154,150,154,150,0,0,1,0,0,0,149,0,0,149,4,0
1967,163,Willie Davis,/players/d/daviswi02.shtml,daviswi02,27,LAD,8,143,135,143,138,0,0,0,0,0,0,0,138,0,138,7,1
1967,164,Mike de la Hoz,/players/d/dela_mi01.shtml,dela_mi01,28,ATL,8,74,25,74,44,0,0,0,23,22,1,0,0,0,0,35,3
1967,165,Tommy Dean,/players/d/deanto01.shtml,deanto01,21,LAD,1st,12,11,12,12,0,0,0,0,0,12,0,0,0,0,0,1
1967,166,Don Demeter,/players/d/demetdo01.shtml,demetdo01,32,2TM,11,71,39,71,49,0,0,0,0,2,0,16,28,11,47,28,0
1967,167,Bill Denehy,/players/d/denehbi01.shtml,denehbi01,21,NYM,1st,15,8,15,15,15,0,0,0,0,0,0,0,0,0,0,0
1967,168,Larry Dierker,/players/d/dierkla01.shtml,dierkla01,20,HOU,4,15,15,15,15,15,0,0,0,0,0,0,0,0,0,0,0
1967,169,Dick Dietz,/players/d/dietzdi01.shtml,dietzdi01,25,SFG,2,56,34,56,42,0,42,0,0,0,0,0,0,0,0,18,0
1967,170,Bill Dillman,/players/d/dillmbi01.shtml,dillmbi01,22,BAL,1st,33,15,33,32,32,0,0,0,0,0,0,0,0,0,0,1
1967,171,Chuck Dobson,/players/d/dobsoch01.shtml,dobsoch01,23,KCA,2,33,29,33,32,32,0,0,0,0,0,0,0,0,0,0,1
1967,172,Pat Dobson,/players/d/dobsopa01.shtml,dobsopa01,25,DET,1st,28,1,28,28,28,0,0,0,0,0,0,0,0,0,0,0
1967,173,John Donaldson,/players/d/donaljo01.shtml,donaljo01,24,KCA,2,105,100,105,102,0,0,0,101,0,1,0,0,0,0,4,0
1967,174,Al Downing,/players/d/downial01.shtml,downial01,26,NYY,7,31,28,31,31,31,0,0,0,0,0,0,0,0,0,0,0
1967,175,Moe Drabowsky,/players/d/drabomo01.shtml,drabomo01,31,BAL,12,43,0,43,43,43,0,0,0,0,0,0,0,0,0,0,0
1967,176,Don Drysdale,/players/d/drysddo01.shtml,drysddo01,30,LAD,12,38,38,38,38,38,0,0,0,0,0,0,0,0,0,0,0
1967,177,John Duffie,/players/d/duffijo01.shtml,duffijo01,21,LAD,1st,2,2,2,2,2,0,0,0,0,0,0,0,0,0,0,0
1967,178,Tom Dukes,/players/d/dukesto01.shtml,dukesto01,24,HOU,1st,17,0,17,17,17,0,0,0,0,0,0,0,0,0,0,0
1967,179,Bob Duliba,/players/d/dulibbo01.shtml,dulibbo01,32,KCA,7,7,0,7,7,7,0,0,0,0,0,0,0,0,0,0,0
1967,180,Dave Duncan,/players/d/duncada01.shtml,duncada01,21,KCA,2,34,27,34,32,0,32,0,0,0,0,0,0,0,0,2,0
1967,181,Arnold Earley,/players/e/earlear01.shtml,earlear01,34,HOU,8,2,0,2,2,2,0,0,0,0,0,0,0,0,0,0,0
1967,182,Bill Edgerton,/players/e/edgerbi01.shtml,edgerbi01,25,KCA,2,7,0,7,7,7,0,0,0,0,0,0,0,0,0,0,0
1967,183,Johnny Edwards,/players/e/edwarjo01.shtml,edwarjo01,29,CIN,7,80,57,80,74,0,74,0,0,0,0,0,0,0,0,7,0
1967,184,Dick Egan,/players/e/egandi02.shtml,egandi02,30,LAD,4,20,0,20,20,20,0,0,0,0,0,0,0,0,0,0,0
1967,185,Tom Egan,/players/e/eganto01.shtml,eganto01,21,CAL,3,1,1,1,1,0,1,0,0,0,0,0,0,0,0,0,0
1967,186,Dave Eilers,/players/e/eilerda01.shtml,eilerda01,30,HOU,4,35,0,35,35,35,0,0,0,0,0,0,0,0,0,0,0
1967,187,Jim Ellis,/players/e/ellisji01.shtml,ellisji01,22,CHC,1st,8,1,8,8,8,0,0,0,0,0,0,0,0,0,0,0
1967,188,Sammy Ellis,/players/e/ellissa01.shtml,ellissa01,26,CIN,5,32,27,32,32,32,0,0,0,0,0,0,0,0,0,0,0
1967,189,Dick Ellsworth,/players/e/ellswdi01.shtml,ellswdi01,27,PHI,9,32,21,32,32,32,0,0,0,0,0,0,0,0,0,0,0
1967,190,Mike Epstein,/players/e/epstemi01.shtml,epstemi01,24,2TM,2,105,79,105,83,0,0,83,0,0,0,0,0,0,0,22,0
1967,191,Chuck Estrada,/players/e/estrach01.shtml,estrach01,29,NYM,7,9,2,9,9,9,0,0,0,0,0,0,0,0,0,0,0
1967,192,Andy Etchebarren,/players/e/etchean01.shtml,etchean01,24,BAL,4,112,94,112,110,0,110,0,0,0,0,0,0,0,0,7,1
1967,193,Bobby Etheridge,/players/e/etherbo01.shtml,etherbo01,24,SFG,1st,40,30,40,37,0,0,0,0,37,0,0,0,0,0,5,0
1967,194,Roy Face,/players/f/facero01.shtml,facero01,39,PIT,14,61,0,61,61,61,0,0,0,0,0,0,0,0,0,0,0
1967,195,Ron Fairly,/players/f/fairlro01.shtml,fairlro01,28,LAD,10,153,125,153,145,0,0,68,0,0,0,0,1,97,97,14,0
1967,196,Turk Farrell,/players/f/farretu01.shtml,farretu01,33,2TM,12,57,1,57,57,57,0,0,0,0,0,0,0,0,0,0,0
1967,197,Frank Fernandez,/players/f/fernafr01.shtml,fernafr01,24,NYY,1st,9,9,9,9,0,7,0,0,0,0,0,0,2,2,0,0
1967,198,Al Ferrara,/players/f/ferraal01.shtml,ferraal01,27,LAD,4,122,87,122,94,0,0,0,0,0,0,29,0,69,94,32,0
1967,199,Hank Fischer,/players/f/fischha01.shtml,fischha01,27,BOS,6,9,2,9,9,9,0,0,0,0,0,0,0,0,0,0,0
1967,200,Eddie Fisher,/players/f/fisheed02.shtml,fisheed02,30,BAL,9,46,0,46,46,46,0,0,0,0,0,0,0,0,0,0,0
1967,201,Jack Fisher,/players/f/fisheja01.shtml,fisheja01,28,NYM,9,39,30,39,39,39,0,0,0,0,0,0,0,0,0,0,0
1967,202,Tom Fisher,/players/f/fisheto02.shtml,fisheto02,25,BAL,1st,2,0,2,2,2,0,0,0,0,0,0,0,0,0,0,0
1967,203,Curt Flood,/players/f/floodcu01.shtml,floodcu01,29,STL,12,134,124,134,126,0,0,0,0,0,0,0,126,0,126,10,0
1967,204,Whitey Ford,/players/f/fordwh01.shtml,fordwh01,38,NYY,16,7,7,7,7,7,0,0,0,0,0,0,0,0,0,0,0
1967,205,Ray Fosse,/players/f/fossera01.shtml,fossera01,20,CLE,1st,7,5,7,7,0,7,0,0,0,0,0,0,0,0,0,0
1967,206,Alan Foster,/players/f/fosteal01.shtml,fosteal01,20,LAD,1st,4,2,4,4,4,0,0,0,0,0,0,0,0,0,0,0
1967,207,Joe Foy,/players/f/foyjo01.shtml,foyjo01,24,BOS,2,130,106,130,119,0,0,0,0,119,0,0,0,1,1,17,1
1967,208,Tito Francona,/players/f/francti01.shtml,francti01,33,2TM,12,109,73,109,85,0,0,80,0,0,0,5,0,2,7,31,0
1967,209,Bill Freehan,/players/f/freehbi01.shtml,freehbi01,25,DET,6,155,149,155,151,0,146,12,0,0,0,0,0,0,0,4,0
1967,210,Jim Fregosi,/players/f/fregoji01.shtml,fregoji01,25,CAL,7,151,151,151,151,0,0,0,0,0,151,0,0,0,0,0,0
1967,211,Jim French,/players/f/frencji01.shtml,frencji01,25,WSA,3,6,5,6,6,0,6,0,0,0,0,0,0,0,0,0,0
1967,212,Danny Frisella,/players/f/friseda01.shtml,friseda01,21,NYM,1st,14,11,14,14,14,0,0,0,0,0,0,0,0,0,0,0
1967,213,Woodie Fryman,/players/f/frymawo01.shtml,frymawo01,27,PIT,2,28,18,28,28,28,0,0,0,0,0,0,0,0,0,0,0
1967,214,Tito Fuentes,/players/f/fuentti01.shtml,fuentti01,23,SFG,3,133,105,133,130,0,0,0,129,0,5,0,0,0,0,2,8
1967,215,Vern Fuller,/players/f/fulleve01.shtml,fulleve01,23,CLE,3,73,62,73,66,0,0,0,64,0,2,0,0,0,0,6,1
1967,216,Len Gabrielson,/players/g/gabrile02.shtml,gabrile02,27,2TM,6,101,63,101,69,0,0,0,0,0,0,48,1,26,69,35,0
1967,217,Phil Gagliano,/players/g/gagliph01.shtml,gagliph01,25,STL,5,73,48,73,55,0,0,4,24,28,2,0,0,0,0,22,1
1967,218,Rob Gardner,/players/g/gardnro01.shtml,gardnro01,22,CHC,3,18,5,18,18,18,0,0,0,0,0,0,0,0,0,0,0
1967,219,Cito Gaston,/players/g/gastoci01.shtml,gastoci01,23,ATL,1st,9,7,9,7,0,0,0,0,0,0,0,6,1,7,1,1
1967,220,Gary Geiger,/players/g/geigega01.shtml,geigega01,30,ATL,10,69,23,69,38,0,0,0,0,0,0,7,25,7,38,29,4
1967,221,John Gelnar,/players/g/gelnajo01.shtml,gelnajo01,24,PIT,2,10,1,10,10,10,0,0,0,0,0,0,0,0,0,0,0
1967,222,Joe Gibbon,/players/g/gibbojo01.shtml,gibbojo01,32,SFG,8,28,10,28,28,28,0,0,0,0,0,0,0,0,0,0,0
1967,223,Jake Gibbs,/players/g/gibbsja01.shtml,gibbsja01,28,NYY,6,116,93,116,99,0,99,0,0,0,0,0,0,0,0,21,0
1967,224,Bob Gibson,/players/g/gibsobo01.shtml,gibsobo01,31,STL,9,27,24,27,24,24,0,0,0,0,0,0,0,0,0,0,3
1967,225,Russ Gibson,/players/g/gibsoru01.shtml,gibsoru01,28,BOS,1st,50,37,50,49,0,49,0,0,0,0,0,0,0,0,4,0
1967,226,Norm Gigon,/players/g/gigonno01.shtml,gigonno01,29,CHC,1st,34,13,34,16,0,0,0,12,1,0,0,0,4,4,19,1
1967,227,Gus Gil,/players/g/gilgu01.shtml,gilgu01,28,CLE,1st,51,28,51,50,0,0,0,50,0,0,0,0,0,0,1,2
1967,228,Paul Gilliford,/players/g/gillipa01.shtml,gillipa01,22,BAL,1st,2,0,2,2,2,0,0,0,0,0,0,0,0,0,0,0
1967,229,Dave Giusti,/players/g/giustda01.shtml,giustda01,27,HOU,5,43,33,43,37,37,0,0,0,0,0,0,0,0,0,0,6
1967,230,Fred Gladding,/players/g/gladdfr01.shtml,gladdfr01,31,DET,7,42,1,42,42,42,0,0,0,0,0,0,0,0,0,0,0
1967,231,Ruben Gomez,/players/g/gomezru01.shtml,gomezru01,39,PHI,10,7,0,7,7,7,0,0,0,0,0,0,0,0,0,0,0
1967,232,Jesse Gonder,/players/g/gondeje01.shtml,gondeje01,31,PIT,8,22,10,22,18,0,18,0,0,0,0,0,0,0,0,7,0
1967,233,Pedro Gonzalez,/players/g/gonzape01.shtml,gonzape01,29,CLE,5,80,55,80,69,0,0,4,64,4,3,0,0,0,0,7,9
1967,234,Tony Gonzalez,/players/g/gonzato01.shtml,gonzato01,30,PHI,8,149,125,149,144,0,0,0,0,0,0,106,28,17,144,20,1
1967,235,Greg Goossen,/players/g/goossgr01.shtml,goossgr01,21,NYM,3,37,12,37,23,0,23,0,0,0,0,0,0,0,0,23,0
1967,236,Jim Gosger,/players/g/gosgeji01.shtml,gosgeji01,24,KCA,4,134,89,134,113,0,0,0,0,0,0,53,30,40,113,36,0
1967,237,Julio Gotay,/players/g/gotayju01.shtml,gotayju01,28,HOU,8,77,52,77,53,0,0,0,30,3,20,0,0,0,0,21,3
1967,238,Bill Graham,/players/g/grahabi02.shtml,grahabi02,30,NYM,2,5,3,5,5,5,0,0,0,0,0,0,0,0,0,0,0
1967,239,Mudcat Grant,/players/g/grantmu01.shtml,grantmu01,31,MIN,10,27,14,27,27,27,0,0,0,0,0,0,0,0,0,0,0
1967,240,Dallas Green,/players/g/greenda02.shtml,greenda02,32,PHI,8,8,0,8,8,8,0,0,0,0,0,0,0,0,0,0,0
1967,241,Dick Green,/players/g/greendi01.shtml,greendi01,26,KCA,5,122,97,122,108,0,0,1,51,60,1,0,0,0,0,16,0
1967,242,Lenny Green,/players/g/greenle01.shtml,greenle01,34,DET,11,58,32,58,44,0,0,0,0,0,0,43,2,0,44,15,8
1967,243,Dick Groat,/players/g/groatdi01.shtml,groatdi01,36,2TM,14,44,20,44,30,0,0,0,1,0,30,0,0,0,0,16,0
1967,244,Jerry Grote,/players/g/groteje01.shtml,groteje01,24,NYM,4,120,111,120,119,0,119,0,0,0,0,0,0,0,0,2,2
1967,245,Joe Grzenda,/players/g/grzenjo01.shtml,grzenjo01,30,NYM,4,11,0,11,11,11,0,0,0,0,0,0,0,0,0,0,0
1967,246,Cesar Gutierrez,/players/g/gutiece01.shtml,gutiece01,24,SFG,1st,18,3,18,16,0,0,0,1,0,15,0,0,0,0,1,6
1967,247,Dick Hall,/players/h/halldi01.shtml,halldi01,36,PHI,15,48,1,48,48,48,0,0,0,0,0,0,0,0,0,0,0
1967,248,Jimmie Hall,/players/h/hallji02.shtml,hallji02,29,CAL,5,129,106,129,120,0,0,0,0,0,0,2,6,116,120,18,0
1967,249,Tom Haller,/players/h/halleto01.shtml,halleto01,30,SFG,7,141,120,141,136,0,136,0,0,0,0,0,0,1,1,14,0
1967,250,Jack Hamilton,/players/h/hamilja01.shtml,hamilja01,28,2TM,6,43,21,43,43,43,0,0,0,0,0,0,0,0,0,0,0
1967,251,Steve Hamilton,/players/h/hamilst01.shtml,hamilst01,32,NYY,7,44,0,44,44,44,0,0,0,0,0,0,0,0,0,0,0
1967,252,Bill Hands,/players/h/handsbi01.shtml,handsbi01,27,CHC,3,49,11,49,49,49,0,0,0,0,0,0,0,0,0,0,0
1967,253,Larry Haney,/players/h/haneyla01.shtml,haneyla01,24,BAL,2,58,45,58,57,0,57,0,0,0,0,0,0,0,0,1,0
1967,254,Jim Hannan,/players/h/hannaji01.shtml,hannaji01,27,WSA,6,8,2,8,8,8,0,0,0,0,0,0,0,0,0,0,0
1967,255,Ron Hansen,/players/h/hansero02.shtml,hansero02,29,CHW,10,157,151,157,157,0,0,0,0,0,157,0,0,0,0,0,1
1967,256,Jim Hardin,/players/h/hardiji01.shtml,hardiji01,23,BAL,1st,19,14,19,19,19,0,0,0,0,0,0,0,0,0,0,0
1967,257,Carroll Hardy,/players/h/hardyca01.shtml,hardyca01,34,MIN,8,11,0,11,4,0,0,0,0,0,0,1,0,3,4,8,1
1967,258,Steve Hargan,/players/h/hargast01.shtml,hargast01,24,CLE,3,30,29,30,30,30,0,0,0,0,0,0,0,0,0,0,0
1967,259,Terry Harmon,/players/h/harmote01.shtml,harmote01,23,PHI,1st,2,0,2,0,0,0,0,0,0,0,0,0,0,0,0,2
1967,260,Tommy Harper,/players/h/harpeto01.shtml,harpeto01,26,CIN,6,103,89,103,100,0,0,0,0,0,0,2,5,96,100,3,3
1967,261,Bud Harrelson,/players/h/harrebu01.shtml,harrebu01,23,NYM,3,151,144,151,149,0,0,0,0,0,149,0,0,0,0,0,2
1967,262,Ken Harrelson,/players/h/harreke01.shtml,harreke01,25,3TM,5,110,84,110,91,0,0,69,0,0,0,0,0,23,23,25,0
1967,263,Candy Harris,/players/h/harrica01.shtml,harrica01,19,HOU,1st,6,0,6,0,0,0,0,0,0,0,0,0,0,0,1,5
1967,264,Chuck Harrison,/players/h/harrich02.shtml,harrich02,26,HOU,3,70,44,70,59,0,0,59,0,0,0,0,0,0,0,13,2
1967,265,Jim Ray Hart,/players/h/hartji01.shtml,hartji01,25,SFG,5,158,157,158,157,0,0,0,0,88,0,73,0,0,73,1,0
1967,266,Chuck Hartenstein,/players/h/hartech01.shtml,hartech01,25,CHC,3,45,0,45,45,45,0,0,0,0,0,0,0,0,0,0,0
1967,267,Bill Heath,/players/h/heathbi01.shtml,heathbi01,28,2TM,3,29,6,29,11,0,11,0,0,0,0,0,0,0,0,20,1
1967,268,Mike Hegan,/players/h/heganmi01.shtml,heganmi01,24,NYY,3,68,31,68,63,0,0,54,0,0,0,0,0,10,10,5,15
1967,269,Bob Heise,/players/h/heisebo01.shtml,heisebo01,20,NYM,1st,16,16,16,16,0,0,0,11,2,4,0,0,0,0,0,0
1967,270,Woodie Held,/players/h/heldwo01.shtml,heldwo01,35,2TM,12,84,45,84,59,0,0,0,12,24,13,10,10,1,19,28,1
1967,271,Tommy Helms,/players/h/helmsto01.shtml,helmsto01,26,CIN,4,137,130,137,134,0,0,0,88,0,46,0,0,0,0,4,0
1967,272,Ken Henderson,/players/h/hendeke01.shtml,hendeke01,21,SFG,3,65,41,65,52,0,0,0,0,0,0,8,33,18,52,12,4
1967,273,Bob Hendley,/players/h/hendlbo01.shtml,hendlbo01,28,2TM,7,22,13,22,22,22,0,0,0,0,0,0,0,0,0,0,0
1967,274,Bill Henry,/players/h/henrybi01.shtml,henrybi01,39,SFG,14,28,1,28,28,28,0,0,0,0,0,0,0,0,0,0,0
1967,275,Ron Herbel,/players/h/herbero01.shtml,herbero01,29,SFG,5,42,11,42,42,42,0,0,0,0,0,0,0,0,0,0,0
1967,276,Remy Hermoso,/players/h/hermore01.shtml,hermore01,19,ATL,1st,11,8,11,11,0,0,0,2,0,9,0,0,0,0,0,0
1967,277,Jackie Hernandez,/players/h/hernaja01.shtml,hernaja01,26,MIN,3,29,7,29,27,0,0,0,0,13,15,0,0,0,0,2,6
1967,278,Ramon Hernandez,/players/h/hernara01.shtml,hernara01,26,ATL,1st,46,0,46,46,46,0,0,0,0,0,0,0,0,0,0,0
1967,279,Jose Herrera,/players/h/herrejo01.shtml,herrejo01,25,HOU,1st,5,0,5,0,0,0,0,0,0,0,0,0,0,0,5,0
1967,280,Ed Herrmann,/players/h/herrmed01.shtml,herrmed01,20,CHW,1st,2,1,2,2,0,2,0,0,0,0,0,0,0,0,0,0
1967,281,Mike Hershberger,/players/h/hershmi01.shtml,hershmi01,27,KCA,7,142,122,142,130,0,0,0,0,0,0,9,0,122,130,16,1
1967,282,Jack Hiatt,/players/h/hiattja01.shtml,hiattja01,24,SFG,4,73,34,73,40,0,3,36,0,0,0,2,0,0,2,37,0
1967,283,Jim Hibbs,/players/h/hibbsji01.shtml,hibbsji01,22,CAL,1st,3,0,3,0,0,0,0,0,0,0,0,0,0,0,3,0
1967,284,Jim Hickman,/players/h/hickmji02.shtml,hickmji02,30,LAD,6,65,16,65,40,1,0,1,0,2,0,14,12,12,37,36,0
1967,285,Dennis Higgins,/players/h/higgide01.shtml,higgide01,27,CHW,2,9,0,9,9,9,0,0,0,0,0,0,0,0,0,0,0
1967,286,Chuck Hiller,/players/h/hillech01.shtml,hillech01,32,2TM,7,56,15,56,20,0,0,0,20,0,0,0,0,0,0,40,0
1967,287,John Hiller,/players/h/hillejo01.shtml,hillejo01,24,DET,3,23,6,23,23,23,0,0,0,0,0,0,0,0,0,0,0
1967,288,Jerry Hinsley,/players/h/hinslje01.shtml,hinslje01,22,NYM,2,2,0,2,2,2,0,0,0,0,0,0,0,0,0,0,0
1967,289,Chuck Hinton,/players/h/hintoch01.shtml,hintoch01,33,CLE,7,147,119,147,138,0,0,0,5,0,0,27,53,92,137,14,5
1967,290,Joe Hoerner,/players/h/hoernjo01.shtml,hoernjo01,30,STL,4,57,0,57,57,57,0,0,0,0,0,0,0,0,0,0,0
1967,291,Ken Holtzman,/players/h/holtzke01.shtml,holtzke01,21,CHC,3,12,12,12,12,12,0,0,0,0,0,0,0,0,0,0,0
1967,292,Joe Horlen,/players/h/horlejo01.shtml,horlejo01,29,CHW,7,51,35,51,35,35,0,0,0,0,0,0,0,0,0,0,16
1967,293,Tony Horton,/players/h/hortoto01.shtml,hortoto01,22,2TM,4,127,94,127,100,0,0,100,0,0,0,0,0,0,0,32,0
1967,294,Willie Horton,/players/h/hortowi01.shtml,hortowi01,24,DET,5,122,108,122,110,0,0,0,0,0,0,109,0,1,110,14,0
1967,295,Pat House,/players/h/housepa01.shtml,housepa01,26,HOU,1st,6,0,6,6,6,0,0,0,0,0,0,0,0,0,0,0
1967,296,Bruce Howard,/players/h/howarbr01.shtml,howarbr01,24,CHW,5,30,17,30,30,30,0,0,0,0,0,0,0,0,0,0,0
1967,297,Elston Howard,/players/h/howarel01.shtml,howarel01,38,2TM,13,108,80,108,89,0,89,1,0,0,0,0,0,0,0,22,0
1967,298,Frank Howard,/players/h/howarfr01.shtml,howarfr01,30,WSA,10,149,142,149,143,0,0,4,0,0,0,141,0,3,141,7,0
1967,299,Dick Howser,/players/h/howsedi01.shtml,howsedi01,31,NYY,7,63,34,63,37,0,0,0,22,12,3,0,0,0,0,21,6
1967,300,Dick Hughes,/players/h/hughedi01.shtml,hughedi01,29,STL,2,40,27,40,37,37,0,0,0,0,0,0,0,0,0,0,3
1967,301,Bob Humphreys,/players/h/humphbo01.shtml,humphbo01,31,WSA,6,48,2,48,48,48,0,0,0,0,0,0,0,0,0,0,0
1967,302,Randy Hundley,/players/h/hundlra01.shtml,hundlra01,25,CHC,4,152,147,152,152,0,152,0,0,0,0,0,0,0,0,2,1
1967,303,Ron Hunt,/players/h/huntro01.shtml,huntro01,26,LAD,5,110,97,110,98,0,0,0,90,8,0,0,0,0,0,12,0
1967,304,Catfish Hunter,/players/h/hunteca01.shtml,hunteca01,21,KCA,3,37,35,37,35,35,0,1,0,0,0,0,0,0,0,1,1
1967,305,Steve Huntz,/players/h/huntzst01.shtml,huntzst01,21,STL,1st,3,2,3,2,0,0,0,2,0,0,0,0,0,0,1,0
1967,306,Hank Izquierdo,/players/i/izquiha01.shtml,izquiha01,36,MIN,1st,16,9,16,16,0,16,0,0,0,0,0,0,0,0,1,0
1967,307,Al Jackson,/players/j/jacksal01.shtml,jacksal01,31,STL,8,41,11,41,39,39,0,0,0,0,0,0,0,0,0,0,5
1967,308,Grant Jackson,/players/j/jacksgr01.shtml,jacksgr01,24,PHI,3,43,4,43,43,43,0,0,0,0,0,0,0,0,0,0,0
1967,309,Larry Jackson,/players/j/jacksla01.shtml,jacksla01,36,PHI,13,42,37,42,40,40,0,0,0,0,0,0,0,0,0,0,2
1967,310,Reggie Jackson,/players/j/jacksre01.shtml,jacksre01,21,KCA,1st,35,32,35,34,0,0,0,0,0,0,19,3,14,34,2,0
1967,311,Sonny Jackson,/players/j/jacksso01.shtml,jacksso01,22,HOU,5,129,124,129,128,0,0,0,0,0,128,0,0,0,0,2,0
1967,312,Rick James,/players/j/jamesri01.shtml,jamesri01,19,CHC,1st,3,1,3,3,3,0,0,0,0,0,0,0,0,0,0,0
1967,313,Pat Jarvis,/players/j/jarvipa01.shtml,jarvipa01,26,ATL,2,32,30,32,32,32,0,0,0,0,0,0,0,0,0,0,0
1967,314,Larry Jaster,/players/j/jastela01.shtml,jastela01,23,STL,3,35,23,35,34,34,0,0,0,0,0,0,0,0,0,1,0
1967,315,Julian Javier,/players/j/javieju01.shtml,javieju01,30,STL,8,140,133,140,138,0,0,0,138,0,0,0,0,0,0,4,0
1967,316,Fergie Jenkins,/players/j/jenkife01.shtml,jenkife01,24,CHC,3,39,38,39,38,38,0,0,0,0,0,0,0,0,0,0,1
1967,317,Manny Jimenez,/players/j/jimenma01.shtml,jimenma01,28,PIT,5,50,4,50,6,0,0,0,0,0,0,6,0,0,6,46,0
1967,318,Tommy John,/players/j/johnto01.shtml,johnto01,24,CHW,5,31,29,31,31,31,0,0,0,0,0,0,0,0,0,0,0
1967,319,Alex Johnson,/players/j/johnsal01.shtml,johnsal01,24,STL,4,81,46,81,57,0,0,0,0,0,0,3,6,49,57,24,7
1967,320,Bob Johnson,/players/j/johnsbo02.shtml,johnsbo02,31,2TM,8,94,48,94,70,0,0,23,39,1,14,0,0,0,0,39,0
1967,321,Davey Johnson,/players/j/johnsda02.shtml,johnsda02,24,BAL,3,148,143,148,147,0,0,0,144,3,0,0,0,0,0,3,0
1967,322,Deron Johnson,/players/j/johnsde01.shtml,johnsde01,28,CIN,7,108,95,108,98,0,0,81,0,24,0,0,0,0,0,10,0
1967,323,Frank Johnson,/players/j/johnsfr03.shtml,johnsfr03,24,SFG,2,8,2,8,3,0,0,0,0,0,0,2,1,1,3,2,3
1967,324,Ken Johnson,/players/j/johnske02.shtml,johnske02,34,ATL,10,29,29,29,29,29,0,0,0,0,0,0,0,0,0,0,0
1967,325,Lou Johnson,/players/j/johnslo01.shtml,johnslo01,32,LAD,6,104,85,104,91,0,0,0,0,0,0,81,1,11,91,18,0
1967,326,Jay Johnstone,/players/j/johnsja01.shtml,johnsja01,21,CAL,2,79,49,79,63,0,0,0,0,0,0,1,62,1,63,21,3
1967,327,Clarence Jones,/players/j/jonescl02.shtml,jonescl02,25,CHC,1st,53,37,53,44,0,0,13,0,0,0,2,0,29,31,11,3
1967,328,Cleon Jones,/players/j/jonescl01.shtml,jonescl01,24,NYM,4,129,102,129,115,0,0,0,0,0,0,22,83,23,115,14,8
1967,329,Dalton Jones,/players/j/jonesda03.shtml,jonesda03,23,BOS,4,89,24,89,47,0,0,1,19,30,0,0,0,0,0,54,0
1967,330,Mack Jones,/players/j/jonesma01.shtml,jonesma01,28,ATL,6,140,123,140,126,0,0,0,0,0,0,26,100,0,126,16,0
1967,331,Steve Jones,/players/j/jonesst01.shtml,jonesst01,26,CHW,1st,11,3,11,11,11,0,0,0,0,0,0,0,0,0,0,0
1967,332,Rick Joseph,/players/j/josepri01.shtml,josepri01,27,PHI,2,17,9,17,13,0,0,13,0,0,0,0,0,0,0,6,0
1967,333,Duane Josephson,/players/j/josepdu01.shtml,josepdu01,25,CHW,3,62,53,62,59,0,59,0,0,0,0,0,0,0,0,5,0
1967,334,Jim Kaat,/players/k/kaatji01.shtml,kaatji01,28,MIN,9,45,38,45,42,42,0,0,0,0,0,0,0,0,0,3,0
1967,335,Al Kaline,/players/k/kalinal01.shtml,kalinal01,32,DET,15,131,127,131,130,0,0,0,0,0,0,0,1,130,130,2,0
1967,336,Dick Kelley,/players/k/kelledi01.shtml,kelledi01,27,ATL,4,39,9,39,39,39,0,0,0,0,0,0,0,0,0,0,0
1967,337,Tom Kelley,/players/k/kelleto01.shtml,kelleto01,23,CLE,4,1,0,1,1,1,0,0,0,0,0,0,0,0,0,0,0
1967,338,Pat Kelly,/players/k/kellypa01.shtml,kellypa01,22,MIN,1st,8,0,8,0,0,0,0,0,0,0,0,0,0,0,1,7
1967,339,Bill Kelso,/players/k/kelsobi01.shtml,kelsobi01,27,CAL,3,69,1,69,69,69,0,0,0,0,0,0,0,0,0,1,0
1967,340,John Kennedy,/players/k/kennejo03.shtml,kennejo03,26,NYY,6,78,56,78,70,0,0,0,3,33,36,0,0,0,0,5,3
1967,341,Jerry Kenney,/players/k/kenneje01.shtml,kenneje01,22,NYY,1st,20,17,20,18,0,0,0,0,0,18,0,0,0,0,3,0
1967,342,Dick Kenworthy,/players/k/kenwodi01.shtml,kenwodi01,26,CHW,5,50,23,50,35,0,0,0,0,35,0,0,0,0,0,16,2
1967,343,Don Kessinger,/players/k/kessido01.shtml,kessido01,24,CHC,4,145,136,145,143,0,0,0,0,0,143,0,0,0,0,2,3
1967,344,Harmon Killebrew,/players/k/killeha01.shtml,killeha01,31,MIN,14,163,163,163,163,0,0,160,0,3,0,0,0,0,0,0,0
1967,345,Hal King,/players/k/kingha01.shtml,kingha01,23,HOU,1st,15,11,15,11,0,11,0,0,0,0,0,0,0,0,4,0
1967,346,Jim King,/players/k/kingji01.shtml,kingji01,34,3TM,11,89,32,89,45,0,1,0,0,0,0,1,0,44,44,49,0
1967,347,Ed Kirkpatrick,/players/k/kirkped01.shtml,kirkped01,22,CAL,6,3,2,3,2,0,2,0,0,0,0,1,0,0,1,1,0
1967,348,Fred Klages,/players/k/klagefr01.shtml,klagefr01,23,CHW,2,12,9,12,11,11,0,0,0,0,0,0,0,0,0,0,1
1967,349,Ron Kline,/players/k/klinero01.shtml,klinero01,35,MIN,14,54,0,54,54,54,0,0,0,0,0,0,0,0,0,0,0
1967,350,Johnny Klippstein,/players/k/klippjo01.shtml,klippjo01,39,DET,18,5,0,5,5,5,0,0,0,0,0,0,0,0,0,0,0
1967,351,Bobby Knoop,/players/k/knoopbo01.shtml,knoopbo01,28,CAL,4,159,153,159,159,0,0,0,159,0,0,0,0,0,0,1,0
1967,352,Darold Knowles,/players/k/knowlda01.shtml,knowlda01,25,WSA,3,61,1,61,61,61,0,0,0,0,0,0,0,0,0,0,0
1967,353,Cal Koonce,/players/k/kooncca01.shtml,kooncca01,26,2TM,6,47,6,47,45,45,0,0,0,0,0,0,0,0,0,0,2
1967,354,Jerry Koosman,/players/k/koosmje01.shtml,koosmje01,24,NYM,1st,9,3,9,9,9,0,0,0,0,0,0,0,0,0,0,0
1967,355,George Korince,/players/k/koringe01.shtml,koringe01,21,DET,2,9,0,9,9,9,0,0,0,0,0,0,0,0,0,0,0
1967,356,Andy Kosco,/players/k/koscoan01.shtml,koscoan01,25,MIN,3,9,6,9,7,0,0,0,0,0,0,0,0,7,7,3,0
1967,357,Frank Kostro,/players/k/kostrfr01.shtml,kostrfr01,29,MIN,5,32,2,32,4,0,0,0,0,1,0,2,0,1,3,28,0
1967,358,Jack Kralick,/players/k/kralija01.shtml,kralija01,32,CLE,9,2,0,2,2,2,0,0,0,0,0,0,0,0,0,0,0
1967,359,Ed Kranepool,/players/k/kraneed01.shtml,kraneed01,22,NYM,6,141,121,141,139,0,0,139,0,0,0,0,0,0,0,10,0
1967,360,Lew Krausse,/players/k/krausle02.shtml,krausle02,24,KCA,5,49,19,49,48,48,0,0,0,0,0,0,0,0,0,0,1
1967,361,Ted Kubiak,/players/k/kubiate01.shtml,kubiate01,25,KCA,1st,53,21,53,35,0,0,0,9,6,20,0,0,0,0,19,2
1967,362,Jack Lamabe,/players/l/lamabja01.shtml,lamabja01,30,3TM,6,42,3,42,42,42,0,0,0,0,0,0,0,0,0,0,0
1967,363,Bill Landis,/players/l/landibi01.shtml,landibi01,24,BOS,2,21,1,21,18,18,0,0,0,0,0,0,0,0,0,0,3
1967,364,Jim Landis,/players/l/landiji01.shtml,landiji01,33,3TM,11,80,46,80,61,0,0,0,0,0,0,34,4,25,61,22,2
1967,365,Hal Lanier,/players/l/lanieha01.shtml,lanieha01,24,SFG,4,151,149,151,151,0,0,0,34,0,137,0,0,0,0,0,0
1967,366,Don Larsen,/players/l/larsedo01.shtml,larsedo01,37,CHC,14,3,0,3,3,3,0,0,0,0,0,0,0,0,0,0,0
1967,367,Fred Lasher,/players/l/lashefr01.shtml,lashefr01,25,DET,2,17,0,17,17,17,0,0,0,0,0,0,0,0,0,0,0
1967,368,Barry Latman,/players/l/latmaba01.shtml,latmaba01,31,HOU,11,39,1,39,39,39,0,0,0,0,0,0,0,0,0,0,0
1967,369,Charlie Lau,/players/l/lauch01.shtml,lauch01,34,2TM,11,63,0,63,0,0,0,0,0,0,0,0,0,0,0,63,0
1967,370,George Lauzerique,/players/l/lauzege01.shtml,lauzege01,19,KCA,1st,3,2,3,3,3,0,0,0,0,0,0,0,0,0,0,0
1967,371,Vern Law,/players/l/lawve01.shtml,lawve01,37,PIT,16,26,10,26,25,25,0,0,0,0,0,0,0,0,0,0,1
1967,372,Bob Lee,/players/l/leebo01.shtml,leebo01,29,2TM,4,31,1,31,31,31,0,0,0,0,0,0,0,0,0,0,0
1967,373,Jim Lefebvre,/players/l/lefebji01.shtml,lefebji01,25,LAD,3,136,127,136,130,0,0,5,34,92,0,0,0,0,0,9,0
1967,374,Denny Lemaster,/players/l/lemasde01.shtml,lemasde01,28,ATL,6,31,31,31,31,31,0,0,0,0,0,0,0,0,0,0,0
1967,375,Dave Leonhard,/players/l/leonhda01.shtml,leonhda01,26,BAL,1st,3,2,3,3,3,0,0,0,0,0,0,0,0,0,0,0
1967,376,Allan Lewis,/players/l/lewisal01.shtml,lewisal01,25,KCA,1st,34,0,34,0,0,0,0,0,0,0,0,0,0,0,6,28
1967,377,Johnny Lewis,/players/l/lewisjo01.shtml,lewisjo01,27,NYM,4,13,7,13,10,0,0,0,0,0,0,2,0,9,10,5,0
1967,378,Bob Lillis,/players/l/lillibo01.shtml,lillibo01,37,HOU,10,37,18,37,27,0,0,0,3,2,23,0,0,0,0,13,2
1967,379,Paul Lindblad,/players/l/lindbpa01.shtml,lindbpa01,25,KCA,3,48,10,48,46,46,0,0,0,0,0,0,0,0,0,2,1
1967,380,Dick Lines,/players/l/linesdi01.shtml,linesdi01,28,WSA,2,54,0,54,54,54,0,0,0,0,0,0,0,0,0,0,0
1967,381,Phil Linz,/players/l/linzph01.shtml,linzph01,28,2TM,6,47,15,47,29,0,0,0,11,2,15,1,0,0,1,16,9
1967,382,Frank Linzy,/players/l/linzyfr01.shtml,linzyfr01,26,SFG,4,57,0,57,57,57,0,0,0,0,0,0,0,0,0,0,0
1967,383,Don Lock,/players/l/lockdo01.shtml,lockdo01,30,PHI,6,112,81,112,98,0,0,0,0,0,0,1,97,2,98,29,0
1967,384,Bobby Locke,/players/l/lockebo01.shtml,lockebo01,33,CAL,8,9,1,9,9,9,0,0,0,0,0,0,0,0,0,0,0
1967,385,Bob Locker,/players/l/lockebo02.shtml,lockebo02,29,CHW,3,77,0,77,77,77,0,0,0,0,0,0,0,0,0,0,0
1967,386,Mickey Lolich,/players/l/lolicmi01.shtml,lolicmi01,26,DET,5,32,30,32,31,31,0,0,0,0,0,0,0,0,0,0,1
1967,387,Jim Lonborg,/players/l/lonboji01.shtml,lonboji01,25,BOS,3,39,39,39,39,39,0,0,0,0,0,0,0,0,0,0,0
1967,388,Marcelino Lopez,/players/l/lopezma01.shtml,lopezma01,23,2TM,4,13,7,13,8,8,0,0,0,0,0,0,0,0,0,0,5
1967,389,Larry Loughlin,/players/l/loughla01.shtml,loughla01,25,PHI,1st,3,0,3,3,3,0,0,0,0,0,0,0,0,0,0,0
1967,390,Mike Lum,/players/l/lummi01.shtml,lummi01,21,ATL,1st,9,6,9,6,0,0,0,0,0,0,0,6,0,6,3,0
1967,391,Jerry Lumpe,/players/l/lumpeje01.shtml,lumpeje01,34,DET,12,81,36,81,58,0,0,0,53,6,0,0,0,0,0,37,1
1967,392,Gordy Lund,/players/l/lundgo01.shtml,lundgo01,26,CLE,1st,3,2,3,2,0,0,0,0,0,2,0,0,0,0,1,0
1967,393,Al Luplow,/players/l/luploal01.shtml,luploal01,28,2TM,7,96,45,96,60,0,0,0,0,0,0,22,19,24,60,44,3
1967,394,Sparky Lyle,/players/l/lylesp01.shtml,lylesp01,22,BOS,1st,27,0,27,27,27,0,0,0,0,0,0,0,0,0,0,0
1967,395,Jim Maloney,/players/m/malonji01.shtml,malonji01,27,CIN,8,33,29,33,30,30,0,0,0,0,0,0,0,0,0,2,1
1967,396,Mickey Mantle,/players/m/mantlmi01.shtml,mantlmi01,35,NYY,17,144,130,144,131,0,0,131,0,0,0,0,0,0,0,14,0
1967,397,Juan Marichal,/players/m/maricju01.shtml,maricju01,29,SFG,8,26,26,26,26,26,0,0,0,0,0,0,0,0,0,0,0
1967,398,Roger Maris,/players/m/marisro01.shtml,marisro01,32,STL,11,125,100,125,118,0,0,0,0,0,0,0,2,118,118,22,0
1967,399,Dave Marshall,/players/m/marshda01.shtml,marshda01,24,SFG,1st,1,0,1,0,0,0,0,0,0,0,0,0,0,0,0,1
1967,400,Mike Marshall,/players/m/marshmi01.shtml,marshmi01,24,DET,1st,37,0,37,37,37,0,0,0,0,0,0,0,0,0,2,0
1967,401,J.C. Martin,/players/m/martij.01.shtml,martij.01,30,CHW,9,101,69,101,97,0,96,1,0,0,0,0,0,0,0,6,0
1967,402,Marty Martinez,/players/m/martima01.shtml,martima01,25,ATL,2,44,17,44,40,0,3,1,9,2,25,0,0,0,0,1,8
1967,403,Don Mason,/players/m/masondo01.shtml,masondo01,22,SFG,2,4,1,4,2,0,0,0,2,0,0,0,0,0,0,0,3
1967,404,Tommy Matchick,/players/m/matchto01.shtml,matchto01,23,DET,1st,8,0,8,1,0,0,0,0,0,1,0,0,0,0,6,2
1967,405,Eddie Mathews,/players/m/matheed01.shtml,matheed01,35,2TM,16,137,119,137,131,0,0,92,0,45,0,0,0,0,0,18,0
1967,406,Dal Maxvill,/players/m/maxvida01.shtml,maxvida01,28,STL,6,152,147,152,152,0,0,0,7,0,148,0,0,0,0,0,1
1967,407,Dave May,/players/m/mayda01.shtml,mayda01,23,BAL,1st,36,17,36,19,0,0,0,0,0,0,1,0,18,19,17,1
1967,408,Jerry May,/players/m/mayje01.shtml,mayje01,23,PIT,4,110,103,110,110,0,110,0,0,0,0,0,0,0,0,2,0
1967,409,Lee May,/players/m/mayle01.shtml,mayle01,24,CIN,3,127,115,127,120,0,0,80,0,0,0,33,0,16,48,8,0
1967,410,Lee Maye,/players/m/mayele01.shtml,mayele01,32,CLE,9,115,63,115,77,0,0,0,1,0,0,25,10,54,77,48,1
1967,411,Willie Mays,/players/m/mayswi01.shtml,mayswi01,36,SFG,16,141,123,141,134,0,0,0,0,0,0,0,134,0,134,14,0
1967,412,Bill Mazeroski,/players/m/mazerbi01.shtml,mazerbi01,30,PIT,12,163,160,163,163,0,0,0,163,0,0,0,0,0,0,0,0
1967,413,Dick McAuliffe,/players/m/mcauldi01.shtml,mcauldi01,27,DET,8,153,150,153,153,0,0,0,144,0,45,0,0,0,0,2,0
1967,414,Al McBean,/players/m/mcbeaal01.shtml,mcbeaal01,29,PIT,7,51,8,51,51,51,0,0,0,0,0,0,0,0,0,0,0
1967,415,Tim McCarver,/players/m/mccarti01.shtml,mccarti01,25,STL,8,138,126,138,130,0,130,0,0,0,0,0,0,0,0,12,0
1967,416,Billy McCool,/players/m/mccoobi01.shtml,mccoobi01,22,CIN,4,31,11,31,31,31,0,0,0,0,0,0,0,0,0,0,0
1967,417,Mike McCormick,/players/m/mccormi03.shtml,mccormi03,28,SFG,12,41,35,41,40,40,0,0,0,0,0,0,0,0,0,1,0
1967,418,Willie McCovey,/players/m/mccovwi01.shtml,mccovwi01,29,SFG,9,135,123,135,127,0,0,127,0,0,0,0,0,0,0,11,0
1967,419,Tommy McCraw,/players/m/mccrato01.shtml,mccrato01,26,CHW,5,125,116,125,124,0,0,123,0,0,0,1,4,1,6,2,1
1967,420,Lindy McDaniel,/players/m/mcdanli01.shtml,mcdanli01,31,SFG,13,41,3,41,41,41,0,0,0,0,0,0,0,0,0,0,1
1967,421,Sam McDowell,/players/m/mcdowsa01.shtml,mcdowsa01,24,CLE,7,37,37,37,37,37,0,0,0,0,0,0,0,0,0,0,0
1967,422,Orlando McFarlane,/players/m/mcfaror01.shtml,mcfaror01,29,CAL,4,12,5,12,6,0,6,0,0,0,0,0,0,0,0,6,0
1967,423,Jim McGlothlin,/players/m/mcgloji01.shtml,mcgloji01,23,CAL,3,32,29,32,32,32,0,0,0,0,0,0,0,0,0,0,0
1967,424,Tug McGraw,/players/m/mcgratu01.shtml,mcgratu01,22,NYM,3,4,4,4,4,4,0,0,0,0,0,0,0,0,0,0,0
1967,425,Mickey McGuire,/players/m/mcguimi01.shtml,mcguimi01,26,BAL,2,10,3,10,4,0,0,0,4,0,0,0,0,0,0,6,0
1967,426,Denny McLain,/players/m/mclaide01.shtml,mclaide01,23,DET,5,38,37,38,37,37,0,0,0,0,0,0,0,0,0,0,1
1967,427,Don McMahon,/players/m/mcmahdo02.shtml,mcmahdo02,37,2TM,11,63,0,63,63,63,0,0,0,0,0,0,0,0,0,0,0
1967,428,Ken McMullen,/players/m/mcmulke01.shtml,mcmulke01,25,WSA,6,146,143,146,145,0,0,0,0,145,0,0,0,0,0,1,0
1967,429,Dave McNally,/players/m/mcnalda01.shtml,mcnalda01,24,BAL,6,24,22,24,24,24,0,0,0,0,0,0,0,0,0,0,0
1967,430,Jerry McNertney,/players/m/mcnerje01.shtml,mcnerje01,30,CHW,3,56,39,56,56,0,56,0,0,0,0,0,0,0,0,1,1
1967,431,Denis Menke,/players/m/menkede01.shtml,menkede01,26,ATL,6,129,119,129,127,0,0,0,0,3,124,0,0,0,0,2,0
1967,432,Jim Merritt,/players/m/merriji01.shtml,merriji01,23,MIN,3,37,28,37,37,37,0,0,0,0,0,0,0,0,0,0,0
1967,433,Gene Michael,/players/m/michage01.shtml,michage01,29,LAD,2,98,66,98,83,0,0,0,0,0,83,0,0,0,0,2,18
1967,434,Pete Mikkelsen,/players/m/mikkepe01.shtml,mikkepe01,27,2TM,4,39,0,39,39,39,0,0,0,0,0,0,0,0,0,0,0
1967,435,Felix Millan,/players/m/millafe01.shtml,millafe01,23,ATL,2,41,37,41,41,0,0,0,41,0,0,0,0,0,0,0,0
1967,436,Bob Miller,/players/m/millebo04.shtml,millebo04,28,LAD,10,52,4,52,52,52,0,0,0,0,0,0,0,0,0,0,0
1967,437,John Miller,/players/m/millejo03.shtml,millejo03,26,BAL,5,2,0,2,2,2,0,0,0,0,0,0,0,0,0,0,0
1967,438,Norm Miller,/players/m/milleno01.shtml,milleno01,21,HOU,3,64,49,64,53,0,0,0,0,0,0,53,0,0,53,14,1
1967,439,Stu Miller,/players/m/millest01.shtml,millest01,39,BAL,15,42,0,42,42,42,0,0,0,0,0,0,0,0,0,0,0
1967,440,Don Mincher,/players/m/minchdo01.shtml,minchdo01,29,CAL,8,147,131,147,142,0,0,142,0,0,0,0,0,2,2,10,0
1967,441,Joe Moeller,/players/m/moelljo01.shtml,moelljo01,24,LAD,4,6,0,6,6,6,0,0,0,0,0,0,0,0,0,0,0
1967,442,Bill Monbouquette,/players/m/monbobi01.shtml,monbobi01,30,2TM,10,35,10,35,35,35,0,0,0,0,0,0,0,0,0,0,0
1967,443,Rick Monday,/players/m/mondari01.shtml,mondari01,21,KCA,2,124,107,124,113,0,0,0,0,0,0,3,110,0,113,13,2
1967,444,Aurelio Monteagudo,/players/m/monteau01.shtml,monteau01,23,CHW,5,1,1,1,1,1,0,0,0,0,0,0,0,0,0,0,0
1967,445,Joe Moock,/players/m/moockjo01.shtml,moockjo01,23,NYM,1st,13,10,13,12,0,0,0,0,12,0,0,0,0,0,1,0
1967,446,Barry Moore,/players/m/mooreba01.shtml,mooreba01,24,WSA,3,27,26,27,27,27,0,0,0,0,0,0,0,0,0,0,0
1967,447,Bob Moose,/players/m/moosebo01.shtml,moosebo01,19,PIT,1st,2,2,2,2,2,0,0,0,0,0,0,0,0,0,0,0
1967,448,Rich Morales,/players/m/moralri01.shtml,moralri01,23,CHW,1st,8,3,8,7,0,0,0,0,0,7,0,0,0,0,0,1
1967,449,Dave Morehead,/players/m/morehda01.shtml,morehda01,24,BOS,5,10,9,10,10,10,0,0,0,0,0,0,0,0,0,0,0
1967,450,Joe Morgan,/players/m/morgajo02.shtml,morgajo02,23,HOU,5,133,127,133,131,0,0,0,130,0,0,1,0,0,1,5,0
1967,451,Bubba Morton,/players/m/mortobu01.shtml,mortobu01,35,CAL,5,80,48,80,62,0,0,0,0,0,0,9,0,56,62,28,0
1967,452,Ross Moschitto,/players/m/moschro01.shtml,moschro01,22,NYY,2,14,0,14,8,0,0,0,0,0,0,2,4,2,8,6,1
1967,453,Manny Mota,/players/m/motama01.shtml,motama01,29,PIT,6,120,78,120,99,0,0,0,0,2,0,47,49,14,99,32,3
1967,454,Curt Motton,/players/m/mottocu01.shtml,mottocu01,26,BAL,1st,27,15,27,18,0,0,0,0,0,0,18,0,0,18,12,0
1967,455,Ivan Murrell,/players/m/murreiv01.shtml,murreiv01,24,HOU,3,10,6,10,6,0,0,0,0,0,0,6,0,0,6,4,0
1967,456,Buster Narum,/players/n/narumbu01.shtml,narumbu01,26,WSA,5,2,2,2,2,2,0,0,0,0,0,0,0,0,0,0,0
1967,457,Cotton Nash,/players/n/nashco01.shtml,nashco01,24,CHW,1st,3,1,3,3,0,0,3,0,0,0,0,0,0,0,0,0
1967,458,Jim Nash,/players/n/nashji01.shtml,nashji01,22,KCA,2,37,34,37,37,37,0,0,0,0,0,0,0,0,0,0,0
1967,459,Mel Nelson,/players/n/nelsome01.shtml,nelsome01,31,MIN,4,1,0,1,1,1,0,0,0,0,0,0,0,0,0,0,0
1967,460,Roger Nelson,/players/n/nelsoro02.shtml,nelsoro02,23,CHW,1st,5,0,5,5,5,0,0,0,0,0,0,0,0,0,0,0
1967,461,Dick Nen,/players/n/nendi01.shtml,nendi01,27,WSA,4,110,51,110,66,0,0,65,0,0,0,1,0,0,1,47,2
1967,462,Graig Nettles,/players/n/nettlgr01.shtml,nettlgr01,22,MIN,1st,3,0,3,0,0,0,0,0,0,0,0,0,0,0,3,0
1967,463,Fred Newman,/players/n/newmafr01.shtml,newmafr01,25,CAL,6,3,1,3,3,3,0,0,0,0,0,0,0,0,0,0,0
1967,464,Dave Nicholson,/players/n/nichoda01.shtml,nichoda01,27,ATL,7,10,7,10,7,0,0,0,0,0,0,7,1,0,7,2,1
1967,465,Joe Niekro,/players/n/niekrjo01.shtml,niekrjo01,22,CHC,1st,36,22,36,36,36,0,0,0,0,0,0,0,0,0,0,0
1967,466,Phil Niekro,/players/n/niekrph01.shtml,niekrph01,28,ATL,4,46,20,46,46,46,0,0,0,0,0,0,0,0,0,0,0
1967,467,Russ Nixon,/players/n/nixonru01.shtml,nixonru01,32,MIN,11,74,41,74,69,0,69,0,0,0,0,0,0,0,0,21,0
1967,468,Gary Nolan,/players/n/nolanga01.shtml,nolanga01,19,CIN,1st,33,32,33,33,33,0,0,0,0,0,0,0,0,0,0,0
1967,469,Dick Nold,/players/n/nolddi01.shtml,nolddi01,24,WSA,1st,7,3,7,7,7,0,0,0,0,0,0,0,0,0,0,0
1967,470,Fred Norman,/players/n/normafr01.shtml,normafr01,24,CHC,5,1,0,1,1,1,0,0,0,0,0,0,0,0,0,0,0
1967,471,Jim Northrup,/players/n/northji01.shtml,northji01,27,DET,4,144,124,144,143,0,0,0,0,0,0,68,94,41,143,7,4
1967,472,Joe Nossek,/players/n/nossejo01.shtml,nossejo01,26,KCA,4,87,41,87,63,0,0,0,0,0,0,35,32,0,63,28,4
1967,473,Don Nottebart,/players/n/nottedo01.shtml,nottedo01,31,CIN,8,47,0,47,47,47,0,0,0,0,0,0,0,0,0,0,0
1967,474,Rich Nye,/players/n/nyeri01.shtml,nyeri01,22,CHC,2,35,30,35,35,35,0,0,0,0,0,0,0,0,0,0,0
1967,475,Billy O'Dell,/players/o/o'delbi01.shtml,o'delbi01,34,PIT,13,28,11,28,27,27,0,0,0,0,0,0,0,0,0,0,1
1967,476,John O'Donoghue,/players/o/o'donjo02.shtml,o'donjo02,27,CLE,5,33,17,33,33,33,0,0,0,0,0,0,0,0,0,0,0
1967,477,Jim O'Toole,/players/o/o'tooji01.shtml,o'tooji01,30,CHW,10,15,10,15,15,15,0,0,0,0,0,0,0,0,0,0,0
1967,478,Blue Moon Odom,/players/o/odombl01.shtml,odombl01,22,KCA,4,33,17,33,29,29,0,0,0,0,0,0,0,0,0,0,4
1967,479,Tony Oliva,/players/o/olivato01.shtml,olivato01,28,MIN,6,146,145,146,146,0,0,0,0,0,0,0,0,146,146,1,0
1967,480,Gene Oliver,/players/o/olivege01.shtml,olivege01,32,2TM,8,102,85,102,94,0,92,3,0,0,0,0,0,0,0,13,0
1967,481,Nate Oliver,/players/o/olivena01.shtml,olivena01,26,LAD,5,77,52,77,63,0,0,0,38,1,32,1,0,0,1,11,5
1967,482,Jim Ollom,/players/o/ollomji01.shtml,ollomji01,21,MIN,2,21,2,21,21,21,0,0,0,0,0,0,0,0,0,0,0
1967,483,John Orsino,/players/o/orsinjo01.shtml,orsinjo01,29,WSA,7,1,0,1,0,0,0,0,0,0,0,0,0,0,0,1,0
1967,484,Phil Ortega,/players/o/ortegph01.shtml,ortegph01,27,WSA,8,34,34,34,34,34,0,0,0,0,0,0,0,0,0,0,0
1967,485,Dan Osinski,/players/o/osinsda01.shtml,osinsda01,33,BOS,6,34,0,34,34,34,0,0,0,0,0,0,0,0,0,0,0
1967,486,Claude Osteen,/players/o/osteecl01.shtml,osteecl01,27,LAD,10,42,39,42,39,39,0,0,0,0,0,0,0,0,0,2,1
1967,487,Darrell Osteen,/players/o/osteeda01.shtml,osteeda01,24,CIN,3,14,0,14,10,10,0,0,0,0,0,0,0,0,0,0,6
1967,488,Amos Otis,/players/o/otisam01.shtml,otisam01,20,NYM,1st,19,16,19,17,0,0,0,0,1,0,2,14,3,16,0,2
1967,489,Jim Owens,/players/o/owensji01.shtml,owensji01,33,HOU,12,10,0,10,10,10,0,0,0,0,0,0,0,0,0,0,0
1967,490,Ray Oyler,/players/o/oylerra01.shtml,oylerra01,28,DET,3,148,125,148,146,0,0,0,0,0,146,0,0,0,0,0,5
1967,491,Jose Pagan,/players/p/paganjo01.shtml,paganjo01,32,PIT,9,81,54,81,65,0,1,0,2,25,16,23,0,0,23,18,4
1967,492,Jim Pagliaroni,/players/p/pagliji01.shtml,pagliji01,29,PIT,9,44,27,44,38,0,38,0,0,0,0,0,0,0,0,11,0
1967,493,Jim Palmer,/players/p/palmeji01.shtml,palmeji01,21,BAL,3,9,9,9,9,9,0,0,0,0,0,0,0,0,0,0,0
1967,494,Milt Pappas,/players/p/pappami01.shtml,pappami01,28,CIN,11,34,32,34,34,34,0,0,0,0,0,0,0,0,0,0,0
1967,495,Wes Parker,/players/p/parkewe01.shtml,parkewe01,27,LAD,4,139,109,139,127,0,0,112,0,0,0,0,18,0,18,15,2
1967,496,Camilo Pascual,/players/p/pascuca02.shtml,pascuca02,33,WSA,14,28,27,28,28,28,0,0,0,0,0,0,0,0,0,0,0
1967,497,Don Pavletich,/players/p/pavledo01.shtml,pavledo01,28,CIN,8,74,62,74,72,0,66,6,0,1,0,0,0,0,0,6,0
1967,498,Orlando Pena,/players/p/penaor01.shtml,penaor01,33,2TM,9,50,1,50,50,50,0,0,0,0,0,0,0,0,0,0,0
1967,499,Joe Pepitone,/players/p/pepitjo01.shtml,pepitjo01,26,NYY,6,133,128,133,129,0,0,6,0,0,0,0,123,0,123,5,0
1967,500,Tony Perez,/players/p/perezto01.shtml,perezto01,25,CIN,4,156,156,156,156,0,0,18,1,139,0,0,0,0,0,0,0
1967,501,Cecil Perkins,/players/p/perkice01.shtml,perkice01,26,NYY,1st,2,1,2,2,2,0,0,0,0,0,0,0,0,0,0,0
1967,502,Ron Perranoski,/players/p/perraro01.shtml,perraro01,31,LAD,7,70,0,70,70,70,0,0,0,0,0,0,0,0,0,0,0
1967,503,Gaylord Perry,/players/p/perryga01.shtml,perryga01,28,SFG,6,42,37,42,39,39,0,0,0,0,0,0,0,0,0,0,3
1967,504,Jim Perry,/players/p/perryji01.shtml,perryji01,31,MIN,9,39,11,39,37,37,0,0,0,0,0,0,0,0,0,0,2
1967,505,Gary Peters,/players/p/peterga01.shtml,peterga01,30,CHW,9,48,36,48,38,38,0,0,0,0,0,0,0,0,0,7,3
1967,506,Cap Peterson,/players/p/peterca01.shtml,peterca01,24,WSA,6,122,97,122,101,0,0,0,0,0,0,18,0,88,101,24,0
1967,507,Fritz Peterson,/players/p/peterfr01.shtml,peterfr01,25,NYY,2,36,30,36,36,36,0,0,0,0,0,0,0,0,0,0,0
1967,508,Rico Petrocelli,/players/p/petrori01.shtml,petrori01,24,BOS,4,142,137,142,141,0,0,0,0,0,141,0,0,0,0,1,0
1967,509,Adolfo Phillips,/players/p/phillad01.shtml,phillad01,25,CHC,4,144,141,144,141,0,0,0,0,0,0,0,141,0,141,2,1
1967,510,Tom Phoebus,/players/p/phoebto01.shtml,phoebto01,25,BAL,2,33,33,33,33,33,0,0,0,0,0,0,0,0,0,0,0
1967,511,Tony Pierce,/players/p/piercto01.shtml,piercto01,21,KCA,1st,49,6,49,49,49,0,0,0,0,0,0,0,0,0,0,0
1967,512,Jim Piersall,/players/p/piersji01.shtml,piersji01,37,CAL,17,5,0,5,1,0,0,0,0,0,0,1,0,0,1,4,0
1967,513,Vada Pinson,/players/p/pinsova01.shtml,pinsova01,28,CIN,10,158,156,158,157,0,0,0,0,0,0,0,157,0,157,2,0
1967,514,Juan Pizarro,/players/p/pizarju01.shtml,pizarju01,30,PIT,11,50,9,50,50,50,0,0,0,0,0,0,0,0,0,1,0
1967,515,Johnny Podres,/players/p/podrejo01.shtml,podrejo01,34,DET,14,21,8,21,21,21,0,0,0,0,0,0,0,0,0,0,0
1967,516,Aaron Pointer,/players/p/pointaa01.shtml,pointaa01,25,HOU,3,27,20,27,22,0,0,0,0,0,0,21,0,1,22,3,2
1967,517,Paul Popovich,/players/p/popovpa01.shtml,popovpa01,26,CHC,3,49,35,49,44,0,0,0,17,2,30,0,0,0,0,7,0
1967,518,Ken Poulsen,/players/p/poulske01.shtml,poulske01,19,BOS,1st,5,0,5,3,0,0,0,0,2,1,0,0,0,0,3,1
1967,519,Boog Powell,/players/p/powelbo01.shtml,powelbo01,25,BAL,7,125,109,125,114,0,0,114,0,0,0,0,0,0,0,15,0
1967,520,Jim Price,/players/p/priceji01.shtml,priceji01,25,DET,1st,44,22,44,24,0,24,0,0,0,0,0,0,0,0,20,1
1967,521,Bob Priddy,/players/p/priddbo01.shtml,priddbo01,27,WSA,5,49,8,49,46,46,0,0,0,0,0,0,0,0,0,0,3
1967,522,Mel Queen,/players/q/queenme02.shtml,queenme02,25,CIN,4,49,24,49,31,31,0,0,0,0,0,0,0,0,0,16,2
1967,523,Frank Quilici,/players/q/quilifr01.shtml,quilifr01,28,MIN,2,23,2,23,19,0,0,0,13,8,1,0,0,0,0,4,2
1967,524,Dick Radatz,/players/r/radatdi01.shtml,radatdi01,30,2TM,6,23,0,23,23,23,0,0,0,0,0,0,0,0,0,0,0
1967,525,Doug Rader,/players/r/raderdo02.shtml,raderdo02,22,HOU,1st,47,40,47,43,0,0,36,0,7,0,0,0,0,0,6,0
1967,526,Ed Rakow,/players/r/rakowed01.shtml,rakowed01,32,ATL,7,17,3,17,17,17,0,0,0,0,0,0,0,0,0,0,0
1967,527,Pedro Ramos,/players/r/ramospe01.shtml,ramospe01,32,PHI,13,6,0,6,6,6,0,0,0,0,0,0,0,0,0,0,0
1967,528,Bob Raudman,/players/r/raudmbo01.shtml,raudmbo01,25,CHC,2,8,6,8,8,0,0,0,0,0,0,0,0,8,8,0,1
1967,529,Claude Raymond,/players/r/raymocl01.shtml,raymocl01,30,2TM,8,49,0,49,49,49,0,0,0,0,0,0,0,0,0,0,0
1967,530,Howie Reed,/players/r/reedho01.shtml,reedho01,30,HOU,7,4,2,4,4,4,0,0,0,0,0,0,0,0,0,0,0
1967,531,Ron Reed,/players/r/reedro01.shtml,reedro01,24,ATL,2,3,3,3,3,3,0,0,0,0,0,0,0,0,0,0,0
1967,532,Rich Reese,/players/r/reeseri01.shtml,reeseri01,25,MIN,4,95,13,95,46,0,0,36,0,0,0,10,0,0,10,49,8
1967,533,Phil Regan,/players/r/reganph01.shtml,reganph01,30,LAD,8,55,3,55,55,55,0,0,0,0,0,0,0,0,0,0,0
1967,534,Rick Reichardt,/players/r/reichri01.shtml,reichri01,24,CAL,4,146,133,146,138,0,0,0,0,0,0,138,1,0,138,9,2
1967,535,Hal Reniff,/players/r/renifha01.shtml,renifha01,28,2TM,7,53,0,53,53,53,0,0,0,0,0,0,0,0,0,0,0
1967,536,Roger Repoz,/players/r/repozro01.shtml,repozro01,26,2TM,4,114,65,114,94,0,0,0,0,0,0,22,63,10,94,26,6
1967,537,Tommie Reynolds,/players/r/reynoto01.shtml,reynoto01,25,NYM,4,101,26,101,77,0,1,0,0,6,0,42,13,21,72,28,14
1967,538,Dennis Ribant,/players/r/ribande01.shtml,ribande01,25,PIT,4,47,22,47,38,38,0,0,0,0,0,0,0,0,0,0,9
1967,539,Pete Richert,/players/r/richepe01.shtml,richepe01,27,2TM,6,39,29,39,37,37,0,0,0,0,0,0,0,0,0,1,1
1967,540,Dave Ricketts,/players/r/rickeda01.shtml,rickeda01,31,STL,3,52,16,52,21,0,21,0,0,0,0,0,0,0,0,32,0
1967,541,Jay Ritchie,/players/r/ritchja01.shtml,ritchja01,30,ATL,4,52,0,52,52,52,0,0,0,0,0,0,0,0,0,0,0
1967,542,Dale Roberts,/players/r/roberda04.shtml,roberda04,25,NYY,1st,2,0,2,2,2,0,0,0,0,0,0,0,0,0,0,0
1967,543,Bob Robertson,/players/r/roberbo01.shtml,roberbo01,20,PIT,1st,9,9,9,9,0,0,9,0,0,0,0,0,0,0,0,0
1967,544,Rich Robertson,/players/r/roberri01.shtml,roberri01,22,SFG,2,1,0,1,1,1,0,0,0,0,0,0,0,0,0,0,0
1967,545,Bill Robinson,/players/r/robinbi02.shtml,robinbi02,24,NYY,2,116,90,116,102,0,0,0,0,0,0,21,33,54,102,17,0
1967,546,Brooks Robinson,/players/r/robinbr01.shtml,robinbr01,30,BAL,13,158,158,158,158,0,0,0,0,158,0,0,0,0,0,0,0
1967,547,Floyd Robinson,/players/r/robinfl01.shtml,robinfl01,31,CIN,8,55,31,55,39,0,0,0,0,0,0,5,0,34,39,21,0
1967,548,Frank Robinson,/players/r/robinfr02.shtml,robinfr02,31,BAL,12,129,128,129,128,0,0,2,0,0,0,32,0,95,126,1,0
1967,549,Andre Rodgers,/players/r/rodgean01.shtml,rodgean01,32,PIT,11,47,9,47,19,0,0,9,2,5,3,0,0,0,0,27,3
1967,550,Buck Rodgers,/players/r/rodgebu01.shtml,rodgebu01,28,CAL,7,139,121,139,134,0,133,0,0,0,0,1,0,0,1,8,0
1967,551,Aurelio Rodriguez,/players/r/rodriau01.shtml,rodriau01,19,CAL,1st,29,29,29,29,0,0,0,0,29,0,0,0,0,0,0,0
1967,552,Roberto Rodriguez,/players/r/rodriro01.shtml,rodriro01,26,KCA,1st,15,5,15,15,15,0,0,0,0,0,0,0,0,0,0,0
1967,553,Billy Rohr,/players/r/rohrbi01.shtml,rohrbi01,21,BOS,1st,10,8,10,10,10,0,0,0,0,0,0,0,0,0,0,0
1967,554,Les Rohr,/players/r/rohrle01.shtml,rohrle01,21,NYM,1st,3,3,3,3,3,0,0,0,0,0,0,0,0,0,0,0
1967,555,Cookie Rojas,/players/r/rojasco01.shtml,rojasco01,28,PHI,6,147,133,147,144,1,3,0,137,1,2,8,1,1,9,8,2
1967,556,Minnie Rojas,/players/r/rojasmi01.shtml,rojasmi01,33,CAL,2,72,0,72,72,72,0,0,0,0,0,0,0,0,0,0,0
1967,557,Jim Roland,/players/r/rolanji01.shtml,rolanji01,24,MIN,5,25,0,25,25,25,0,0,0,0,0,0,0,0,0,0,0
1967,558,Rich Rollins,/players/r/rolliri01.shtml,rolliri01,29,MIN,7,109,90,109,97,0,0,0,0,97,0,0,0,0,0,16,0
1967,559,John Romano,/players/r/romanjo01.shtml,romanjo01,32,STL,10,24,19,24,20,0,20,0,0,0,0,0,0,0,0,4,0
1967,560,Phil Roof,/players/r/roofph01.shtml,roofph01,26,KCA,5,114,107,114,113,0,113,0,0,0,0,0,0,0,0,2,0
1967,561,Pete Rose,/players/r/rosepe01.shtml,rosepe01,26,CIN,5,148,148,148,148,0,0,0,35,0,0,124,1,0,124,0,0
1967,562,John Roseboro,/players/r/rosebjo01.shtml,rosebjo01,34,LAD,11,116,90,116,107,0,107,0,0,0,0,0,0,0,0,18,0
1967,563,Vic Roznovsky,/players/r/roznovi01.shtml,roznovi01,28,BAL,4,45,22,45,23,0,23,0,0,0,0,0,0,0,0,22,0
1967,564,Jorge Rubio,/players/r/rubiojo01.shtml,rubiojo01,22,CAL,2,3,3,3,3,3,0,0,0,0,0,0,0,0,0,0,0
1967,565,Joe Rudi,/players/r/rudijo01.shtml,rudijo01,20,KCA,1st,19,13,19,15,0,0,9,0,0,0,6,0,0,6,4,0
1967,566,Chico Ruiz,/players/r/ruizch01.shtml,ruizch01,28,CIN,4,105,57,105,82,0,0,0,56,13,11,3,0,2,5,19,12
1967,567,Mike Ryan,/players/r/ryanmi02.shtml,ryanmi02,25,BOS,4,79,74,79,79,0,79,0,0,0,0,0,0,0,0,0,0
1967,568,Ray Sadecki,/players/s/sadecra01.shtml,sadecra01,26,SFG,8,37,24,37,35,35,0,0,0,0,0,0,0,0,0,4,0
1967,569,Chico Salmon,/players/s/salmoch01.shtml,salmoch01,26,CLE,4,90,45,90,87,0,0,24,24,4,14,24,3,3,28,8,12
1967,570,Charlie Sands,/players/s/sandsch01.shtml,sandsch01,19,NYY,1st,1,0,1,0,0,0,0,0,0,0,0,0,0,0,1,0
1967,571,Jack Sanford,/players/s/sanfoja02.shtml,sanfoja02,38,2TM,12,22,10,22,22,22,0,0,0,0,0,0,0,0,0,0,0
1967,572,Manny Sanguillen,/players/s/sanguma01.shtml,sanguma01,23,PIT,1st,30,23,30,28,0,28,0,0,0,0,0,0,0,0,1,3
1967,573,Jose Santiago,/players/s/santijo02.shtml,santijo02,26,BOS,5,50,11,50,50,50,0,0,0,0,0,0,0,0,0,0,0
1967,574,Ron Santo,/players/s/santoro01.shtml,santoro01,27,CHC,8,161,161,161,161,0,0,0,0,161,0,0,0,0,0,0,0
1967,575,Tom Satriano,/players/s/satrito01.shtml,satrito01,26,CAL,7,90,50,90,73,0,23,5,15,38,0,0,0,0,0,27,0
1967,576,Ted Savage,/players/s/savagte01.shtml,savagte01,30,2TM,5,105,65,105,86,0,0,0,0,1,0,0,22,67,86,22,3
1967,577,Bob Saverine,/players/s/saverbo01.shtml,saverbo01,26,WSA,6,89,54,89,61,0,0,0,48,8,10,2,0,0,2,26,5
1967,578,Paul Schaal,/players/s/schaapa01.shtml,schaapa01,24,CAL,4,99,75,99,90,0,0,0,1,88,2,0,0,0,0,7,6
1967,579,Jimmie Schaffer,/players/s/schafji01.shtml,schafji01,31,PHI,7,2,1,2,1,0,1,0,0,0,0,0,0,0,0,1,0
1967,580,Richie Scheinblum,/players/s/scheiri01.shtml,scheiri01,24,CLE,2,18,18,18,18,0,0,0,0,0,0,0,0,18,18,0,0
1967,581,Al Schmelz,/players/s/schmeal01.shtml,schmeal01,23,NYM,1st,2,0,2,2,2,0,0,0,0,0,0,0,0,0,0,0
1967,582,Dan Schneider,/players/s/schneda01.shtml,schneda01,24,HOU,4,55,0,55,54,54,0,0,0,0,0,0,0,0,0,0,1
1967,583,Dick Schofield,/players/s/schofdi01.shtml,schofdi01,32,LAD,15,84,56,84,74,0,0,0,4,2,69,0,0,0,0,10,2
1967,584,Bob Schroder,/players/s/schrobo01.shtml,schrobo01,22,SFG,3,62,31,62,49,0,0,0,45,5,0,0,0,0,0,23,2
1967,585,Don Schwall,/players/s/schwado01.shtml,schwado01,31,ATL,7,1,0,1,1,1,0,0,0,0,0,0,0,0,0,0,0
1967,586,George Scott,/players/s/scottge02.shtml,scottge02,23,BOS,2,159,149,159,152,0,0,152,0,2,0,0,0,0,0,9,1
1967,587,Tom Seaver,/players/s/seaveto01.shtml,seaveto01,22,NYM,1st,36,34,36,35,35,0,0,0,0,0,0,0,0,0,0,1
1967,588,Diego Segui,/players/s/seguidi01.shtml,seguidi01,29,KCA,6,36,3,36,36,36,0,0,0,0,0,0,0,0,0,0,0
1967,589,Dick Selma,/players/s/selmadi01.shtml,selmadi01,23,NYM,3,43,4,43,38,38,0,0,0,0,0,0,0,0,0,0,8
1967,590,Carroll Sembera,/players/s/sembeca01.shtml,sembeca01,25,HOU,3,45,0,45,45,45,0,0,0,0,0,0,0,0,0,0,0
1967,591,Art Shamsky,/players/s/shamsar01.shtml,shamsar01,25,CIN,3,76,29,76,42,0,0,0,0,0,0,18,0,27,42,44,0
1967,592,Mike Shannon,/players/s/shannmi01.shtml,shannmi01,27,STL,6,130,127,130,127,0,0,0,0,123,0,2,3,4,7,3,0
1967,593,Bob Shaw,/players/s/shawbo01.shtml,shawbo01,34,2TM,11,32,16,32,32,32,0,0,0,0,0,0,0,0,0,0,0
1967,594,Don Shaw,/players/s/shawdo01.shtml,shawdo01,23,NYM,1st,40,0,40,40,40,0,0,0,0,0,0,0,0,0,0,0
1967,595,Jim Shellenback,/players/s/shellji01.shtml,shellji01,23,PIT,2,6,2,6,6,6,0,0,0,0,0,0,0,0,0,0,0
1967,596,Larry Sherry,/players/s/sherrla01.shtml,sherrla01,31,2TM,10,49,0,49,49,49,0,0,0,0,0,0,0,0,0,0,0
1967,597,Bart Shirley,/players/s/shirlba01.shtml,shirlba01,27,NYM,3,6,3,6,3,0,0,0,3,0,0,0,0,0,0,2,1
1967,598,Tom Shopay,/players/s/shopato01.shtml,shopato01,22,NYY,1st,8,7,8,7,0,0,0,0,0,0,7,0,0,7,1,0
1967,599,Bill Short,/players/s/shortbi01.shtml,shortbi01,29,PIT,4,6,0,6,6,6,0,0,0,0,0,0,0,0,0,0,0
1967,600,Chris Short,/players/s/shortch02.shtml,shortch02,29,PHI,9,29,26,29,29,29,0,0,0,0,0,0,0,0,0,0,0
1967,601,Norm Siebern,/players/s/siebeno01.shtml,siebeno01,33,2TM,11,79,17,79,30,0,0,28,0,0,0,3,0,0,3,54,2
1967,602,Sonny Siebert,/players/s/siebeso01.shtml,siebeso01,30,CLE,4,34,26,34,34,34,0,0,0,0,0,0,0,0,0,0,0
1967,603,Dwight Siebler,/players/s/siebldw01.shtml,siebldw01,29,MIN,5,2,0,2,2,2,0,0,0,0,0,0,0,0,0,0,0
1967,604,Curt Simmons,/players/s/simmocu01.shtml,simmocu01,38,2TM,20,31,18,31,31,31,0,0,0,0,0,0,0,0,0,0,0
1967,605,Dick Simpson,/players/s/simpsdi01.shtml,simpsdi01,23,CIN,5,44,12,44,26,0,0,0,0,0,0,1,4,21,26,11,15
1967,606,Duke Sims,/players/s/simsdu01.shtml,simsdu01,26,CLE,4,88,77,88,85,0,85,0,0,0,0,0,0,0,0,5,0
1967,607,Bill Singer,/players/s/singebi01.shtml,singebi01,23,LAD,4,34,29,34,32,32,0,0,0,0,0,0,0,0,0,0,2
1967,608,Tommie Sisk,/players/s/siskto01.shtml,siskto01,25,PIT,6,37,31,37,37,37,0,0,0,0,0,0,0,0,0,0,0
1967,609,Bill Skowron,/players/s/skowrbi01.shtml,skowrbi01,36,2TM,14,70,27,70,32,0,0,32,0,0,0,0,0,0,0,41,0
1967,610,Charley Smith,/players/s/smithch04.shtml,smithch04,29,NYY,8,135,110,135,115,0,0,0,0,115,0,0,0,0,0,22,1
1967,611,Reggie Smith,/players/s/smithre06.shtml,smithre06,22,BOS,2,158,145,158,150,0,0,0,6,0,0,0,144,0,144,11,0
1967,612,Willie Smith,/players/s/smithwi02.shtml,smithwi02,28,CLE,5,21,4,21,5,0,0,3,0,0,0,4,0,0,4,16,1
1967,613,Russ Snyder,/players/s/snyderu01.shtml,snyderu01,33,BAL,9,108,60,108,69,0,0,0,0,0,0,24,25,27,69,40,3
1967,614,Billy Sorrell,/players/s/sorrebi01.shtml,sorrebi01,26,SFG,2,18,2,18,5,0,0,0,0,0,0,5,0,0,5,13,0
1967,615,Al Spangler,/players/s/spangal01.shtml,spangal01,33,CHC,9,62,33,62,41,0,0,0,0,0,0,0,7,34,41,25,0
1967,616,Joe Sparma,/players/s/sparmjo01.shtml,sparmjo01,25,DET,4,37,37,37,37,37,0,0,0,0,0,0,0,0,0,0,0
1967,617,Ed Spiezio,/players/s/spiezed01.shtml,spiezed01,25,STL,4,55,21,55,25,0,0,0,0,19,0,2,0,5,7,30,0
1967,618,George Spriggs,/players/s/sprigge01.shtml,sprigge01,30,PIT,3,38,9,38,13,0,0,0,0,0,0,10,0,3,13,23,4
1967,619,Marv Staehle,/players/s/staehma01.shtml,staehma01,25,CHW,4,32,11,32,22,0,0,0,17,0,5,0,0,0,0,10,3
1967,620,Bill Stafford,/players/s/staffbi01.shtml,staffbi01,28,KCA,8,14,0,14,14,14,0,0,0,0,0,0,0,0,0,0,0
1967,621,Larry Stahl,/players/s/stahlla01.shtml,stahlla01,26,NYM,4,71,34,71,43,0,0,0,0,0,0,3,32,8,43,31,4
1967,622,Lee Stange,/players/s/stangle01.shtml,stangle01,30,BOS,7,35,24,35,35,35,0,0,0,0,0,0,0,0,0,0,0
1967,623,Mickey Stanley,/players/s/stanlmi01.shtml,stanlmi01,24,DET,4,145,78,145,132,0,0,8,0,0,0,0,129,0,129,14,12
1967,624,Willie Stargell,/players/s/stargwi01.shtml,stargwi01,27,PIT,6,134,125,134,130,0,0,37,0,0,0,92,0,7,99,8,0
1967,625,Rusty Staub,/players/s/staubru01.shtml,staubru01,23,HOU,5,149,144,149,144,0,0,0,0,0,0,0,0,144,144,5,0
1967,626,Jerry Stephenson,/players/s/stephje01.shtml,stephje01,23,BOS,4,8,6,8,8,8,0,0,0,0,0,0,0,0,0,0,0
1967,627,John Stephenson,/players/s/stephjo02.shtml,stephjo02,26,CHC,4,18,12,18,13,0,13,0,0,0,0,0,0,0,0,5,0
1967,628,Jimmy Stewart,/players/s/stewaji01.shtml,stewaji01,28,2TM,5,30,2,30,13,0,0,0,5,0,2,6,0,0,6,13,9
1967,629,Wes Stock,/players/s/stockwe01.shtml,stockwe01,33,KCA,9,1,0,1,1,1,0,0,0,0,0,0,0,0,0,0,0
1967,630,George Stone,/players/s/stonege02.shtml,stonege02,20,ATL,1st,2,1,2,2,2,0,0,0,0,0,0,0,0,0,0,0
1967,631,Bill Stoneman,/players/s/stonebi01.shtml,stonebi01,23,CHC,1st,28,2,28,28,28,0,0,0,0,0,0,0,0,0,0,0
1967,632,Mel Stottlemyre,/players/s/stottme01.shtml,stottme01,25,NYY,4,36,36,36,36,36,0,0,0,0,0,0,0,0,0,0,0
1967,633,Ed Stroud,/players/s/stroued01.shtml,stroued01,27,2TM,2,107,54,107,91,0,0,0,0,0,0,10,79,5,91,10,24
1967,634,Moose Stubing,/players/s/stubimo01.shtml,stubimo01,29,CAL,1st,5,0,5,0,0,0,0,0,0,0,0,0,0,0,5,0
1967,635,Ken Suarez,/players/s/suareke01.shtml,suareke01,24,KCA,2,39,22,39,36,0,36,0,0,0,0,0,0,0,0,4,0
1967,636,John Sullivan,/players/s/sullijo07.shtml,sullijo07,26,NYM,4,65,29,65,57,0,57,0,0,0,0,0,0,0,0,27,0
1967,637,Gary Sutherland,/players/s/suthega01.shtml,suthega01,22,PHI,2,103,55,103,87,0,0,0,0,0,66,25,0,0,25,24,5
1967,638,Don Sutton,/players/s/suttodo01.shtml,suttodo01,22,LAD,2,43,34,43,37,37,0,0,0,0,0,0,0,0,0,0,6
1967,639,Ron Swoboda,/players/s/swoboro01.shtml,swoboro01,23,NYM,3,134,122,134,126,0,0,20,0,0,0,0,0,108,108,10,0
1967,640,Fred Talbot,/players/t/talbofr01.shtml,talbofr01,26,NYY,5,30,22,30,29,29,0,0,0,0,0,0,0,0,0,0,1
1967,641,Tim Talton,/players/t/taltoti01.shtml,taltoti01,28,KCA,2,46,5,46,23,0,22,1,0,0,0,0,0,0,0,39,0
1967,642,Jose Tartabull,/players/t/tartajo01.shtml,tartajo01,28,BOS,6,115,47,115,82,0,0,0,0,0,0,12,19,54,82,35,17
1967,643,Hawk Taylor,/players/t/tayloha04.shtml,tayloha04,28,2TM,9,36,23,36,31,0,31,0,0,0,0,0,0,0,0,6,0
1967,644,Ron Taylor,/players/t/tayloro01.shtml,tayloro01,29,NYM,6,50,0,50,50,50,0,0,0,0,0,0,0,0,0,0,0
1967,645,Tony Taylor,/players/t/tayloto02.shtml,tayloto02,31,PHI,10,132,115,132,128,0,0,58,42,44,3,0,0,0,0,9,6
1967,646,Frank Tepedino,/players/t/tepedfr01.shtml,tepedfr01,19,NYY,1st,9,0,9,1,0,0,1,0,0,0,0,0,0,0,6,2
1967,647,Ralph Terry,/players/t/terryra01.shtml,terryra01,31,NYM,12,2,0,2,2,2,0,0,0,0,0,0,0,0,0,0,0
1967,648,Dick Thoenen,/players/t/thoendi01.shtml,thoendi01,23,PHI,1st,1,0,1,1,1,0,0,0,0,0,0,0,0,0,0,0
1967,649,George Thomas,/players/t/thomage01.shtml,thomage01,29,BOS,9,65,15,65,47,0,1,3,0,0,0,20,3,20,43,18,7
1967,650,Lee Thomas,/players/t/thomale03.shtml,thomale03,31,CHC,7,77,42,77,51,0,0,10,0,0,0,0,1,43,43,31,0
1967,651,Luis Tiant,/players/t/tiantlu01.shtml,tiantlu01,26,CLE,4,33,29,33,33,33,0,0,0,0,0,0,0,0,0,0,0
1967,652,Bobby Tiefenauer,/players/t/tiefebo01.shtml,tiefebo01,37,CLE,9,5,0,5,5,5,0,0,0,0,0,0,0,0,0,0,0
1967,653,Bob Tillman,/players/t/tillmbo01.shtml,tillmbo01,30,2TM,6,52,33,52,41,0,41,0,0,0,0,0,0,0,0,12,0
1967,654,Thad Tillotson,/players/t/tilloth01.shtml,tilloth01,26,NYY,1st,43,5,43,43,43,0,0,0,0,0,0,0,0,0,0,0
1967,655,Bobby Tolan,/players/t/tolanbo01.shtml,tolanbo01,21,STL,3,110,55,110,87,0,0,13,0,0,0,5,54,26,80,41,2
1967,656,Jeff Torborg,/players/t/torboje01.shtml,torboje01,25,LAD,4,76,63,76,75,0,75,0,0,0,0,0,0,0,0,2,1
1967,657,Joe Torre,/players/t/torrejo01.shtml,torrejo01,26,ATL,8,135,123,135,132,0,114,23,0,0,0,0,0,0,0,9,0
1967,658,Mike Torrez,/players/t/torremi01.shtml,torremi01,20,STL,1st,3,1,3,3,3,0,0,0,0,0,0,0,0,0,0,0
1967,659,Cesar Tovar,/players/t/tovarce01.shtml,tovarce01,26,MIN,3,164,162,164,163,0,0,0,35,72,9,10,64,6,74,1,0
1967,660,Dick Tracewski,/players/t/tracedi01.shtml,tracedi01,32,DET,6,74,22,74,62,0,0,0,12,10,44,0,0,0,0,11,10
1967,661,Tom Tresh,/players/t/treshto01.shtml,treshto01,28,NYY,7,130,117,130,118,0,0,0,0,0,0,118,0,0,118,12,0
1967,662,John Tsitouris,/players/t/tsitojo01.shtml,tsitojo01,31,CIN,10,2,1,2,2,2,0,0,0,0,0,0,0,0,0,0,0
1967,663,Ken Turner,/players/t/turneke01.shtml,turneke01,23,CAL,1st,13,1,13,13,13,0,0,0,0,0,0,0,0,0,0,0
1967,664,Bob Uecker,/players/u/ueckebo01.shtml,ueckebo01,32,2TM,6,80,59,80,76,0,76,0,0,0,0,0,0,0,0,6,4
1967,665,Ted Uhlaender,/players/u/uhlaete01.shtml,uhlaete01,27,MIN,3,133,104,133,118,0,0,0,0,0,0,0,118,0,118,13,8
1967,666,John Upham,/players/u/uphamjo01.shtml,uphamjo01,25,CHC,1st,8,0,8,5,5,0,0,0,0,0,0,0,0,0,3,0
1967,667,Cecil Upshaw,/players/u/upshace01.shtml,upshace01,24,ATL,2,30,0,30,30,30,0,0,0,0,0,0,0,0,0,0,0
1967,668,Sandy Valdespino,/players/v/valdesa01.shtml,valdesa01,28,MIN,3,99,9,99,65,0,0,0,0,0,0,64,0,1,65,36,12
1967,669,Fred Valentine,/players/v/valenfr01.shtml,valenfr01,32,WSA,6,151,111,151,136,0,0,0,0,0,0,26,70,54,136,24,5
1967,670,Bob Veale,/players/v/vealebo01.shtml,vealebo01,31,PIT,6,33,31,33,33,33,0,0,0,0,0,0,0,0,0,0,0
1967,671,Joe Verbanic,/players/v/verbajo01.shtml,verbajo01,24,NYY,2,28,6,28,28,28,0,0,0,0,0,0,0,0,0,0,0
1967,672,Zoilo Versalles,/players/v/versazo01.shtml,versazo01,27,MIN,9,160,152,160,159,0,0,0,0,0,159,0,0,0,0,1,1
1967,673,Jose Vidal,/players/v/vidaljo01.shtml,vidaljo01,27,CLE,2,16,9,16,10,0,0,0,0,0,0,10,6,0,10,5,1
1967,674,Bruce Von Hoff,/players/v/vonhobr01.shtml,vonhobr01,23,HOU,2,10,10,10,10,10,0,0,0,0,0,0,0,0,0,0,0
1967,675,Bill Voss,/players/v/vossbi01.shtml,vossbi01,23,CHW,3,13,5,13,11,0,0,0,0,0,0,1,2,9,11,0,5
1967,676,Gary Wagner,/players/w/wagnega01.shtml,wagnega01,27,PHI,3,1,0,1,1,1,0,0,0,0,0,0,0,0,0,0,0
1967,677,Leon Wagner,/players/w/wagnele01.shtml,wagnele01,33,CLE,10,135,115,135,117,0,0,0,0,0,0,117,0,0,117,20,0
1967,678,Don Wallace,/players/w/wallado02.shtml,wallado02,26,CAL,1st,23,1,23,6,0,0,0,5,1,0,0,0,0,0,6,14
1967,679,Pete Ward,/players/w/wardpe01.shtml,wardpe01,29,CHW,6,146,133,146,139,0,0,39,0,22,0,73,0,20,89,11,0
1967,680,Ray Washburn,/players/w/washbra01.shtml,washbra01,29,STL,7,27,27,27,27,27,0,0,0,0,0,0,0,0,0,0,0
1967,681,Gary Waslewski,/players/w/waslega01.shtml,waslega01,25,BOS,1st,12,8,12,12,12,0,0,0,0,0,0,0,0,0,0,0
1967,682,Bob Watson,/players/w/watsobo01.shtml,watsobo01,21,HOU,2,6,3,6,3,0,0,3,0,0,0,0,0,0,0,3,0
1967,683,Eddie Watt,/players/w/watted01.shtml,watted01,26,BAL,2,49,0,49,49,49,0,0,0,0,0,0,0,0,0,0,0
1967,684,Jim Weaver,/players/w/weaveji02.shtml,weaveji02,28,CAL,1st,13,2,13,13,13,0,0,0,0,0,0,0,0,0,0,0
1967,685,Ramon Webster,/players/w/webstra02.shtml,webstra02,24,KCA,1st,122,91,122,97,0,0,83,0,0,0,14,0,1,15,28,0
1967,686,Al Weis,/players/w/weisal01.shtml,weisal01,29,CHW,6,50,14,50,42,0,0,0,32,0,13,0,0,0,0,0,23
1967,687,Johnny Werhas,/players/w/werhajo01.shtml,werhajo01,29,2TM,3,56,19,56,34,0,0,4,0,30,0,1,0,0,1,25,3
1967,688,Don Wert,/players/w/wertdo01.shtml,wertdo01,28,DET,5,142,135,142,140,0,0,0,0,140,1,0,0,0,0,3,0
1967,689,Steve Whitaker,/players/w/whitast01.shtml,whitast01,24,NYY,2,122,108,122,114,0,0,0,0,0,0,26,12,78,114,11,1
1967,690,Bill White,/players/w/whitebi03.shtml,whitebi03,33,PHI,11,110,90,110,95,0,0,95,0,0,0,0,0,0,0,18,0
1967,691,Roy White,/players/w/whitero01.shtml,whitero01,23,NYY,3,70,51,70,52,0,0,0,0,17,0,5,0,31,36,18,0
1967,692,Fred Whitfield,/players/w/whitffr01.shtml,whitffr01,29,CLE,6,100,61,100,66,0,0,66,0,0,0,0,0,0,0,38,0
1967,693,Dave Wickersham,/players/w/wickeda01.shtml,wickeda01,31,DET,8,36,4,36,36,36,0,0,0,0,0,0,0,0,0,0,0
1967,694,Hoyt Wilhelm,/players/w/wilheho01.shtml,wilheho01,44,CHW,16,49,0,49,49,49,0,0,0,0,0,0,0,0,0,0,0
1967,695,Nick Willhite,/players/w/willhni01.shtml,willhni01,26,2TM,5,14,8,14,14,14,0,0,0,0,0,0,0,0,0,0,0
1967,696,Billy Williams,/players/w/willibi01.shtml,willibi01,29,CHC,9,162,162,162,162,0,0,0,0,0,0,161,0,6,162,0,0
1967,697,Jimy Williams,/players/w/williji03.shtml,williji03,23,STL,2,1,1,1,1,0,0,0,0,0,1,0,0,0,0,0,0
1967,698,Stan Williams,/players/w/willist02.shtml,willist02,30,CLE,9,16,8,16,16,16,0,0,0,0,0,0,0,0,0,0,0
1967,699,Walt Williams,/players/w/williwa02.shtml,williwa02,23,CHW,2,104,58,104,73,0,0,0,0,0,0,58,0,22,73,32,6
1967,700,Ron Willis,/players/w/williro01.shtml,williro01,23,STL,2,65,0,65,65,65,0,0,0,0,0,0,0,0,0,0,0
1967,701,Maury Wills,/players/w/willsma01.shtml,willsma01,34,PIT,9,149,143,149,144,0,0,0,0,143,3,0,0,0,0,6,0
1967,702,Don Wilson,/players/w/wilsodo01.shtml,wilsodo01,22,HOU,2,31,28,31,31,31,0,0,0,0,0,0,0,0,0,0,0
1967,703,Earl Wilson,/players/w/wilsoea01.shtml,wilsoea01,32,DET,8,52,38,52,39,39,0,0,0,0,0,0,0,0,0,13,0
1967,704,Bobby Wine,/players/w/winebo01.shtml,winebo01,28,PHI,7,135,123,135,135,0,0,2,0,1,134,0,0,0,0,0,0
1967,705,Rick Wise,/players/w/wiseri01.shtml,wiseri01,21,PHI,3,36,25,36,36,36,0,0,0,0,0,0,0,0,0,0,0
1967,706,Dooley Womack,/players/w/womacdo01.shtml,womacdo01,27,NYY,2,65,0,65,65,65,0,0,0,0,0,0,0,0,0,0,0
1967,707,Jake Wood,/players/w/woodja01.shtml,woodja01,30,2TM,7,30,5,30,6,0,0,2,2,0,0,0,0,2,2,22,3
1967,708,Wilbur Wood,/players/w/woodwi01.shtml,woodwi01,25,CHW,6,51,8,51,51,51,0,0,0,0,0,0,0,0,0,0,0
1967,709,Hal Woodeshick,/players/w/woodeha01.shtml,woodeha01,34,STL,11,36,0,36,36,36,0,0,0,0,0,0,0,0,0,0,0
1967,710,Woody Woodward,/players/w/woodwwo01.shtml,woodwwo01,24,ATL,5,136,129,136,135,0,0,0,119,0,17,0,0,0,0,2,1
1967,711,Al Worthington,/players/w/worthal01.shtml,worthal01,38,MIN,12,59,0,59,59,59,0,0,0,0,0,0,0,0,0,0,0
1967,712,Clyde Wright,/players/w/wrighcl01.shtml,wrighcl01,26,CAL,2,23,11,23,20,20,0,0,0,0,0,0,0,0,0,0,3
1967,713,John Wyatt,/players/w/wyattjo02.shtml,wyattjo02,32,BOS,7,60,0,60,60,60,0,0,0,0,0,0,0,0,0,0,0
1967,714,Jim Wynn,/players/w/wynnji01.shtml,wynnji01,25,HOU,5,158,156,158,157,0,0,0,0,0,0,0,157,0,157,1,1
1967,715,Billy Wynne,/players/w/wynnebi02.shtml,wynnebi02,23,NYM,1st,6,1,6,6,6,0,0,0,0,0,0,0,0,0,0,0
1967,716,Carl Yastrzemski,/players/y/yastrca01.shtml,yastrca01,27,BOS,7,161,158,161,161,0,0,0,0,0,0,161,1,0,161,1,0
1967,717,Chris Zachary,/players/z/zachach02.shtml,zachach02,23,HOU,5,10,7,10,9,9,0,0,0,0,0,0,0,0,0,1,0
1967,718,Jerry Zimmerman,/players/z/zimmeje01.shtml,zimmeje01,32,MIN,7,104,81,104,104,0,104,0,0,0,0,0,0,0,0,0,0
