1975,1,Hank Aaron,/players/a/aaronha01.shtml,aaronha01,41,MIL,22,137,129,137,3,0,0,0,0,0,0,3,0,0,3,127,8,0
1975,2,Glenn Abbott,/players/a/abbotgl01.shtml,abbotgl01,24,OAK,3,30,15,1,30,30,0,0,0,0,0,0,0,0,0,0,0,0
1975,3,Cy Acosta,/players/a/acostcy01.shtml,acostcy01,28,PHI,4,6,0,6,6,6,0,0,0,0,0,0,0,0,0,0,0,0
1975,4,Glenn Adams,/players/a/adamsgl01.shtml,adamsgl01,27,SFG,1st,61,14,61,26,0,0,0,0,0,0,18,0,8,26,0,38,0
1975,5,Vic Albury,/players/a/alburvi01.shtml,alburvi01,28,MIN,3,33,15,2,32,32,0,0,0,0,0,0,0,0,0,1,0,1
1975,6,Doyle Alexander,/players/a/alexado01.shtml,alexado01,24,BAL,5,32,11,1,32,32,0,0,0,0,0,0,0,0,0,0,0,0
1975,7,Gary Alexander,/players/a/alexaga01.shtml,alexaga01,22,SFG,1st,3,1,3,2,0,2,0,0,0,0,0,0,0,0,0,1,0
1975,8,Matt Alexander,/players/a/alexama01.shtml,alexama01,28,OAK,3,63,1,63,16,0,0,0,3,2,0,1,3,7,11,17,2,51
1975,9,Dick Allen,/players/a/allendi01.shtml,allendi01,33,PHI,13,119,112,119,113,0,0,113,0,0,0,0,0,0,0,0,6,0
1975,10,Lloyd Allen,/players/a/allenll01.shtml,allenll01,25,CHW,7,3,2,0,3,3,0,0,0,0,0,0,0,0,0,0,0,0
1975,11,Bob Allietta,/players/a/alliebo01.shtml,alliebo01,23,CAL,1st,21,13,21,21,0,21,0,0,0,0,0,0,0,0,0,0,0
1975,12,Bill Almon,/players/a/almonbi01.shtml,almonbi01,22,SDP,2,6,2,6,2,0,0,0,0,0,2,0,0,0,0,0,1,3
1975,13,Sandy Alomar,/players/a/alomasa01.shtml,alomasa01,31,NYY,12,151,141,151,151,0,0,0,150,0,2,0,0,0,0,0,0,3
1975,14,Jesus Alou,/players/a/alouje01.shtml,alouje01,33,NYM,13,62,15,62,20,0,0,0,0,0,0,15,0,5,20,0,44,0
1975,15,Orlando Alvarez,/players/a/alvaror01.shtml,alvaror01,23,LAD,3,4,0,4,0,0,0,0,0,0,0,0,0,0,0,0,4,0
1975,16,Larry Andersen,/players/a/anderla02.shtml,anderla02,22,CLE,1st,3,0,0,3,3,0,0,0,0,0,0,0,0,0,0,0,0
1975,17,Larry Anderson,/players/a/anderla01.shtml,anderla01,22,MIL,2,8,1,0,8,8,0,0,0,0,0,0,0,0,0,0,0,0
1975,18,Mike Anderson,/players/a/andermi01.shtml,andermi01,24,PHI,5,115,62,115,108,0,0,3,0,0,0,0,31,85,116,0,16,8
1975,19,Kim Andrew,/players/a/andreki01.shtml,andreki01,21,BOS,1st,2,0,2,2,0,0,0,2,0,0,0,0,0,0,0,0,0
1975,20,Rob Andrews,/players/a/andrero01.shtml,andrero01,22,HOU,1st,103,85,103,98,0,0,0,94,0,7,0,0,0,0,0,6,7
1975,21,Bob Apodaca,/players/a/apodabo01.shtml,apodabo01,25,NYM,3,46,0,46,46,46,0,0,0,0,0,0,0,0,0,0,0,0
1975,22,Ed Armbrister,/players/a/armbred01.shtml,armbred01,26,CIN,3,59,7,59,19,0,0,0,0,0,0,10,3,7,20,0,36,6
1975,23,Chris Arnold,/players/a/arnolch01.shtml,arnolch01,27,SFG,5,29,5,29,8,0,0,0,4,0,0,3,0,1,4,0,23,0
1975,24,Fernando Arroyo,/players/a/arroyfe01.shtml,arroyfe01,23,DET,1st,14,2,0,14,14,0,0,0,0,0,0,0,0,0,0,0,0
1975,25,Alan Ashby,/players/a/ashbyal01.shtml,ashbyal01,23,CLE,3,90,83,90,88,0,87,2,0,1,0,0,0,0,0,1,2,1
1975,26,Rick Auerbach,/players/a/auerbri01.shtml,auerbri01,25,LAD,5,85,53,85,83,0,0,0,1,2,80,0,0,0,0,0,0,12
1975,27,Jerry Augustine,/players/a/augusje01.shtml,augusje01,22,MIL,1st,5,3,0,5,5,0,0,0,0,0,0,0,0,0,0,0,0
1975,28,Rick Austin,/players/a/austiri01.shtml,austiri01,28,MIL,3,32,0,1,32,32,0,0,0,0,0,0,0,0,0,0,0,0
1975,29,Mike Bacsik,/players/b/bacsimi01.shtml,bacsimi01,23,TEX,1st,7,3,0,7,7,0,0,0,0,0,0,0,0,0,0,0,0
1975,30,Stan Bahnsen,/players/b/bahnsst01.shtml,bahnsst01,30,2TM,9,33,28,3,33,33,0,0,0,0,0,0,0,0,0,0,0,0
1975,31,Bob Bailey,/players/b/bailebo01.shtml,bailebo01,32,MON,14,106,60,106,63,0,0,0,0,3,0,61,0,0,61,0,46,0
1975,32,Bob Bailor,/players/b/bailobo01.shtml,bailobo01,23,BAL,1st,5,2,5,3,0,0,0,1,0,2,0,0,0,0,1,1,2
1975,33,Dusty Baker,/players/b/bakerdu01.shtml,bakerdu01,26,ATL,8,142,134,142,136,0,0,0,0,0,0,0,14,126,140,0,7,0
1975,34,John Balaz,/players/b/balazjo01.shtml,balazjo01,24,CAL,2,45,30,45,27,0,0,0,0,0,0,19,0,8,27,11,10,0
1975,35,Billy Baldwin,/players/b/baldwbi01.shtml,baldwbi01,27,DET,1st,30,23,30,25,0,0,0,0,0,0,0,13,14,27,1,0,6
1975,36,Rick Baldwin,/players/b/baldwri01.shtml,baldwri01,22,NYM,1st,54,0,54,54,54,0,0,0,0,0,0,0,0,0,0,0,0
1975,37,Sal Bando,/players/b/bandosa01.shtml,bandosa01,31,OAK,10,160,159,160,160,0,0,0,0,160,0,0,0,0,0,0,1,0
1975,38,Eddie Bane,/players/b/baneed01.shtml,baneed01,23,MIN,2,4,4,0,4,4,0,0,0,0,0,0,0,0,0,0,0,0
1975,39,Alan Bannister,/players/b/bannial01.shtml,bannial01,23,PHI,2,24,16,24,20,0,0,0,1,0,1,2,16,0,18,0,1,5
1975,40,Ray Bare,/players/b/barera01.shtml,barera01,26,DET,3,29,21,0,29,29,0,0,0,0,0,0,0,0,0,0,0,0
1975,41,Mike Barlow,/players/b/barlomi01.shtml,barlomi01,27,STL,1st,9,0,9,9,9,0,0,0,0,0,0,0,0,0,0,0,0
1975,42,Jim Barr,/players/b/barrji01.shtml,barrji01,27,SFG,5,38,33,38,35,35,0,0,0,0,0,0,0,0,0,0,0,3
1975,43,Steve Barr,/players/b/barrst01.shtml,barrst01,23,BOS,2,3,2,0,3,3,0,0,0,0,0,0,0,0,0,0,0,0
1975,44,Rafael Batista,/players/b/batisra01.shtml,batisra01,29,HOU,2,10,0,10,0,0,0,0,0,0,0,0,0,0,0,0,10,0
1975,45,Don Baylor,/players/b/baylodo01.shtml,baylodo01,26,BAL,6,145,139,145,136,0,0,2,0,0,0,127,4,6,137,7,3,3
1975,46,Bob Beall,/players/b/beallbo01.shtml,beallbo01,27,ATL,1st,20,6,20,8,0,0,8,0,0,0,0,0,0,0,0,10,2
1975,47,Mike Beard,/players/b/beardmi01.shtml,beardmi01,25,ATL,2,34,2,34,34,34,0,0,0,0,0,0,0,0,0,0,0,0
1975,48,Glenn Beckert,/players/b/beckegl01.shtml,beckegl01,34,SDP,11,9,4,9,4,0,0,0,0,4,0,0,0,0,0,0,5,0
1975,49,Fred Beene,/players/b/beenefr01.shtml,beenefr01,32,CLE,7,20,1,1,19,19,0,0,0,0,0,0,0,0,0,0,0,1
1975,50,Mark Belanger,/players/b/belanma01.shtml,belanma01,31,BAL,11,152,138,152,152,0,0,0,0,0,152,0,0,0,0,0,0,4
1975,51,Buddy Bell,/players/b/bellbu01.shtml,bellbu01,23,CLE,4,153,149,153,153,0,0,0,0,153,0,0,0,0,0,0,1,1
1975,52,Rob Belloir,/players/b/belloro01.shtml,belloro01,26,ATL,1st,43,34,43,39,0,0,0,0,0,39,0,0,0,0,0,3,1
1975,53,Johnny Bench,/players/b/benchjo01.shtml,benchjo01,27,CIN,9,142,136,142,138,0,121,9,0,0,0,16,0,3,19,0,6,0
1975,54,Juan Beniquez,/players/b/beniqju01.shtml,beniqju01,25,BOS,4,78,55,78,57,0,0,0,0,14,0,31,12,4,47,20,14,5
1975,55,Dave Bergman,/players/b/bergmda01.shtml,bergmda01,22,NYY,1st,7,5,7,6,0,0,0,0,0,0,0,0,6,6,0,1,0
1975,56,Ken Berry,/players/b/berryke01.shtml,berryke01,34,CLE,14,25,10,25,18,0,0,0,0,0,0,18,0,0,18,5,1,7
1975,57,Kurt Bevacqua,/players/b/bevacku01.shtml,bevacku01,28,MIL,5,104,73,104,99,0,0,3,32,60,5,0,0,0,0,1,6,6
1975,58,Tommy Bianco,/players/b/biancto01.shtml,biancto01,22,MIL,1st,18,7,18,12,0,0,5,0,7,0,0,0,0,0,2,7,1
1975,59,Jim Bibby,/players/b/bibbyji01.shtml,bibbyji01,30,2TM,4,36,24,0,36,36,0,0,0,0,0,0,0,0,0,0,0,0
1975,60,Larry Biittner,/players/b/biittla01.shtml,biittla01,29,MON,6,121,86,121,93,0,0,0,0,0,0,35,4,55,94,0,33,0
1975,61,Jack Billingham,/players/b/billija01.shtml,billija01,32,CIN,8,33,32,33,33,33,0,0,0,0,0,0,0,0,0,0,0,0
1975,62,Dick Billings,/players/b/billidi01.shtml,billidi01,32,STL,8,3,0,3,0,0,0,0,0,0,0,0,0,0,0,0,3,0
1975,63,Doug Bird,/players/b/birddo01.shtml,birddo01,25,KCR,3,51,4,3,51,51,0,0,0,0,0,0,0,0,0,0,0,0
1975,64,Tim Blackwell,/players/b/blackti01.shtml,blackti01,22,BOS,2,59,38,59,57,0,57,0,0,0,0,0,0,0,0,2,1,0
1975,65,Rick Bladt,/players/b/bladtri01.shtml,bladtri01,28,NYY,2,52,33,52,51,0,0,0,0,0,0,0,51,0,51,0,3,5
1975,66,Dennis Blair,/players/b/blairde01.shtml,blairde01,21,MON,2,30,27,30,30,30,0,0,0,0,0,0,0,0,0,0,0,0
1975,67,Paul Blair,/players/b/blairpa01.shtml,blairpa01,31,BAL,12,140,103,140,138,0,0,0,0,0,0,0,138,0,138,1,8,9
1975,68,Larvell Blanks,/players/b/blankla01.shtml,blankla01,25,ATL,4,141,131,141,140,0,0,0,12,0,129,0,0,0,0,0,2,2
1975,69,Steve Blateric,/players/b/blatest01.shtml,blatest01,31,CAL,3,2,0,0,2,2,0,0,0,0,0,0,0,0,0,0,0,0
1975,70,Ron Blomberg,/players/b/blombro01.shtml,blombro01,26,NYY,6,34,27,34,1,0,0,0,0,0,0,0,0,1,1,27,7,0
1975,71,Vida Blue,/players/b/bluevi01.shtml,bluevi01,25,OAK,7,39,38,0,39,39,0,0,0,0,0,0,0,0,0,0,0,0
1975,72,Bert Blyleven,/players/b/blylebe01.shtml,blylebe01,24,MIN,6,35,35,2,35,35,0,0,0,0,0,0,0,0,0,0,0,0
1975,73,Bruce Bochte,/players/b/bochtbr01.shtml,bochtbr01,24,CAL,2,107,102,107,105,0,0,105,0,0,0,0,0,0,0,1,3,0
1975,74,Bobby Bonds,/players/b/bondsbo01.shtml,bondsbo01,29,NYY,8,145,140,145,129,0,0,0,0,0,0,1,45,99,145,12,5,0
1975,75,Bill Bonham,/players/b/bonhabi01.shtml,bonhabi01,26,CHC,5,40,36,40,38,38,0,0,0,0,0,0,0,0,0,0,0,2
1975,76,Bob Boone,/players/b/boonebo01.shtml,boonebo01,27,PHI,4,97,83,97,95,0,92,0,0,3,0,0,0,0,0,0,6,0
1975,77,Pedro Borbon,/players/b/borbope01.shtml,borbope01,28,CIN,7,67,0,67,67,67,0,0,0,0,0,0,0,0,0,0,0,0
1975,78,Glenn Borgmann,/players/b/borgmgl01.shtml,borgmgl01,25,MIN,4,125,112,125,125,0,125,0,0,0,0,0,0,0,0,0,1,0
1975,79,Dick Bosman,/players/b/bosmadi01.shtml,bosmadi01,31,2TM,10,28,24,1,28,28,0,0,0,0,0,0,0,0,0,0,0,0
1975,80,Lyman Bostock,/players/b/bostoly01.shtml,bostoly01,24,MIN,1st,98,89,98,92,0,0,0,0,0,0,12,28,55,95,2,2,7
1975,81,Ken Boswell,/players/b/bosweke01.shtml,bosweke01,29,HOU,9,86,38,86,54,0,0,0,32,23,0,0,0,0,0,0,44,0
1975,82,Larry Bowa,/players/b/bowala01.shtml,bowala01,29,PHI,6,136,135,136,135,0,0,0,0,0,135,0,0,0,0,0,1,0
1975,83,Buddy Bradford,/players/b/bradfbu01.shtml,bradfbu01,30,2TM,10,75,32,75,43,0,0,0,0,0,0,6,2,35,43,4,32,5
1975,84,Tom Bradley,/players/b/bradlto01.shtml,bradlto01,28,SFG,7,13,6,13,13,13,0,0,0,0,0,0,0,0,0,0,0,0
1975,85,Steve Braun,/players/b/braunst01.shtml,braunst01,27,MIN,5,136,119,136,117,0,0,9,1,2,0,106,0,0,106,9,16,1
1975,86,Hal Breeden,/players/b/breedha01.shtml,breedha01,31,MON,5,24,8,24,12,0,0,12,0,0,0,0,0,0,0,0,15,1
1975,87,George Brett,/players/b/brettge01.shtml,brettge01,22,KCR,3,159,159,159,159,0,0,0,0,159,1,0,0,0,0,0,0,0
1975,88,Ken Brett,/players/b/brettke01.shtml,brettke01,26,PIT,8,26,16,26,23,23,0,0,0,0,0,0,0,0,0,0,3,0
1975,89,Jim Brewer,/players/b/breweji01.shtml,breweji01,37,2TM,16,42,0,21,42,42,0,0,0,0,0,0,0,0,0,0,0,0
1975,90,Dan Briggs,/players/b/briggda01.shtml,briggda01,22,CAL,1st,13,7,13,11,0,0,6,0,0,0,5,0,0,5,2,4,1
1975,91,John Briggs,/players/b/briggjo02.shtml,briggjo02,31,2TM,12,115,95,115,100,0,0,49,0,0,0,41,0,16,57,4,15,4
1975,92,Nelson Briles,/players/b/brilene01.shtml,brilene01,31,KCR,11,24,16,0,24,24,0,0,0,0,0,0,0,0,0,0,0,0
1975,93,Ed Brinkman,/players/b/brinked01.shtml,brinked01,33,3TM,15,74,43,74,70,0,0,0,3,6,62,0,0,0,0,0,4,1
1975,94,Pete Broberg,/players/b/brobepe01.shtml,brobepe01,25,MIL,5,38,32,0,38,38,0,0,0,0,0,0,0,0,0,0,0,0
1975,95,Lou Brock,/players/b/brocklo01.shtml,brocklo01,36,STL,15,136,126,136,128,0,0,0,0,0,0,128,0,0,128,0,10,0
1975,96,Jack Brohamer,/players/b/brohaja01.shtml,brohaja01,25,CLE,4,69,61,69,66,0,0,0,66,0,0,0,0,0,0,0,4,0
1975,97,Ike Brookens,/players/b/brookik01.shtml,brookik01,26,DET,1st,3,0,0,3,3,0,0,0,0,0,0,0,0,0,0,0,0
1975,98,Gates Brown,/players/b/brownga01.shtml,brownga01,36,DET,13,47,0,47,0,0,0,0,0,0,0,0,0,0,0,0,47,0
1975,99,Jackie Brown,/players/b/brownja01.shtml,brownja01,32,2TM,5,42,10,0,42,42,0,0,0,0,0,0,0,0,0,0,0,0
1975,100,Jake Brown,/players/b/brownja02.shtml,brownja02,27,SFG,1st,41,6,41,14,0,0,0,0,0,0,9,1,4,14,0,26,6
1975,101,Ollie Brown,/players/b/brownol02.shtml,brownol02,31,PHI,11,84,27,84,63,0,0,0,0,0,0,24,0,48,72,0,35,4
1975,102,Ron Bryant,/players/b/bryanro01.shtml,bryanro01,27,STL,8,10,1,10,10,10,0,0,0,0,0,0,0,0,0,0,0,0
1975,103,Steve Brye,/players/b/bryest01.shtml,bryest01,26,MIN,6,86,57,86,73,0,0,0,0,0,0,19,5,51,75,9,10,11
1975,104,Bill Buckner,/players/b/bucknbi01.shtml,bucknbi01,25,LAD,7,92,67,92,72,0,0,0,0,0,0,72,0,0,72,0,22,0
1975,105,Al Bumbry,/players/b/bumbral01.shtml,bumbral01,28,BAL,4,114,81,114,39,0,0,0,0,0,0,35,3,1,39,49,25,7
1975,106,Tom Burgmeier,/players/b/burgmto01.shtml,burgmto01,31,MIN,8,47,0,4,46,46,0,0,0,0,0,0,0,0,0,1,0,1
1975,107,Rick Burleson,/players/b/burleri01.shtml,burleri01,24,BOS,2,158,157,158,158,0,0,0,0,0,158,0,0,0,0,0,0,0
1975,108,Ray Burris,/players/b/burrira01.shtml,burrira01,24,CHC,3,38,35,38,36,36,0,0,0,0,0,0,0,0,0,0,0,2
1975,109,Jeff Burroughs,/players/b/burroje01.shtml,burroje01,24,TEX,6,152,150,152,148,0,0,0,0,0,0,0,0,148,148,3,2,0
1975,110,Jim Burton,/players/b/burtoji01.shtml,burtoji01,25,BOS,1st,29,4,0,29,29,0,0,0,0,0,0,0,0,0,0,0,0
1975,111,Steve Busby,/players/b/busbyst01.shtml,busbyst01,25,KCR,4,34,34,0,34,34,0,0,0,0,0,0,0,0,0,0,0,0
1975,112,Tom Buskey,/players/b/busketo01.shtml,busketo01,28,CLE,3,50,0,0,50,50,0,0,0,0,0,0,0,0,0,0,0,0
1975,113,Bill Butler,/players/b/butlebi02.shtml,butlebi02,28,MIN,6,23,8,0,23,23,0,0,0,0,0,0,0,0,0,0,0,0
1975,114,Enos Cabell,/players/c/cabelen01.shtml,cabelen01,25,HOU,4,117,80,117,103,0,0,27,0,22,0,37,0,33,70,0,21,6
1975,115,Mike Caldwell,/players/c/caldwmi01.shtml,caldwmi01,26,SFG,5,38,21,38,38,38,0,0,0,0,0,0,0,0,0,0,0,0
1975,116,Bert Campaneris,/players/c/campabe01.shtml,campabe01,33,OAK,12,137,133,137,137,0,0,0,0,0,137,0,0,0,0,0,0,0
1975,117,Bill Campbell,/players/c/campbbi02.shtml,campbbi02,26,MIN,3,47,7,2,47,47,0,0,0,0,0,0,0,0,0,0,0,0
1975,118,John Candelaria,/players/c/candejo01.shtml,candejo01,21,PIT,1st,18,18,18,18,18,0,0,0,0,0,0,0,0,0,0,0,0
1975,119,Buzz Capra,/players/c/caprabu01.shtml,caprabu01,27,ATL,5,12,12,12,12,12,0,0,0,0,0,0,0,0,0,0,0,0
1975,120,Bernie Carbo,/players/c/carbobe01.shtml,carbobe01,27,BOS,7,107,92,107,85,0,0,0,0,0,0,38,0,47,85,13,14,0
1975,121,Jose Cardenal,/players/c/cardejo02.shtml,cardejo02,31,CHC,13,154,147,154,151,0,0,0,0,0,0,140,0,20,160,0,6,0
1975,122,Leo Cardenas,/players/c/cardele01.shtml,cardele01,36,TEX,16,55,30,55,51,0,0,0,3,43,5,0,0,0,0,0,12,0
1975,123,Rod Carew,/players/c/carewro01.shtml,carewro01,29,MIN,9,143,133,143,134,0,0,14,123,0,0,0,0,0,0,2,10,0
1975,124,Steve Carlton,/players/c/carltst01.shtml,carltst01,30,PHI,11,37,37,37,37,37,0,0,0,0,0,0,0,0,0,0,0,0
1975,125,Don Carrithers,/players/c/carrido01.shtml,carrido01,25,MON,6,19,14,19,19,19,0,0,0,0,0,0,0,0,0,0,0,0
1975,126,Clay Carroll,/players/c/carrocl02.shtml,carrocl02,34,CIN,12,56,2,56,56,56,0,0,0,0,0,0,0,0,0,0,0,0
1975,127,Tom Carroll,/players/c/carroto02.shtml,carroto02,22,CIN,2,12,7,12,12,12,0,0,0,0,0,0,0,0,0,0,0,0
1975,128,Gary Carter,/players/c/cartega01.shtml,cartega01,21,MON,2,144,136,144,142,0,66,0,0,1,0,0,0,92,92,0,7,0
1975,129,Rico Carty,/players/c/cartyri01.shtml,cartyri01,35,CLE,11,118,98,118,37,0,0,26,0,0,0,12,0,0,12,72,20,0
1975,130,Dave Cash,/players/c/cashda01.shtml,cashda01,27,PHI,7,162,162,162,162,0,0,0,162,0,0,0,0,0,0,0,0,0
1975,131,Bill Castro,/players/c/castrbi01.shtml,castrbi01,23,MIL,2,18,5,0,18,18,0,0,0,0,0,0,0,0,0,0,0,0
1975,132,Danny Cater,/players/c/caterda01.shtml,caterda01,35,STL,12,22,7,22,12,0,0,12,0,0,0,0,0,0,0,0,14,0
1975,133,Cesar Cedeno,/players/c/cedence01.shtml,cedence01,24,HOU,6,131,131,131,131,0,0,0,0,0,0,0,131,0,131,0,0,0
1975,134,Rick Cerone,/players/c/ceronri01.shtml,ceronri01,21,CLE,1st,7,3,7,7,0,7,0,0,0,0,0,0,0,0,0,0,0
1975,135,Ron Cey,/players/c/ceyro01.shtml,ceyro01,27,LAD,5,158,158,158,158,0,0,0,0,158,0,0,0,0,0,0,0,0
1975,136,Dave Chalk,/players/c/chalkda01.shtml,chalkda01,24,CAL,3,149,149,149,149,0,0,0,0,149,0,0,0,0,0,0,0,0
1975,137,Chris Chambliss,/players/c/chambch01.shtml,chambch01,26,NYY,5,150,146,150,147,0,0,147,0,0,0,0,0,0,0,0,3,0
1975,138,Bill Champion,/players/c/champbi01.shtml,champbi01,27,MIL,7,27,13,1,27,27,0,0,0,0,0,0,0,0,0,0,0,0
1975,139,Darrel Chaney,/players/c/chaneda01.shtml,chaneda01,27,CIN,7,71,41,71,68,0,0,0,22,13,35,0,0,0,0,0,5,1
1975,140,Charlie Chant,/players/c/chantch01.shtml,chantch01,23,OAK,1st,5,1,5,5,0,0,0,0,0,0,3,0,2,5,1,0,1
1975,141,Larry Christenson,/players/c/chrisla01.shtml,chrisla01,21,PHI,3,29,26,29,29,29,0,0,0,0,0,0,0,0,0,0,0,0
1975,142,Jack Clark,/players/c/clarkja01.shtml,clarkja01,19,SFG,1st,8,3,8,5,0,0,0,0,2,0,1,2,1,4,0,4,1
1975,143,Ron Clark,/players/c/clarkro02.shtml,clarkro02,32,PHI,7,1,0,1,0,0,0,0,0,0,0,0,0,0,0,0,1,0
1975,144,Reggie Cleveland,/players/c/clevere01.shtml,clevere01,27,BOS,7,31,20,0,31,31,0,0,0,0,0,0,0,0,0,0,0,0
1975,145,Gene Clines,/players/c/clinege01.shtml,clinege01,28,NYM,6,82,41,82,60,0,0,0,0,0,0,34,36,3,73,0,19,13
1975,146,David Clyde,/players/c/clydeda01.shtml,clydeda01,20,TEX,3,1,1,0,1,1,0,0,0,0,0,0,0,0,0,0,0,0
1975,147,Rich Coggins,/players/c/coggiri01.shtml,coggiri01,24,2TM,4,64,37,64,46,0,0,0,0,0,0,11,27,9,47,10,10,8
1975,148,Nate Colbert,/players/c/colbena01.shtml,colbena01,29,2TM,9,83,59,83,66,0,0,66,0,0,0,0,0,0,0,1,22,0
1975,149,Jim Colborn,/players/c/colboji01.shtml,colboji01,29,MIL,7,36,29,0,36,36,0,0,0,0,0,0,0,0,0,0,0,0
1975,150,Joe Coleman,/players/c/colemjo05.shtml,colemjo05,28,DET,11,31,31,0,31,31,0,0,0,0,0,0,0,0,0,0,0,0
1975,151,Dave Collins,/players/c/collida02.shtml,collida02,22,CAL,1st,93,81,93,75,0,0,0,0,0,0,74,2,0,76,12,6,5
1975,152,Bob Coluccio,/players/c/colucbo01.shtml,colucbo01,23,2TM,3,83,55,83,81,0,0,0,0,0,0,15,25,44,84,1,6,1
1975,153,Dave Concepcion,/players/c/conceda01.shtml,conceda01,27,CIN,6,140,125,140,136,0,0,0,0,6,130,0,0,0,0,0,10,1
1975,154,Tony Conigliaro,/players/c/conigto01.shtml,conigto01,30,BOS,8,21,15,21,0,0,0,0,0,0,0,0,0,0,0,15,6,0
1975,155,Cecil Cooper,/players/c/coopece01.shtml,coopece01,25,BOS,5,106,72,106,35,0,0,35,0,0,0,0,0,0,0,54,21,0
1975,156,Ray Corbin,/players/c/corbira01.shtml,corbira01,26,MIN,5,18,11,0,18,18,0,0,0,0,0,0,0,0,0,0,0,0
1975,157,Vic Correll,/players/c/correvi01.shtml,correvi01,29,ATL,3,103,97,103,97,0,97,0,0,0,0,0,0,0,0,0,6,0
1975,158,Mike Cosgrove,/players/c/cosgrmi01.shtml,cosgrmi01,24,HOU,4,32,3,32,32,32,0,0,0,0,0,0,0,0,0,0,0,0
1975,159,Al Cowens,/players/c/cowenal01.shtml,cowenal01,23,KCR,2,120,83,120,111,0,0,0,0,0,0,22,36,64,122,3,11,8
1975,160,Jim Cox,/players/c/coxji01.shtml,coxji01,25,MON,3,11,7,11,8,0,0,0,8,0,0,0,0,0,0,0,3,0
1975,161,Larry Cox,/players/c/coxla01.shtml,coxla01,27,PHI,3,11,1,11,10,0,10,0,0,0,0,0,0,0,0,0,1,0
1975,162,Jerry Cram,/players/c/cramje01.shtml,cramje01,27,NYM,3,4,0,4,4,4,0,0,0,0,0,0,0,0,0,0,0,0
1975,163,Jim Crawford,/players/c/crawfji01.shtml,crawfji01,24,HOU,2,44,2,44,44,44,0,0,0,0,0,0,0,0,0,0,0,0
1975,164,Willie Crawford,/players/c/crawfwi01.shtml,crawfwi01,28,LAD,12,124,98,124,113,0,0,0,0,0,0,26,0,92,118,0,21,0
1975,165,Ed Crosby,/players/c/crosbed01.shtml,crosbed01,26,CLE,5,61,37,61,61,0,0,0,19,13,30,0,0,0,0,0,0,1
1975,166,Ken Crosby,/players/c/crosbke01.shtml,crosbke01,27,CHC,1st,9,0,9,9,9,0,0,0,0,0,0,0,0,0,0,0,0
1975,167,Terry Crowley,/players/c/crowlte01.shtml,crowlte01,28,CIN,7,66,7,66,8,0,0,4,0,0,0,3,0,1,4,0,58,0
1975,168,Hector Cruz,/players/c/cruzhe01.shtml,cruzhe01,22,STL,2,23,9,23,17,0,0,0,0,12,0,4,0,2,6,0,6,3
1975,169,Henry Cruz,/players/c/cruzhe02.shtml,cruzhe02,23,LAD,1st,53,18,53,41,0,0,0,0,0,0,13,27,4,44,0,17,6
1975,170,Jose Cruz,/players/c/cruzjo01.shtml,cruzjo01,27,HOU,6,120,80,120,94,0,0,0,0,0,0,26,2,68,96,0,33,2
1975,171,Mike Cubbage,/players/c/cubbami01.shtml,cubbami01,24,TEX,2,58,35,58,40,0,0,0,37,3,0,0,0,0,0,2,21,0
1975,172,Mike Cuellar,/players/c/cuellmi01.shtml,cuellmi01,38,BAL,13,36,36,0,36,36,0,0,0,0,0,0,0,0,0,0,0,0
1975,173,Lafayette Currence,/players/c/currela01.shtml,currela01,23,MIL,1st,8,1,0,8,8,0,0,0,0,0,0,0,0,0,0,0,0
1975,174,John Curtis,/players/c/curtijo01.shtml,curtijo01,27,STL,6,39,18,39,39,39,0,0,0,0,0,0,0,0,0,0,0,0
1975,175,John D'Acquisto,/players/d/d'acqjo01.shtml,d'acqjo01,23,SFG,3,10,6,10,10,10,0,0,0,0,0,0,0,0,0,0,0,0
1975,176,Paul Dade,/players/d/dadepa01.shtml,dadepa01,23,CAL,1st,11,9,11,4,0,0,0,0,1,0,1,0,2,3,7,2,0
1975,177,Bruce Dal Canton,/players/d/dalcabr01.shtml,dalcabr01,34,2TM,9,30,11,26,30,30,0,0,0,0,0,0,0,0,0,0,0,0
1975,178,Pat Darcy,/players/d/darcypa01.shtml,darcypa01,25,CIN,2,27,22,27,27,27,0,0,0,0,0,0,0,0,0,0,0,0
1975,179,Bobby Darwin,/players/d/darwibo01.shtml,darwibo01,32,2TM,7,103,92,103,70,0,0,0,0,0,0,25,0,47,72,28,9,1
1975,180,Jerry DaVanon,/players/d/davanje01.shtml,davanje01,29,HOU,6,32,27,32,29,0,0,0,9,3,21,0,0,0,0,0,3,1
1975,181,Bob Davis,/players/d/davisbo02.shtml,davisbo02,23,SDP,2,43,41,43,43,0,43,0,0,0,0,0,0,0,0,0,0,1
1975,182,Tommy Davis,/players/d/davisto02.shtml,davisto02,36,BAL,17,116,105,116,0,0,0,0,0,0,0,0,0,0,0,111,11,0
1975,183,Willie Davis,/players/d/daviswi02.shtml,daviswi02,35,2TM,16,140,120,140,131,0,0,0,0,0,0,11,59,69,139,0,12,1
1975,184,Ivan de Jesus,/players/d/dejesiv01.shtml,dejesiv01,22,LAD,2,63,28,63,63,0,0,0,0,0,63,0,0,0,0,0,2,5
1975,185,Jesus de la Rosa,/players/d/dela_je01.shtml,dela_je01,21,HOU,1st,3,0,3,0,0,0,0,0,0,0,0,0,0,0,0,3,0
1975,186,Doug DeCinces,/players/d/decindo01.shtml,decindo01,24,BAL,3,61,42,61,55,0,0,2,11,34,13,0,0,0,0,0,9,0
1975,187,Joe Decker,/players/d/deckejo01.shtml,deckejo01,28,MIN,7,10,7,0,10,10,0,0,0,0,0,0,0,0,0,0,0,0
1975,188,Larry Demery,/players/d/demerla01.shtml,demerla01,22,PIT,2,49,8,49,45,45,0,0,0,0,0,0,0,0,0,0,0,4
1975,189,Don DeMola,/players/d/demoldo01.shtml,demoldo01,22,MON,2,60,0,60,60,60,0,0,0,0,0,0,0,0,0,0,0,0
1975,190,Rick Dempsey,/players/d/dempsri01.shtml,dempsri01,25,NYY,7,71,33,71,28,0,19,0,0,1,0,1,0,7,8,18,30,0
1975,191,John Denny,/players/d/dennyjo01.shtml,dennyjo01,22,STL,2,26,24,26,25,25,0,0,0,0,0,0,0,0,0,0,0,1
1975,192,Bucky Dent,/players/d/dentbu01.shtml,dentbu01,23,CHW,3,157,157,157,157,0,0,0,0,0,157,0,0,0,0,0,0,0
1975,193,Tom Dettore,/players/d/dettoto01.shtml,dettoto01,27,CHC,3,36,5,36,36,36,0,0,0,0,0,0,0,0,0,0,0,0
1975,194,Adrian Devine,/players/d/devinad01.shtml,devinad01,23,ATL,2,5,2,5,5,5,0,0,0,0,0,0,0,0,0,0,0,0
1975,195,Larry Dierker,/players/d/dierkla01.shtml,dierkla01,28,HOU,12,34,34,34,34,34,0,0,0,0,0,0,0,0,0,0,0,0
1975,196,Steve Dillard,/players/d/dillast01.shtml,dillast01,24,BOS,1st,1,1,1,1,0,0,0,1,0,0,0,0,0,0,0,0,0
1975,197,Miguel Dilone,/players/d/dilonmi01.shtml,dilonmi01,20,PIT,2,18,1,18,2,0,0,0,0,0,0,0,2,0,2,0,1,15
1975,198,Kerry Dineen,/players/d/dineeke01.shtml,dineeke01,22,NYY,1st,7,6,7,7,0,0,0,0,0,0,0,7,0,7,0,0,0
1975,199,Chuck Dobson,/players/d/dobsoch01.shtml,dobsoch01,31,CAL,9,9,2,0,9,9,0,0,0,0,0,0,0,0,0,0,0,0
1975,200,Pat Dobson,/players/d/dobsopa01.shtml,dobsopa01,33,NYY,9,33,30,0,33,33,0,0,0,0,0,0,0,0,0,0,0,0
1975,201,John Doherty,/players/d/doherjo01.shtml,doherjo01,23,CAL,2,30,24,30,26,0,0,26,0,0,0,0,0,0,0,1,5,0
1975,202,Al Downing,/players/d/downial01.shtml,downial01,34,LAD,15,22,6,22,22,22,0,0,0,0,0,0,0,0,0,0,0,0
1975,203,Brian Downing,/players/d/downibr01.shtml,downibr01,24,CHW,3,138,135,138,137,0,137,0,0,0,0,0,0,0,0,1,0,1
1975,204,Denny Doyle,/players/d/doylede01.shtml,doylede01,31,2TM,6,97,84,97,96,0,0,0,90,7,2,0,0,0,0,0,5,2
1975,205,Dick Drago,/players/d/dragodi01.shtml,dragodi01,30,BOS,7,40,2,0,40,40,0,0,0,0,0,0,0,0,0,0,0,0
1975,206,Rob Dressler,/players/d/dressro01.shtml,dressro01,21,SFG,1st,3,2,3,3,3,0,0,0,0,0,0,0,0,0,0,0,0
1975,207,Dan Driessen,/players/d/driesda01.shtml,driesda01,23,CIN,3,88,54,88,65,0,0,41,0,0,0,25,0,4,29,0,28,2
1975,208,Frank Duffy,/players/d/duffyfr01.shtml,duffyfr01,28,CLE,6,146,137,146,145,0,0,0,0,0,145,0,0,0,0,0,2,1
1975,209,Dave Duncan,/players/d/duncada01.shtml,duncada01,29,BAL,10,96,86,96,95,0,95,0,0,0,0,0,0,0,0,0,7,0
1975,210,Ron Dunn,/players/d/dunnro01.shtml,dunnro01,25,CHC,2,32,6,32,14,0,0,0,1,11,0,2,0,0,2,0,19,0
1975,211,Jim Dwyer,/players/d/dwyerji01.shtml,dwyerji01,25,2TM,3,81,49,81,61,0,0,0,0,0,0,53,4,5,62,0,26,0
1975,212,Duffy Dyer,/players/d/dyerdu01.shtml,dyerdu01,29,PIT,8,48,32,48,36,0,36,0,0,0,0,0,0,0,0,0,12,0
1975,213,Mike Easler,/players/e/easlemi01.shtml,easlemi01,24,HOU,3,5,0,5,0,0,0,0,0,0,0,0,0,0,0,0,5,0
1975,214,Jamie Easterly,/players/e/easteja01.shtml,easteja01,22,ATL,2,21,13,21,21,21,0,0,0,0,0,0,0,0,0,0,0,0
1975,215,Rawly Eastwick,/players/e/eastwra01.shtml,eastwra01,24,CIN,2,58,0,58,58,58,0,0,0,0,0,0,0,0,0,0,0,0
1975,216,Dennis Eckersley,/players/e/eckerde01.shtml,eckerde01,20,CLE,1st,34,24,0,34,34,0,0,0,0,0,0,0,0,0,0,0,0
1975,217,Tom Egan,/players/e/eganto01.shtml,eganto01,29,CAL,10,28,21,28,28,0,28,0,0,0,0,0,0,0,0,0,0,0
1975,218,Dock Ellis,/players/e/ellisdo01.shtml,ellisdo01,30,PIT,8,30,24,30,27,27,0,0,0,0,0,0,0,0,0,0,0,3
1975,219,John Ellis,/players/e/ellisjo01.shtml,ellisjo01,26,CLE,7,92,76,92,86,0,84,2,0,0,0,0,0,0,0,3,10,0
1975,220,Rob Ellis,/players/e/ellisro01.shtml,ellisro01,24,MIL,3,6,1,6,5,0,0,0,0,0,0,5,0,0,5,1,0,1
1975,221,Nino Espinosa,/players/e/espinni01.shtml,espinni01,21,NYM,2,2,0,2,2,2,0,0,0,0,0,0,0,0,0,0,0,0
1975,222,Jim Essian,/players/e/essiaji01.shtml,essiaji01,24,PHI,3,2,0,2,2,0,2,0,0,0,0,0,0,0,0,0,0,1
1975,223,Andy Etchebarren,/players/e/etchean01.shtml,etchean01,32,2TM,12,39,38,39,38,0,38,0,0,0,0,0,0,0,0,0,1,0
1975,224,Darrell Evans,/players/e/evansda01.shtml,evansda01,28,ATL,7,156,152,156,156,0,0,3,0,156,0,0,0,0,0,0,3,0
1975,225,Dwight Evans,/players/e/evansdw01.shtml,evansdw01,23,BOS,4,128,109,128,115,0,0,0,0,0,0,0,0,115,115,7,13,0
1975,226,Bill Fahey,/players/f/faheybi01.shtml,faheybi01,25,TEX,4,21,10,21,21,0,21,0,0,0,0,0,0,0,0,0,2,0
1975,227,Ron Fairly,/players/f/fairlro01.shtml,fairlro01,36,STL,18,107,53,107,75,0,0,57,0,0,0,4,0,16,20,0,45,2
1975,228,Pete Falcone,/players/f/falcope01.shtml,falcope01,21,SFG,1st,34,32,34,34,34,0,0,0,0,0,0,0,0,0,0,0,0
1975,229,Joe Ferguson,/players/f/fergujo01.shtml,fergujo01,28,LAD,6,66,57,66,64,0,35,0,0,0,0,1,0,34,35,0,9,0
1975,230,Sergio Ferrer,/players/f/ferrese01.shtml,ferrese01,24,MIN,2,32,21,32,25,0,0,0,10,0,18,0,0,0,0,3,1,8
1975,231,Ed Figueroa,/players/f/figueed01.shtml,figueed01,26,CAL,2,33,32,0,33,33,0,0,0,0,0,0,0,0,0,0,0,0
1975,232,Rollie Fingers,/players/f/fingero01.shtml,fingero01,28,OAK,8,76,0,2,75,75,0,0,0,0,0,0,0,0,0,0,1,0
1975,233,Carlton Fisk,/players/f/fiskca01.shtml,fiskca01,27,BOS,6,79,75,79,71,0,71,0,0,0,0,0,0,0,0,6,4,0
1975,234,Al Fitzmorris,/players/f/fitzmal01.shtml,fitzmal01,29,KCR,7,35,35,0,35,35,0,0,0,0,0,0,0,0,0,0,0,0
1975,235,Mike Flanagan,/players/f/flanami01.shtml,flanami01,23,BAL,1st,2,1,0,2,2,0,0,0,0,0,0,0,0,0,0,0,0
1975,236,Doug Flynn,/players/f/flynndo01.shtml,flynndo01,24,CIN,1st,90,28,90,86,0,0,0,31,40,17,0,0,0,0,0,8,4
1975,237,Tim Foli,/players/f/foliti01.shtml,foliti01,24,MON,6,152,140,152,151,0,0,0,1,0,151,0,0,0,0,0,3,0
1975,238,Rich Folkers,/players/f/folkeri01.shtml,folkeri01,28,SDP,5,45,15,45,45,45,0,0,0,0,0,0,0,0,0,0,0,0
1975,239,Barry Foote,/players/f/footeba01.shtml,footeba01,23,MON,3,118,102,118,115,0,115,0,0,0,0,0,0,0,0,0,6,0
1975,240,Dan Ford,/players/f/fordda01.shtml,fordda01,23,MIN,1st,130,103,130,121,0,0,0,0,0,0,0,119,2,121,3,9,9
1975,241,Bob Forsch,/players/f/forscbo01.shtml,forscbo01,25,STL,2,35,34,35,34,34,0,0,0,0,0,0,0,0,0,0,0,1
1975,242,Ken Forsch,/players/f/forscke01.shtml,forscke01,28,HOU,6,34,9,34,34,34,0,0,0,0,0,0,0,0,0,0,0,0
1975,243,Terry Forster,/players/f/forstte01.shtml,forstte01,23,CHW,5,17,1,0,17,17,0,0,0,0,0,0,0,0,0,0,0,0
1975,244,Ray Fosse,/players/f/fossera01.shtml,fossera01,28,OAK,9,82,41,82,82,0,82,1,0,0,0,0,0,0,0,0,2,0
1975,245,Alan Foster,/players/f/fosteal01.shtml,fosteal01,28,SDP,9,19,4,19,17,17,0,0,0,0,0,0,0,0,0,0,0,2
1975,246,George Foster,/players/f/fostege01.shtml,fostege01,26,CIN,7,134,117,134,126,0,0,1,0,0,0,96,32,17,145,0,12,0
1975,247,Steve Foucault,/players/f/foucast01.shtml,foucast01,25,TEX,3,59,0,0,59,59,0,0,0,0,0,0,0,0,0,0,0,0
1975,248,Ken Frailing,/players/f/frailke01.shtml,frailke01,27,CHC,4,41,0,41,41,41,0,0,0,0,0,0,0,0,0,0,0,0
1975,249,Bill Freehan,/players/f/freehbi01.shtml,freehbi01,33,DET,14,120,117,120,118,0,113,5,0,0,0,0,0,0,0,0,2,0
1975,250,Jim Fregosi,/players/f/fregoji01.shtml,fregoji01,33,TEX,15,77,45,77,57,0,0,54,0,4,0,0,0,0,0,13,31,1
1975,251,Dave Freisleben,/players/f/freisda01.shtml,freisda01,23,SDP,2,36,27,36,36,36,0,0,0,0,0,0,0,0,0,0,0,0
1975,252,Pepe Frias,/players/f/friaspe01.shtml,friaspe01,26,MON,3,51,22,51,46,0,0,0,7,11,29,0,0,0,0,0,4,3
1975,253,Danny Frisella,/players/f/friseda01.shtml,friseda01,29,SDP,9,65,0,65,65,65,0,0,0,0,0,0,0,0,0,0,0,0
1975,254,Larry Fritz,/players/f/fritzla01.shtml,fritzla01,26,PHI,1st,1,0,1,0,0,0,0,0,0,0,0,0,0,0,0,1,0
1975,255,Woodie Fryman,/players/f/frymawo01.shtml,frymawo01,35,MON,10,38,20,38,38,38,0,0,0,0,0,0,0,0,0,0,0,0
1975,256,Tito Fuentes,/players/f/fuentti01.shtml,fuentti01,31,SDP,10,146,141,146,142,0,0,0,142,0,0,0,0,0,0,0,3,2
1975,257,Bob Gallagher,/players/g/gallabo01.shtml,gallabo01,26,NYM,4,33,0,33,16,0,0,0,0,0,0,9,1,6,16,0,11,9
1975,258,Oscar Gamble,/players/g/gamblos01.shtml,gamblos01,25,CLE,7,121,96,121,82,0,0,0,0,0,0,81,0,1,82,29,22,0
1975,259,Gene Garber,/players/g/garbege01.shtml,garbege01,27,PHI,6,71,0,71,71,71,0,0,0,0,0,0,0,0,0,0,0,0
1975,260,Pedro Garcia,/players/g/garcipe01.shtml,garcipe01,25,MIL,3,98,92,98,94,0,0,0,94,0,0,0,0,0,0,2,1,3
1975,261,Art Gardner,/players/g/gardnar01.shtml,gardnar01,22,HOU,1st,13,7,13,8,0,0,0,0,0,0,3,1,4,8,0,5,0
1975,262,Wayne Garland,/players/g/garlawa01.shtml,garlawa01,24,BAL,3,29,1,0,29,29,0,0,0,0,0,0,0,0,0,0,0,0
1975,263,Mike Garman,/players/g/garmami01.shtml,garmami01,25,STL,6,66,0,66,66,66,0,0,0,0,0,0,0,0,0,0,0,0
1975,264,Phil Garner,/players/g/garneph01.shtml,garneph01,26,OAK,3,160,159,160,160,0,0,0,160,0,1,0,0,0,0,0,0,0
1975,265,Ralph Garr,/players/g/garrra01.shtml,garrra01,29,ATL,8,151,148,151,148,0,0,0,0,0,0,148,0,0,148,0,3,0
1975,266,Adrian Garrett,/players/g/garread01.shtml,garread01,32,2TM,7,53,35,53,16,0,0,14,0,0,0,0,0,2,2,23,17,0
1975,267,Wayne Garrett,/players/g/garrewa01.shtml,garrewa01,27,NYM,7,107,68,107,95,0,0,0,1,94,3,0,0,0,0,0,14,3
1975,268,Steve Garvey,/players/g/garvest01.shtml,garvest01,26,LAD,7,160,160,160,160,0,0,160,0,0,0,0,0,0,0,0,0,0
1975,269,Cito Gaston,/players/g/gastoci01.shtml,gastoci01,31,ATL,8,64,33,64,36,0,0,1,0,0,0,2,16,17,35,0,30,0
1975,270,Gary Gentry,/players/g/gentrga01.shtml,gentrga01,28,ATL,7,7,2,7,7,7,0,0,0,0,0,0,0,0,0,0,0,0
1975,271,Cesar Geronimo,/players/g/geronce01.shtml,geronce01,27,CIN,7,148,128,148,148,0,0,0,0,0,0,0,148,0,148,0,3,3
1975,272,Bob Gibson,/players/g/gibsobo01.shtml,gibsobo01,39,STL,17,22,14,22,22,22,0,0,0,0,0,0,0,0,0,0,0,0
1975,273,Jim Gideon,/players/g/gideoji01.shtml,gideoji01,21,TEX,1st,1,1,0,1,1,0,0,0,0,0,0,0,0,0,0,0,0
1975,274,Rod Gilbreath,/players/g/gilbrro01.shtml,gilbrro01,22,ATL,4,90,47,90,60,0,0,0,51,11,1,0,0,0,0,0,31,6
1975,275,Dave Giusti,/players/g/giustda01.shtml,giustda01,35,PIT,13,61,0,61,61,61,0,0,0,0,0,0,0,0,0,0,0,0
1975,276,Ed Glynn,/players/g/glynned01.shtml,glynned01,22,DET,1st,3,1,0,3,3,0,0,0,0,0,0,0,0,0,0,0,0
1975,277,Bill Gogolewski,/players/g/gogolbi01.shtml,gogolbi01,27,CHW,6,19,0,0,19,19,0,0,0,0,0,0,0,0,0,0,0,0
1975,278,Dave Goltz,/players/g/goltzda01.shtml,goltzda01,26,MIN,4,32,32,1,32,32,0,0,0,0,0,0,0,0,0,0,0,0
1975,279,Luis Gomez,/players/g/gomezlu01.shtml,gomezlu01,23,MIN,2,89,24,89,76,0,0,0,7,0,69,0,0,0,0,10,0,19
1975,280,Ed Goodson,/players/g/goodsed01.shtml,goodsed01,27,2TM,6,86,40,86,43,0,0,29,0,14,0,0,0,0,0,0,44,0
1975,281,Danny Goodwin,/players/g/goodwda01.shtml,goodwda01,21,CAL,1st,4,3,4,0,0,0,0,0,0,0,0,0,0,0,3,1,0
1975,282,Rich Gossage,/players/g/gossari01.shtml,gossari01,23,CHW,4,62,0,0,62,62,0,0,0,0,0,0,0,0,0,0,0,0
1975,283,Billy Grabarkewitz,/players/g/grababi01.shtml,grababi01,29,OAK,7,6,0,6,4,0,0,0,4,0,0,0,0,0,0,1,2,1
1975,284,Wayne Granger,/players/g/grangwa01.shtml,grangwa01,31,HOU,8,55,0,55,55,55,0,0,0,0,0,0,0,0,0,0,0,0
1975,285,Bill Greif,/players/g/greifbi01.shtml,greifbi01,25,SDP,5,59,1,59,59,59,0,0,0,0,0,0,0,0,0,0,0,0
1975,286,Bobby Grich,/players/g/grichbo01.shtml,grichbo01,26,BAL,6,150,147,150,150,0,0,0,150,0,0,0,0,0,0,0,1,0
1975,287,Tom Grieve,/players/g/grievto01.shtml,grievto01,27,TEX,5,118,92,118,63,0,0,0,0,0,0,46,2,16,64,45,19,0
1975,288,Ken Griffey,/players/g/griffke01.shtml,griffke01,25,CIN,3,132,115,132,119,0,0,0,0,0,0,0,0,119,119,0,14,3
1975,289,Doug Griffin,/players/g/griffdo01.shtml,griffdo01,28,BOS,6,100,78,100,99,0,0,0,99,0,1,0,0,0,0,0,17,0
1975,290,Tom Griffin,/players/g/griffto02.shtml,griffto02,27,HOU,7,17,13,17,17,17,0,0,0,0,0,0,0,0,0,0,0,0
1975,291,Steve Grilli,/players/g/grillst01.shtml,grillst01,26,DET,1st,3,0,0,3,3,0,0,0,0,0,0,0,0,0,0,0,0
1975,292,Ross Grimsley,/players/g/grimsro02.shtml,grimsro02,25,BAL,5,35,32,0,35,35,0,0,0,0,0,0,0,0,0,0,0,0
1975,293,Greg Gross,/players/g/grossgr01.shtml,grossgr01,22,HOU,3,132,120,132,121,0,0,0,0,0,0,61,0,60,121,0,12,0
1975,294,Jerry Grote,/players/g/groteje01.shtml,groteje01,32,NYM,12,119,108,119,111,0,111,0,0,0,0,0,0,0,0,0,10,0
1975,295,Johnny Grubb,/players/g/grubbjo01.shtml,grubbjo01,26,SDP,4,144,136,144,139,0,0,0,0,0,0,0,139,0,139,0,7,1
1975,296,Mario Guerrero,/players/g/guerrma01.shtml,guerrma01,25,STL,3,64,54,64,64,0,0,0,0,0,64,0,0,0,0,0,0,0
1975,297,Ron Guidry,/players/g/guidrro01.shtml,guidrro01,24,NYY,1st,11,1,1,10,10,0,0,0,0,0,0,0,0,0,0,0,1
1975,298,Don Gullett,/players/g/gulledo01.shtml,gulledo01,24,CIN,6,22,22,22,22,22,0,0,0,0,0,0,0,0,0,0,0,0
1975,299,Larry Gura,/players/g/gurala01.shtml,gurala01,27,NYY,6,26,20,0,26,26,0,0,0,0,0,0,0,0,0,0,0,0
1975,300,Don Hahn,/players/h/hahndo01.shtml,hahndo01,26,3TM,7,50,7,50,37,0,0,0,0,0,0,19,17,3,39,0,9,13
1975,301,Jerry Hairston,/players/h/hairsje01.shtml,hairsje01,23,CHW,3,69,62,69,59,0,0,0,0,0,0,56,0,6,62,8,5,2
1975,302,John Hale,/players/h/halejo01.shtml,halejo01,21,LAD,2,71,53,71,68,0,0,0,0,0,0,0,35,43,78,0,8,0
1975,303,Ed Halicki,/players/h/haliced01.shtml,haliced01,24,SFG,2,24,23,24,24,24,0,0,0,0,0,0,0,0,0,0,0,0
1975,304,Tom Hall,/players/h/hallto01.shtml,hallto01,27,2TM,8,37,4,37,36,36,0,0,0,0,0,0,0,0,0,0,0,1
1975,305,Dave Hamilton,/players/h/hamilda01.shtml,hamilda01,27,2TM,4,41,5,1,41,41,0,0,0,0,0,0,0,0,0,0,0,0
1975,306,Ike Hampton,/players/h/hamptik01.shtml,hamptik01,23,CAL,2,31,22,31,31,0,28,0,0,1,2,0,0,0,0,0,0,1
1975,307,Bill Hands,/players/h/handsbi01.shtml,handsbi01,35,TEX,11,18,18,0,18,18,0,0,0,0,0,0,0,0,0,0,0,0
1975,308,Larry Haney,/players/h/haneyla01.shtml,haneyla01,32,OAK,9,47,7,47,47,0,43,0,0,4,0,0,0,0,0,0,0,0
1975,309,Preston Hanna,/players/h/hannapr01.shtml,hannapr01,20,ATL,1st,4,0,4,4,4,0,0,0,0,0,0,0,0,0,0,0,0
1975,310,Larry Hardy,/players/h/hardyla01.shtml,hardyla01,27,SDP,2,3,0,3,3,3,0,0,0,0,0,0,0,0,0,0,0,0
1975,311,Steve Hargan,/players/h/hargast01.shtml,hargast01,32,TEX,10,33,26,0,33,33,0,0,0,0,0,0,0,0,0,0,0,0
1975,312,Mike Hargrove,/players/h/hargrmi01.shtml,hargrmi01,25,TEX,2,145,132,145,133,0,0,48,0,0,0,96,0,0,96,12,11,0
1975,313,Larry Harlow,/players/h/harlola01.shtml,harlola01,23,BAL,1st,4,1,4,4,0,0,0,0,0,0,2,2,0,4,0,0,0
1975,314,Terry Harmon,/players/h/harmote01.shtml,harmote01,31,PHI,8,48,20,48,32,0,0,0,7,1,25,0,0,0,0,0,2,17
1975,315,Tommy Harper,/players/h/harpeto01.shtml,harpeto01,34,2TM,14,123,96,123,53,0,0,35,0,2,0,7,1,10,18,60,16,7
1975,316,Toby Harrah,/players/h/harrato01.shtml,harrato01,26,TEX,6,151,145,151,148,0,0,0,21,29,118,0,0,0,0,0,2,3
1975,317,Bud Harrelson,/players/h/harrebu01.shtml,harrebu01,31,NYM,11,34,23,34,34,0,0,0,0,0,34,0,0,0,0,0,4,2
1975,318,Vic Harris,/players/h/harrivi01.shtml,harrivi01,25,CHC,4,51,6,51,23,0,0,0,5,7,0,10,2,0,12,0,26,11
1975,319,Roric Harrison,/players/h/harriro01.shtml,harriro01,28,2TM,4,34,26,15,34,34,0,0,0,0,0,0,0,0,0,0,0,0
1975,320,Andy Hassler,/players/h/hasslan01.shtml,hasslan01,23,CAL,4,30,18,0,30,30,0,0,0,0,0,0,0,0,0,0,0,0
1975,321,Tom Hausman,/players/h/hausmto01.shtml,hausmto01,22,MIL,1st,29,9,0,29,29,0,0,0,0,0,0,0,0,0,0,0,0
1975,322,Fran Healy,/players/h/healyfr02.shtml,healyfr02,28,KCR,6,56,51,56,51,0,51,0,0,0,0,0,0,0,0,4,3,0
1975,323,Dave Heaverlo,/players/h/heaveda01.shtml,heaveda01,24,SFG,1st,42,0,42,42,42,0,0,0,0,0,0,0,0,0,0,0,0
1975,324,Richie Hebner,/players/h/hebneri01.shtml,hebneri01,27,PIT,8,128,124,128,126,0,0,0,0,126,0,0,0,0,0,0,4,0
1975,325,Mike Hegan,/players/h/heganmi01.shtml,heganmi01,32,MIL,10,93,57,93,68,0,0,27,0,0,0,33,0,9,42,5,29,1
1975,326,Jack Heidemann,/players/h/heideja01.shtml,heideja01,25,NYM,6,61,34,61,49,0,0,0,1,4,44,0,0,0,0,0,19,1
1975,327,Bob Heise,/players/h/heisebo01.shtml,heisebo01,28,BOS,9,63,37,63,62,0,0,1,14,45,4,0,0,0,0,0,2,4
1975,328,Tommy Helms,/players/h/helmsto01.shtml,helmsto01,34,HOU,12,64,28,64,46,0,0,0,42,3,1,0,0,0,0,0,31,0
1975,329,Ken Henderson,/players/h/hendeke01.shtml,hendeke01,29,CHW,11,140,137,140,137,0,0,0,0,0,0,0,137,0,137,1,3,0
1975,330,George Hendrick,/players/h/hendrge01.shtml,hendrge01,25,CLE,5,145,142,145,143,0,0,0,0,0,0,1,89,53,143,0,3,0
1975,331,Elrod Hendricks,/players/h/hendrel01.shtml,hendrel01,34,BAL,8,85,64,85,83,0,83,0,0,0,0,0,0,0,0,0,9,0
1975,332,Enzo Hernandez,/players/h/hernaen01.shtml,hernaen01,26,SDP,5,116,95,116,112,0,0,0,0,0,112,0,0,0,0,0,0,14
1975,333,Keith Hernandez,/players/h/hernake01.shtml,hernake01,21,STL,2,64,48,64,56,0,0,56,0,0,0,0,0,0,0,0,10,0
1975,334,Ramon Hernandez,/players/h/hernara01.shtml,hernara01,34,PIT,7,46,0,46,46,46,0,0,0,0,0,0,0,0,0,0,0,0
1975,335,Ed Herrmann,/players/h/herrmed01.shtml,herrmed01,28,NYY,8,80,53,80,24,0,24,0,0,0,0,0,0,0,0,34,24,0
1975,336,Tom Hilgendorf,/players/h/hilgeto01.shtml,hilgeto01,33,PHI,6,53,0,53,53,53,0,0,0,0,0,0,0,0,0,0,0,0
1975,337,Marc Hill,/players/h/hillma01.shtml,hillma01,23,SFG,3,72,47,72,61,0,60,0,0,1,0,0,0,0,0,0,17,0
1975,338,John Hiller,/players/h/hillejo01.shtml,hillejo01,32,DET,10,36,0,0,36,36,0,0,0,0,0,0,0,0,0,0,0,0
1975,339,Dave Hilton,/players/h/hiltoda01.shtml,hiltoda01,24,SDP,4,4,2,4,4,0,0,0,0,4,0,0,0,0,0,0,0,0
1975,340,Rich Hinton,/players/h/hintori01.shtml,hintori01,28,CHW,3,15,0,0,15,15,0,0,0,0,0,0,0,0,0,0,0,0
1975,341,Gene Hiser,/players/h/hiserge01.shtml,hiserge01,26,CHC,5,45,9,45,19,0,0,1,0,0,0,7,7,5,19,0,29,2
1975,342,Larry Hisle,/players/h/hislela01.shtml,hislela01,28,MIN,7,80,64,80,58,0,0,0,0,0,0,41,26,9,76,15,8,7
1975,343,Butch Hobson,/players/h/hobsobu01.shtml,hobsobu01,23,BOS,1st,2,1,2,1,0,0,0,0,1,0,0,0,0,0,0,0,1
1975,344,Chuck Hockenbery,/players/h/hockech01.shtml,hockech01,24,CAL,1st,16,4,0,16,16,0,0,0,0,0,0,0,0,0,0,0,0
1975,345,Ron Hodges,/players/h/hodgero01.shtml,hodgero01,26,NYM,3,9,8,9,9,0,9,0,0,0,0,0,0,0,0,0,0,0
1975,346,Joe Hoerner,/players/h/hoernjo01.shtml,hoernjo01,38,PHI,12,25,0,25,25,25,0,0,0,0,0,0,0,0,0,0,0,0
1975,347,Jim Holt,/players/h/holtji01.shtml,holtji01,31,OAK,8,102,18,102,54,0,1,52,0,0,0,2,0,0,2,3,58,0
1975,348,Ken Holtzman,/players/h/holtzke01.shtml,holtzke01,29,OAK,11,39,38,1,39,39,0,0,0,0,0,0,0,0,0,0,0,0
1975,349,Don Hood,/players/h/hooddo01.shtml,hooddo01,25,CLE,3,35,19,6,29,29,0,0,0,0,0,0,0,0,0,1,0,6
1975,350,Burt Hooton,/players/h/hootobu01.shtml,hootobu01,25,2TM,5,34,33,34,34,34,0,0,0,0,0,0,0,0,0,0,0,0
1975,351,Don Hopkins,/players/h/hopkido01.shtml,hopkido01,23,OAK,1st,82,0,82,5,0,0,0,0,0,0,1,2,2,5,19,4,74
1975,352,Willie Horton,/players/h/hortowi01.shtml,hortowi01,32,DET,13,159,159,159,0,0,0,0,0,0,0,0,0,0,0,159,0,0
1975,353,Tim Hosley,/players/h/hosleti01.shtml,hosleti01,28,CHC,5,62,36,62,53,0,53,0,0,0,0,0,0,0,0,0,13,0
1975,354,Charlie Hough,/players/h/houghch01.shtml,houghch01,27,LAD,6,38,0,38,38,38,0,0,0,0,0,0,0,0,0,0,0,0
1975,355,Tom House,/players/h/houseto01.shtml,houseto01,28,ATL,5,58,0,58,58,58,0,0,0,0,0,0,0,0,0,0,0,0
1975,356,Doug Howard,/players/h/howardo01.shtml,howardo01,27,STL,4,17,5,17,7,0,0,7,0,0,0,0,0,0,0,0,10,0
1975,357,Wilbur Howard,/players/h/howarwi01.shtml,howarwi01,26,HOU,3,121,81,121,95,0,0,0,0,0,0,53,36,12,101,0,23,12
1975,358,Art Howe,/players/h/howear01.shtml,howear01,28,PIT,2,63,36,63,45,0,0,0,0,42,3,0,0,0,0,0,19,3
1975,359,Roy Howell,/players/h/howelro02.shtml,howelro02,21,TEX,2,125,110,125,115,0,0,0,0,115,0,0,0,0,0,5,13,0
1975,360,Al Hrabosky,/players/h/hraboal01.shtml,hraboal01,25,STL,6,65,0,65,65,65,0,0,0,0,0,0,0,0,0,0,0,0
1975,361,Charlie Hudson,/players/h/hudsoch01.shtml,hudsoch01,25,CAL,3,3,1,0,3,3,0,0,0,0,0,0,0,0,0,0,0,0
1975,362,Jim Hughes,/players/h/hugheji03.shtml,hugheji03,23,MIN,2,37,34,1,37,37,0,0,0,0,0,0,0,0,0,0,0,0
1975,363,Terry Humphrey,/players/h/humphte01.shtml,humphte01,25,DET,5,18,14,18,18,0,18,0,0,0,0,0,0,0,0,0,0,1
1975,364,Randy Hundley,/players/h/hundlra01.shtml,hundlra01,33,SDP,12,74,46,74,51,0,51,0,0,0,0,0,0,0,0,0,23,0
1975,365,Buddy Hunter,/players/h/huntebu01.shtml,huntebu01,27,BOS,3,1,0,1,1,0,0,0,1,0,0,0,0,0,0,0,0,0
1975,366,Catfish Hunter,/players/h/hunteca01.shtml,hunteca01,29,NYY,11,39,39,0,39,39,0,0,0,0,0,0,0,0,0,0,0,0
1975,367,Steve Huntz,/players/h/huntzst01.shtml,huntzst01,29,SDP,5,22,12,22,16,0,0,0,2,16,0,0,0,0,0,0,6,0
1975,368,Jim Hutto,/players/h/huttoji01.shtml,huttoji01,27,BAL,2,4,1,4,3,0,3,0,0,0,0,0,0,0,0,0,1,0
1975,369,Tom Hutton,/players/h/huttoto01.shtml,huttoto01,29,PHI,6,113,34,113,79,0,0,70,0,0,0,0,0,12,12,0,42,2
1975,370,Mike Ivie,/players/i/iviemi01.shtml,iviemi01,22,SDP,3,111,95,111,103,0,1,78,0,61,0,0,0,0,0,0,9,3
1975,371,Grant Jackson,/players/j/jacksgr01.shtml,jacksgr01,32,BAL,11,41,0,0,41,41,0,0,0,0,0,0,0,0,0,0,0,0
1975,372,Reggie Jackson,/players/j/jacksre01.shtml,jacksre01,29,OAK,9,157,156,157,147,0,0,0,0,0,0,0,0,147,147,9,1,0
1975,373,Ron Jackson,/players/j/jacksro02.shtml,jacksro02,22,CAL,1st,13,10,13,10,0,0,0,0,3,0,9,0,0,9,1,2,1
1975,374,Art James,/players/j/jamesar01.shtml,jamesar01,22,DET,1st,11,11,11,11,0,0,0,0,0,0,0,4,7,11,0,0,0
1975,375,Jesse Jefferson,/players/j/jeffeje01.shtml,jeffeje01,26,2TM,3,26,21,0,26,26,0,0,0,0,0,0,0,0,0,0,0,0
1975,376,Fergie Jenkins,/players/j/jenkife01.shtml,jenkife01,32,TEX,11,37,37,0,37,37,0,0,0,0,0,0,0,0,0,0,0,0
1975,377,Alex Johnson,/players/j/johnsal01.shtml,johnsal01,32,NYY,12,52,26,52,7,0,0,0,0,0,0,5,0,2,7,29,18,7
1975,378,Cliff Johnson,/players/j/johnscl01.shtml,johnscl01,27,HOU,4,122,81,122,85,0,41,46,0,0,0,1,0,0,1,0,40,0
1975,379,Dave Johnson,/players/j/johnsda03.shtml,johnsda03,26,BAL,2,6,0,0,6,6,0,0,0,0,0,0,0,0,0,0,0,0
1975,380,Davey Johnson,/players/j/johnsda02.shtml,johnsda02,32,ATL,11,1,0,1,0,0,0,0,0,0,0,0,0,0,0,0,1,0
1975,381,Deron Johnson,/players/j/johnsde01.shtml,johnsde01,36,2TM,15,151,147,151,57,0,0,57,0,0,0,0,0,0,0,94,4,0
1975,382,Jerry Johnson,/players/j/johnsje01.shtml,johnsje01,31,SDP,8,21,4,21,21,21,0,0,0,0,0,0,0,0,0,0,0,0
1975,383,Lamar Johnson,/players/j/johnsla02.shtml,johnsla02,24,CHW,2,8,7,8,6,0,0,6,0,0,0,0,0,0,0,2,0,0
1975,384,Larry Johnson,/players/j/johnsla01.shtml,johnsla01,24,MON,3,1,1,1,1,0,1,0,0,0,0,0,0,0,0,0,0,0
1975,385,Tim Johnson,/players/j/johnsti01.shtml,johnsti01,25,MIL,3,38,22,38,31,0,0,2,11,11,10,0,0,0,0,3,5,3
1975,386,Tom Johnson,/players/j/johnsto02.shtml,johnsto02,24,MIN,2,18,0,1,18,18,0,0,0,0,0,0,0,0,0,0,0,0
1975,387,Jay Johnstone,/players/j/johnsja01.shtml,johnsja01,29,PHI,10,122,91,122,101,0,0,0,0,0,0,0,3,100,103,0,28,0
1975,388,Bob Jones,/players/j/jonesbo02.shtml,jonesbo02,25,TEX,2,9,2,9,5,0,0,0,0,0,0,3,1,1,5,2,1,3
1975,389,Cleon Jones,/players/j/jonescl01.shtml,jonescl01,32,NYM,12,21,12,21,12,0,0,0,0,0,0,12,0,0,12,0,9,0
1975,390,Odell Jones,/players/j/jonesod01.shtml,jonesod01,22,PIT,1st,2,0,2,2,2,0,0,0,0,0,0,0,0,0,0,0,0
1975,391,Randy Jones,/players/j/jonesra01.shtml,jonesra01,25,SDP,3,40,36,40,37,37,0,0,0,0,0,0,0,0,0,0,0,3
1975,392,Mike Jorgensen,/players/j/jorgemi01.shtml,jorgemi01,26,MON,7,144,113,144,136,0,0,133,0,0,0,6,1,1,8,0,22,0
1975,393,Von Joshua,/players/j/joshuvo01.shtml,joshuvo01,27,SFG,6,129,117,129,117,0,0,0,0,0,0,0,117,0,117,0,11,1
1975,394,Skip Jutze,/players/j/jutzesk01.shtml,jutzesk01,29,HOU,4,51,26,51,47,0,47,0,0,0,0,0,0,0,0,0,2,15
1975,395,Jim Kaat,/players/k/kaatji01.shtml,kaatji01,36,CHW,17,43,41,0,43,43,0,0,0,0,0,0,0,0,0,0,0,0
1975,396,Mike Kekich,/players/k/kekicmi01.shtml,kekicmi01,30,TEX,8,23,0,0,23,23,0,0,0,0,0,0,0,0,0,0,0,0
1975,397,Mick Kelleher,/players/k/kellemi02.shtml,kellemi02,27,STL,4,7,0,7,7,0,0,0,0,0,7,0,0,0,0,0,0,0
1975,398,Pat Kelly,/players/k/kellypa01.shtml,kellypa01,30,CHW,9,133,118,133,115,0,0,0,0,0,0,0,0,115,115,15,11,3
1975,399,Tom Kelly,/players/k/kellyto01.shtml,kellyto01,24,MIN,1st,49,37,49,45,0,0,43,0,0,0,1,0,1,2,0,5,2
1975,400,Fred Kendall,/players/k/kendafr01.shtml,kendafr01,26,SDP,7,103,72,103,85,0,85,0,0,0,0,0,0,0,0,0,19,0
1975,401,Jim Kern,/players/k/kernji01.shtml,kernji01,26,CLE,2,13,7,0,13,13,0,0,0,0,0,0,0,0,0,0,0,0
1975,402,Don Kessinger,/players/k/kessido01.shtml,kessido01,32,CHC,12,154,144,154,152,0,0,0,0,13,141,0,0,0,0,0,2,0
1975,403,Harmon Killebrew,/players/k/killeha01.shtml,killeha01,39,KCR,22,106,87,106,6,0,0,6,0,0,0,0,0,0,0,92,19,0
1975,404,Dave Kingman,/players/k/kingmda01.shtml,kingmda01,26,NYM,5,134,127,134,130,0,0,58,0,12,0,68,0,3,71,0,6,0
1975,405,Clay Kirby,/players/k/kirbycl01.shtml,kirbycl01,27,CIN,7,26,19,26,26,26,0,0,0,0,0,0,0,0,0,0,0,0
1975,406,Ed Kirkpatrick,/players/k/kirkped01.shtml,kirkped01,30,PIT,14,89,24,89,41,0,0,28,0,0,0,8,0,6,14,0,51,2
1975,407,Don Kirkwood,/players/k/kirkwdo01.shtml,kirkwdo01,25,CAL,2,45,2,1,44,44,0,0,0,0,0,0,0,0,0,0,0,1
1975,408,Bruce Kison,/players/k/kisonbr01.shtml,kisonbr01,25,PIT,5,35,29,35,33,33,0,0,0,0,0,0,0,0,0,0,0,2
1975,409,Chris Knapp,/players/k/knappch01.shtml,knappch01,21,CHW,1st,2,0,0,2,2,0,0,0,0,0,0,0,0,0,0,0,0
1975,410,Darold Knowles,/players/k/knowlda01.shtml,knowlda01,33,CHC,11,58,0,58,58,58,0,0,0,0,0,0,0,0,0,0,0,0
1975,411,John Knox,/players/k/knoxjo01.shtml,knoxjo01,26,DET,4,43,20,43,26,0,0,0,23,3,0,0,0,0,0,4,6,15
1975,412,Doug Konieczny,/players/k/koniedo01.shtml,koniedo01,23,HOU,3,32,29,32,32,32,0,0,0,0,0,0,0,0,0,0,0,0
1975,413,Jerry Koosman,/players/k/koosmje01.shtml,koosmje01,32,NYM,9,36,34,36,36,36,0,0,0,0,0,0,0,0,0,0,0,0
1975,414,Ed Kranepool,/players/k/kraneed01.shtml,kraneed01,30,NYM,14,106,82,106,86,0,0,82,0,0,0,5,0,0,5,0,22,0
1975,415,Ken Kravec,/players/k/kraveke01.shtml,kraveke01,23,CHW,1st,2,1,0,2,2,0,0,0,0,0,0,0,0,0,0,0,0
1975,416,Rick Kreuger,/players/k/kreugri01.shtml,kreugri01,26,BOS,1st,2,0,0,2,2,0,0,0,0,0,0,0,0,0,0,0,0
1975,417,Ted Kubiak,/players/k/kubiate01.shtml,kubiate01,33,2TM,9,107,57,107,94,0,0,1,16,71,7,0,0,0,0,0,14,3
1975,418,Jack Kucek,/players/k/kucekja01.shtml,kucekja01,22,CHW,2,2,0,0,2,2,0,0,0,0,0,0,0,0,0,0,0,0
1975,419,Duane Kuiper,/players/k/kuipedu01.shtml,kuipedu01,25,CLE,2,90,87,90,87,0,0,0,87,0,0,0,0,0,0,1,0,3
1975,420,Ryan Kurosaki,/players/k/kurosry01.shtml,kurosry01,22,STL,1st,7,0,7,7,7,0,0,0,0,0,0,0,0,0,0,0,0
1975,421,Craig Kusick,/players/k/kusiccr01.shtml,kusiccr01,26,MIN,3,57,40,57,51,0,0,51,0,0,0,0,0,0,0,1,11,1
1975,422,Pete LaCock,/players/l/lacocpe01.shtml,lacocpe01,23,CHC,4,106,63,106,75,0,0,52,0,0,0,11,0,16,27,0,32,0
1975,423,Frank LaCorte,/players/l/lacorfr01.shtml,lacorfr01,23,ATL,1st,3,2,3,3,3,0,0,0,0,0,0,0,0,0,0,0,0
1975,424,Lee Lacy,/players/l/lacyle01.shtml,lacyle01,27,LAD,4,101,67,101,84,0,0,0,43,0,1,38,2,7,47,0,26,2
1975,425,Lerrin LaGrow,/players/l/lagrole01.shtml,lagrole01,26,DET,5,32,26,0,32,32,0,0,0,0,0,0,0,0,0,0,0,0
1975,426,Joe Lahoud,/players/l/lahoujo01.shtml,lahoujo01,28,CAL,8,76,57,76,30,0,0,0,0,0,0,8,0,23,31,35,17,0
1975,427,Gene Lamont,/players/l/lamonge01.shtml,lamonge01,28,DET,5,4,1,4,4,0,4,0,0,0,0,0,0,0,0,0,0,0
1975,428,Chip Lang,/players/l/langch01.shtml,langch01,22,MON,1st,1,1,1,1,1,0,0,0,0,0,0,0,0,0,0,0,0
1975,429,Dick Lange,/players/l/langedi01.shtml,langedi01,26,CAL,4,30,8,0,30,30,0,0,0,0,0,0,0,0,0,0,0,0
1975,430,Dave LaRoche,/players/l/larocda01.shtml,larocda01,27,CLE,6,61,0,0,61,61,0,0,0,0,0,0,0,0,0,0,0,0
1975,431,Gary Lavelle,/players/l/lavelga01.shtml,lavelga01,26,SFG,2,65,0,65,65,65,0,0,0,0,0,0,0,0,0,0,0,0
1975,432,Bill Lee,/players/l/leebi03.shtml,leebi03,28,BOS,7,41,34,0,41,41,0,0,0,0,0,0,0,0,0,0,0,0
1975,433,Leron Lee,/players/l/leele02.shtml,leele02,27,2TM,7,61,5,61,9,0,0,0,0,0,0,9,0,0,9,3,55,0
1975,434,Ron LeFlore,/players/l/lefloro01.shtml,lefloro01,27,DET,2,136,133,136,134,0,0,0,0,0,0,0,134,0,134,0,0,3
1975,435,Dave Lemanczyk,/players/l/lemanda01.shtml,lemanda01,24,DET,3,26,6,0,26,26,0,0,0,0,0,0,0,0,0,0,0,0
1975,436,Johnnie LeMaster,/players/l/lemasjo01.shtml,lemasjo01,21,SFG,1st,22,19,22,22,0,0,0,0,0,22,0,0,0,0,0,1,0
1975,437,Chet Lemon,/players/l/lemonch01.shtml,lemonch01,20,CHW,1st,9,8,9,6,0,0,0,0,6,0,0,1,0,1,2,1,0
1975,438,Eddie Leon,/players/l/leoned01.shtml,leoned01,28,NYY,8,1,0,1,1,0,0,0,0,0,1,0,0,0,0,0,0,0
1975,439,Max Leon,/players/l/leonma01.shtml,leonma01,25,ATL,3,50,1,50,50,50,0,0,0,0,0,0,0,0,0,0,0,0
1975,440,Dennis Leonard,/players/l/leonade01.shtml,leonade01,24,KCR,2,32,30,0,32,32,0,0,0,0,0,0,0,0,0,0,0,0
1975,441,Randy Lerch,/players/l/lerchra01.shtml,lerchra01,20,PHI,1st,3,0,3,3,3,0,0,0,0,0,0,0,0,0,0,0,0
1975,442,Dennis Lewallyn,/players/l/lewalde01.shtml,lewalde01,21,LAD,1st,2,0,2,2,2,0,0,0,0,0,0,0,0,0,0,0,0
1975,443,Sixto Lezcano,/players/l/lezcasi01.shtml,lezcasi01,21,MIL,2,134,119,134,130,0,0,0,0,0,0,0,0,130,130,2,5,1
1975,444,Jack Lind,/players/l/lindja01.shtml,lindja01,29,MIL,2,17,5,17,16,0,0,1,0,6,9,0,0,0,0,1,0,2
1975,445,Paul Lindblad,/players/l/lindbpa01.shtml,lindbpa01,33,OAK,11,68,0,5,68,68,0,0,0,0,0,0,0,0,0,0,0,0
1975,446,Larry Lintz,/players/l/lintzla01.shtml,lintzla01,25,2TM,3,73,42,73,53,0,0,0,45,0,8,0,0,0,0,0,1,24
1975,447,Joe Lis,/players/l/lisjo01.shtml,lisjo01,28,CLE,6,9,4,9,8,0,0,8,0,0,0,0,0,0,0,0,1,0
1975,448,Mark Littell,/players/l/littema01.shtml,littema01,22,KCR,2,7,3,1,7,7,0,0,0,0,0,0,0,0,0,0,0,0
1975,449,Winston Llenas,/players/l/llenawi01.shtml,llenawi01,31,CAL,6,56,26,56,33,0,0,7,12,4,0,9,0,1,10,5,27,1
1975,450,Bob Locker,/players/l/lockebo02.shtml,lockebo02,37,CHC,10,22,0,22,22,22,0,0,0,0,0,0,0,0,0,0,0,0
1975,451,Gene Locklear,/players/l/locklge01.shtml,locklge01,25,SDP,3,100,51,100,51,0,0,0,0,0,0,50,0,2,52,0,49,0
1975,452,Skip Lockwood,/players/l/lockwsk01.shtml,lockwsk01,28,NYM,8,24,0,24,24,24,0,0,0,0,0,0,0,0,0,0,0,0
1975,453,Mickey Lolich,/players/l/lolicmi01.shtml,lolicmi01,34,DET,13,32,32,0,32,32,0,0,0,0,0,0,0,0,0,0,0,0
1975,454,Jim Lonborg,/players/l/lonboji01.shtml,lonboji01,33,PHI,11,27,26,27,27,27,0,0,0,0,0,0,0,0,0,0,0,0
1975,455,Davey Lopes,/players/l/lopesda01.shtml,lopesda01,30,LAD,4,155,155,155,155,0,0,0,137,0,14,0,24,1,25,0,0,0
1975,456,Joe Lovitto,/players/l/lovitjo01.shtml,lovitjo01,24,TEX,4,50,22,50,39,0,0,2,0,0,0,17,25,0,42,2,9,7
1975,457,John Lowenstein,/players/l/lowenjo01.shtml,lowenjo01,28,CLE,6,91,63,91,45,0,0,0,2,8,0,19,3,17,39,32,16,10
1975,458,Mike Lum,/players/l/lummi01.shtml,lummi01,29,ATL,9,124,89,124,96,0,0,60,0,0,0,2,30,6,38,0,28,2
1975,459,Tom Lundstedt,/players/l/lundsto01.shtml,lundsto01,26,MIN,3,18,7,18,14,0,14,0,0,0,0,0,0,0,0,2,5,0
1975,460,Greg Luzinski,/players/l/luzingr01.shtml,luzingr01,24,PHI,6,161,159,161,159,0,0,0,0,0,0,159,0,0,159,0,2,0
1975,461,Sparky Lyle,/players/l/lylesp01.shtml,lylesp01,30,NYY,9,49,0,0,49,49,0,0,0,0,0,0,0,0,0,0,0,0
1975,462,Fred Lynn,/players/l/lynnfr01.shtml,lynnfr01,23,BOS,2,145,140,145,144,0,0,0,0,0,0,0,144,0,144,0,2,1
1975,463,Jim Lyttle,/players/l/lyttlji01.shtml,lyttlji01,29,MON,7,44,9,44,16,0,0,0,0,0,0,5,8,3,16,0,30,0
1975,464,Pete Mackanin,/players/m/mackape01.shtml,mackape01,23,MON,3,130,118,130,129,0,0,0,127,1,1,0,0,0,0,0,5,2
1975,465,Elliott Maddox,/players/m/maddoel01.shtml,maddoel01,27,NYY,6,55,55,55,55,0,0,0,1,0,0,0,55,0,55,0,0,0
1975,466,Garry Maddox,/players/m/maddoga01.shtml,maddoga01,25,2TM,4,116,110,116,110,0,0,0,0,0,0,0,110,0,110,0,5,1
1975,467,Bill Madlock,/players/m/madlobi01.shtml,madlobi01,24,CHC,3,130,128,130,128,0,0,0,0,128,0,0,0,0,0,0,2,0
1975,468,Tom Makowski,/players/m/makowto01.shtml,makowto01,24,DET,1st,3,0,0,3,3,0,0,0,0,0,0,0,0,0,0,0,0
1975,469,Angel Mangual,/players/m/manguan01.shtml,manguan01,28,OAK,6,62,17,62,39,0,0,0,0,0,0,21,6,14,41,15,28,3
1975,470,Pepe Mangual,/players/m/mangupe01.shtml,mangupe01,23,MON,4,140,129,140,139,0,0,0,0,0,0,4,132,4,140,0,6,2
1975,471,Rick Manning,/players/m/manniri01.shtml,manniri01,20,CLE,1st,120,117,120,118,0,0,0,0,0,0,28,69,32,129,1,3,0
1975,472,Charlie Manuel,/players/m/manuech01.shtml,manuech01,31,LAD,6,15,0,15,0,0,0,0,0,0,0,0,0,0,0,0,15,0
1975,473,Jerry Manuel,/players/m/manueje01.shtml,manueje01,21,DET,1st,6,6,6,6,0,0,0,6,0,0,0,0,0,0,0,0,0
1975,474,Juan Marichal,/players/m/maricju01.shtml,maricju01,37,LAD,16,2,2,2,2,2,0,0,0,0,0,0,0,0,0,0,0,0
1975,475,Mike Marshall,/players/m/marshmi01.shtml,marshmi01,32,LAD,8,58,0,58,56,58,0,0,0,0,0,0,0,0,0,0,0,0
1975,476,Jerry Martin,/players/m/martije01.shtml,martije01,26,PHI,2,57,26,57,49,0,0,0,0,0,0,9,38,2,49,0,10,6
1975,477,Buck Martinez,/players/m/martibu01.shtml,martibu01,26,KCR,6,80,70,80,79,0,79,0,0,0,0,0,0,0,0,0,1,0
1975,478,Ted Martinez,/players/m/martite01.shtml,martite01,27,2TM,6,102,31,102,94,0,0,0,34,15,46,3,0,4,7,0,11,13
1975,479,Tippy Martinez,/players/m/martiti01.shtml,martiti01,25,NYY,2,23,2,0,23,23,0,0,0,0,0,0,0,0,0,0,0,0
1975,480,Gary Martz,/players/m/martzga01.shtml,martzga01,24,KCR,1st,1,0,1,1,0,0,0,0,0,0,1,0,0,1,0,1,0
1975,481,Jim Mason,/players/m/masonji01.shtml,masonji01,24,NYY,5,94,73,94,93,0,0,0,1,0,93,0,0,0,0,0,0,1
1975,482,Jon Matlack,/players/m/matlajo01.shtml,matlajo01,25,NYM,5,33,32,33,33,33,0,0,0,0,0,0,0,0,0,0,0,0
1975,483,Gary Matthews,/players/m/matthga01.shtml,matthga01,24,SFG,4,116,112,116,113,0,0,0,0,0,0,113,0,0,113,0,4,0
1975,484,Dal Maxvill,/players/m/maxvida01.shtml,maxvida01,36,OAK,14,20,1,20,20,0,0,0,2,0,20,0,0,0,0,0,0,0
1975,485,Carlos May,/players/m/mayca01.shtml,mayca01,27,CHW,8,128,125,128,107,0,0,63,0,0,0,46,0,0,46,19,3,0
1975,486,Dave May,/players/m/mayda01.shtml,mayda01,31,ATL,9,82,46,82,52,0,0,0,0,0,0,12,16,26,54,0,34,0
1975,487,Lee May,/players/m/mayle01.shtml,mayle01,32,BAL,11,146,144,146,144,0,0,144,0,0,0,0,0,0,0,2,1,0
1975,488,Milt May,/players/m/maymi01.shtml,maymi01,24,HOU,6,111,99,111,103,0,103,0,0,0,0,0,0,0,0,0,12,0
1975,489,Rudy May,/players/m/mayru01.shtml,mayru01,30,NYY,8,32,31,1,32,32,0,0,0,0,0,0,0,0,0,0,0,0
1975,490,John Mayberry,/players/m/maybejo01.shtml,maybejo01,26,KCR,8,156,156,156,131,0,0,131,0,0,0,0,0,0,0,27,0,0
1975,491,Dick McAuliffe,/players/m/mcauldi01.shtml,mcauldi01,35,BOS,16,7,5,7,7,0,0,0,0,7,0,0,0,0,0,0,0,0
1975,492,Bake McBride,/players/m/mcbriba01.shtml,mcbriba01,26,STL,3,116,99,116,107,0,0,0,0,0,0,0,107,0,107,0,13,3
1975,493,Tim McCarver,/players/m/mccarti01.shtml,mccarti01,33,2TM,16,59,12,59,19,0,17,2,0,0,0,0,0,0,0,0,46,0
1975,494,Bob McClure,/players/m/mcclubo01.shtml,mcclubo01,23,KCR,1st,12,0,0,12,12,0,0,0,0,0,0,0,0,0,0,0,0
1975,495,Willie McCovey,/players/m/mccovwi01.shtml,mccovwi01,37,SDP,17,122,115,122,115,0,0,115,0,0,0,0,0,0,0,0,7,0
1975,496,Tommy McCraw,/players/m/mccrato01.shtml,mccrato01,34,CLE,13,23,12,23,19,0,0,16,0,0,0,3,0,0,3,0,4,1
1975,497,Lindy McDaniel,/players/m/mcdanli01.shtml,mcdanli01,39,KCR,21,40,0,1,40,40,0,0,0,0,0,0,0,0,0,0,0,0
1975,498,Sam McDowell,/players/m/mcdowsa01.shtml,mcdowsa01,32,PIT,15,14,1,14,14,14,0,0,0,0,0,0,0,0,0,0,0,0
1975,499,Will McEnaney,/players/m/mcenawi01.shtml,mcenawi01,23,CIN,2,70,0,70,70,70,0,0,0,0,0,0,0,0,0,0,0,0
1975,500,Lynn McGlothen,/players/m/mcgloly01.shtml,mcgloly01,25,STL,4,35,34,35,35,35,0,0,0,0,0,0,0,0,0,0,0,0
1975,501,Tug McGraw,/players/m/mcgratu01.shtml,mcgratu01,30,PHI,10,56,0,56,56,56,0,0,0,0,0,0,0,0,0,0,0,0
1975,502,Joe McIntosh,/players/m/mcintjo01.shtml,mcintjo01,23,SDP,2,38,28,38,37,37,0,0,0,0,0,0,0,0,0,0,0,1
1975,503,Dave McKay,/players/m/mckayda01.shtml,mckayda01,25,MIN,1st,33,33,33,33,0,0,0,0,33,0,0,0,0,0,0,0,0
1975,504,Rich McKinney,/players/m/mckinri01.shtml,mckinri01,28,OAK,6,8,1,8,1,0,0,1,0,0,0,0,0,0,0,2,6,0
1975,505,Ken McMullen,/players/m/mcmulke01.shtml,mcmulke01,33,LAD,14,39,4,39,14,0,0,3,0,11,0,0,0,0,0,0,28,1
1975,506,Dave McNally,/players/m/mcnalda01.shtml,mcnalda01,32,MON,14,12,12,12,12,12,0,0,0,0,0,0,0,0,0,0,0,0
1975,507,Hal McRae,/players/m/mcraeha01.shtml,mcraeha01,29,KCR,7,126,126,126,114,0,0,0,0,1,0,114,0,1,115,12,0,0
1975,508,Doc Medich,/players/m/medicdo01.shtml,medicdo01,26,NYY,4,38,37,0,38,38,0,0,0,0,0,0,0,0,0,0,0,0
1975,509,Luis Melendez,/players/m/melenlu01.shtml,melenlu01,25,STL,6,110,64,110,89,0,0,0,0,0,0,36,51,7,94,0,28,1
1975,510,Bill Melton,/players/m/meltobi01.shtml,meltobi01,29,CHW,8,149,149,149,138,0,0,0,0,138,0,0,0,0,0,11,0,0
1975,511,Mario Mendoza,/players/m/mendoma01.shtml,mendoma01,24,PIT,2,56,17,56,54,0,0,0,0,1,53,0,0,0,0,0,0,8
1975,512,Rudy Meoli,/players/m/meoliru01.shtml,meoliru01,24,CAL,4,70,28,70,53,0,0,0,11,15,28,0,0,0,0,3,9,14
1975,513,Andy Merchant,/players/m/merchan01.shtml,merchan01,24,BOS,1st,1,1,1,1,0,1,0,0,0,0,0,0,0,0,0,0,0
1975,514,Jim Merritt,/players/m/merriji01.shtml,merriji01,31,TEX,11,5,0,0,5,5,0,0,0,0,0,0,0,0,0,0,0,0
1975,515,Andy Messersmith,/players/m/messean01.shtml,messean01,29,LAD,8,44,40,44,42,42,0,0,0,0,0,0,0,0,0,0,1,1
1975,516,Butch Metzger,/players/m/metzgbu01.shtml,metzgbu01,23,SDP,2,4,0,4,4,4,0,0,0,0,0,0,0,0,0,0,0,0
1975,517,Roger Metzger,/players/m/metzgro01.shtml,metzgro01,27,HOU,6,127,123,127,126,0,0,0,0,0,126,0,0,0,0,0,2,2
1975,518,Dan Meyer,/players/m/meyerda01.shtml,meyerda01,22,DET,2,122,120,122,120,0,0,46,0,0,0,74,0,0,74,0,2,0
1975,519,Gene Michael,/players/m/michage01.shtml,michage01,37,DET,10,56,38,56,55,0,0,0,7,4,44,0,0,0,0,0,1,2
1975,520,Larry Milbourne,/players/m/milbola01.shtml,milbola01,24,HOU,2,73,44,73,62,0,0,0,43,0,23,0,0,0,0,0,4,12
1975,521,Mike Miley,/players/m/mileymi01.shtml,mileymi01,22,CAL,1st,70,70,70,70,0,0,0,0,0,70,0,0,0,0,0,0,0
1975,522,Felix Millan,/players/m/millafe01.shtml,millafe01,31,NYM,10,162,162,162,162,0,0,0,162,0,0,0,0,0,0,0,0,0
1975,523,Bruce Miller,/players/m/millebr01.shtml,millebr01,28,SFG,3,99,76,99,92,0,0,0,21,68,6,0,0,0,0,0,13,0
1975,524,Dyar Miller,/players/m/milledy01.shtml,milledy01,29,BAL,1st,30,0,1,30,30,0,0,0,0,0,0,0,0,0,0,0,0
1975,525,Rick Miller,/players/m/milleri01.shtml,milleri01,27,BOS,5,77,21,77,65,0,0,0,0,0,0,26,15,25,66,0,11,12
1975,526,John Milner,/players/m/milnejo01.shtml,milnejo01,25,NYM,5,91,52,91,56,0,0,29,0,0,0,30,2,0,32,0,37,1
1975,527,Steve Mingori,/players/m/mingost01.shtml,mingost01,31,KCR,6,36,0,2,36,36,0,0,0,0,0,0,0,0,0,0,0,0
1975,528,Jim Minshall,/players/m/minshji01.shtml,minshji01,27,PIT,2,1,0,1,1,1,0,0,0,0,0,0,0,0,0,0,0,0
1975,529,Greg Minton,/players/m/mintogr01.shtml,mintogr01,23,SFG,1st,4,2,4,4,4,0,0,0,0,0,0,0,0,0,0,0,0
1975,530,Bobby Mitchell,/players/m/mitchbo02.shtml,mitchbo02,31,MIL,5,93,64,93,72,0,0,0,0,0,0,72,0,0,72,12,16,11
1975,531,Craig Mitchell,/players/m/mitchcr01.shtml,mitchcr01,21,OAK,1st,1,1,0,1,1,0,0,0,0,0,0,0,0,0,0,0,0
1975,532,Paul Mitchell,/players/m/mitchpa01.shtml,mitchpa01,25,BAL,1st,11,4,0,11,11,0,0,0,0,0,0,0,0,0,0,0,0
1975,533,George Mitterwald,/players/m/mittege01.shtml,mittege01,30,CHC,9,84,47,84,69,0,59,10,0,0,0,0,0,0,0,0,21,0
1975,534,Dave Moates,/players/m/moateda01.shtml,moateda01,27,TEX,2,54,45,54,51,0,0,0,0,0,0,1,49,1,51,1,0,6
1975,535,Randy Moffitt,/players/m/moffira01.shtml,moffira01,26,SFG,4,55,0,55,55,55,0,0,0,0,0,0,0,0,0,0,0,0
1975,536,Bob Molinaro,/players/m/molinbo01.shtml,molinbo01,25,DET,1st,6,5,6,6,0,0,0,0,0,0,0,0,6,6,0,0,1
1975,537,Rick Monday,/players/m/mondari01.shtml,mondari01,29,CHC,10,136,131,136,131,0,0,0,0,0,0,0,131,0,131,0,4,1
1975,538,Don Money,/players/m/moneydo01.shtml,moneydo01,28,MIL,8,109,103,109,103,0,0,0,0,98,7,0,0,0,0,0,5,1
1975,539,Sid Monge,/players/m/mongesi01.shtml,mongesi01,24,CAL,1st,4,2,0,4,4,0,0,0,0,0,0,0,0,0,0,0,0
1975,540,John Montague,/players/m/montajo01.shtml,montajo01,27,2TM,3,16,0,16,15,15,0,0,0,0,0,0,0,0,0,0,0,1
1975,541,Willie Montanez,/players/m/montawi01.shtml,montawi01,27,2TM,7,156,155,156,155,0,0,155,0,0,0,0,0,0,0,0,1,0
1975,542,John Montefusco,/players/m/montejo01.shtml,montejo01,25,SFG,2,35,34,35,35,35,0,0,0,0,0,0,0,0,0,0,0,0
1975,543,Bob Montgomery,/players/m/montgbo01.shtml,montgbo01,31,BOS,6,62,54,62,58,0,53,6,0,0,0,0,0,0,0,3,3,0
1975,544,Charlie Moore,/players/m/moorech02.shtml,moorech02,22,MIL,3,73,64,73,66,0,47,0,0,0,0,16,0,6,22,1,8,0
1975,545,Donnie Moore,/players/m/mooredo01.shtml,mooredo01,21,CHC,1st,4,1,4,4,4,0,0,0,0,0,0,0,0,0,0,0,0
1975,546,Tommy Moore,/players/m/mooreto01.shtml,mooreto01,26,2TM,3,24,0,12,22,22,0,0,0,0,0,0,0,0,0,0,0,2
1975,547,Bob Moose,/players/m/moosebo01.shtml,moosebo01,27,PIT,9,23,5,23,23,23,0,0,0,0,0,0,0,0,0,0,0,0
1975,548,Jerry Morales,/players/m/moralje01.shtml,moralje01,26,CHC,7,153,147,153,151,0,0,0,0,0,0,0,23,136,159,0,6,0
1975,549,Jose Morales,/players/m/moraljo01.shtml,moraljo01,30,MON,3,93,33,93,37,0,5,27,0,0,0,6,0,0,6,0,60,0
1975,550,Omar Moreno,/players/m/morenom01.shtml,morenom01,22,PIT,1st,6,1,6,1,0,0,0,0,0,0,1,0,0,1,0,3,2
1975,551,Roger Moret,/players/m/moretro01.shtml,moretro01,25,BOS,6,37,16,1,36,36,0,0,0,0,0,0,0,0,0,0,0,1
1975,552,Joe Morgan,/players/m/morgajo02.shtml,morgajo02,31,CIN,13,146,141,146,142,0,0,0,142,0,0,0,0,0,0,0,5,0
1975,553,Carl Morton,/players/m/mortoca01.shtml,mortoca01,31,ATL,7,39,39,39,39,39,0,0,0,0,0,0,0,0,0,0,0,0
1975,554,Jerry Moses,/players/m/mosesje01.shtml,mosesje01,28,2TM,9,15,3,15,6,0,5,1,0,0,0,0,0,0,0,1,9,0
1975,555,Manny Mota,/players/m/motama01.shtml,motama01,37,LAD,14,52,3,52,6,0,0,0,0,0,0,6,0,0,6,0,49,0
1975,556,Jerry Mumphrey,/players/m/mumphje01.shtml,mumphje01,22,STL,2,11,3,11,3,0,0,0,0,0,0,0,0,3,3,0,8,0
1975,557,Thurman Munson,/players/m/munsoth01.shtml,munsoth01,28,NYY,7,157,155,157,134,0,130,2,0,1,0,1,0,1,2,22,2,0
1975,558,Bobby Murcer,/players/m/murcebo01.shtml,murcebo01,29,SFG,9,147,143,147,144,0,0,0,0,0,0,0,2,143,145,0,4,0
1975,559,Tom Murphy,/players/m/murphto02.shtml,murphto02,29,MIL,8,53,0,2,52,52,0,0,0,0,0,0,0,0,0,1,0,1
1975,560,Dale Murray,/players/m/murrada01.shtml,murrada01,25,MON,2,63,0,63,63,63,0,0,0,0,0,0,0,0,0,0,0,0
1975,561,Larry Murray,/players/m/murrala01.shtml,murrala01,22,NYY,2,6,0,6,4,0,0,0,0,0,0,2,1,1,4,0,0,3
1975,562,Tony Muser,/players/m/muserto01.shtml,muserto01,27,2TM,6,123,39,123,103,0,0,103,0,0,0,0,0,0,0,0,25,16
1975,563,Dave Nelson,/players/n/nelsoda01.shtml,nelsoda01,31,TEX,8,28,21,28,23,0,0,0,23,0,0,0,0,0,0,1,4,1
1975,564,Graig Nettles,/players/n/nettlgr01.shtml,nettlgr01,30,NYY,9,157,157,157,157,0,0,0,0,157,0,0,0,0,0,0,0,0
1975,565,Morris Nettles,/players/n/nettlmo01.shtml,nettlmo01,23,CAL,2,112,70,112,90,0,0,0,0,0,0,41,38,17,96,8,8,23
1975,566,Joe Niekro,/players/n/niekrjo01.shtml,niekrjo01,30,HOU,9,40,4,40,40,40,0,0,0,0,0,0,0,0,0,0,0,0
1975,567,Phil Niekro,/players/n/niekrph01.shtml,niekrph01,36,ATL,12,39,37,39,39,39,0,0,0,0,0,0,0,0,0,0,0,0
1975,568,Gary Nolan,/players/n/nolanga01.shtml,nolanga01,27,CIN,8,32,32,32,32,32,0,0,0,0,0,0,0,0,0,0,0,0
1975,569,Joe Nolan,/players/n/nolanjo01.shtml,nolanjo01,24,ATL,2,4,0,4,1,0,1,0,0,0,0,0,0,0,0,0,4,0
1975,570,Tim Nordbrook,/players/n/nordbti01.shtml,nordbti01,25,BAL,2,41,9,41,40,0,0,0,3,0,37,0,0,0,0,0,0,8
1975,571,Fred Norman,/players/n/normafr01.shtml,normafr01,32,CIN,11,34,26,34,34,34,0,0,0,0,0,0,0,0,0,0,0,0
1975,572,Mike Norris,/players/n/norrimi01.shtml,norrimi01,20,OAK,1st,4,3,1,4,4,0,0,0,0,0,0,0,0,0,0,0,0
1975,573,Bill North,/players/n/northbi01.shtml,northbi01,27,OAK,5,140,134,140,137,0,0,0,0,0,0,4,133,0,137,1,3,1
1975,574,Jim Northrup,/players/n/northji01.shtml,northji01,35,BAL,12,84,50,84,58,0,0,0,0,0,0,3,56,0,59,3,32,1
1975,575,Nyls Nyman,/players/n/nymanny01.shtml,nymanny01,21,CHW,2,106,77,106,94,0,0,0,0,0,0,62,26,8,96,6,4,15
1975,576,Johnny Oates,/players/o/oatesjo01.shtml,oatesjo01,29,2TM,5,98,76,98,88,0,88,0,0,0,0,0,0,0,0,0,14,0
1975,577,Blue Moon Odom,/players/o/odombl01.shtml,odombl01,30,3TM,12,26,13,16,25,25,0,0,0,0,0,0,0,0,0,0,0,1
1975,578,Rowland Office,/players/o/officro01.shtml,officro01,22,ATL,3,126,89,126,107,0,0,0,0,0,0,1,106,0,107,0,21,5
1975,579,Ben Oglivie,/players/o/oglivbe01.shtml,oglivbe01,26,DET,5,100,89,100,91,0,0,5,0,0,0,76,0,10,86,2,4,5
1975,580,Tony Oliva,/players/o/olivato01.shtml,olivato01,36,MIN,14,131,118,131,0,0,0,0,0,0,0,0,0,0,0,120,13,0
1975,581,Al Oliver,/players/o/oliveal01.shtml,oliveal01,28,PIT,8,155,151,155,155,0,0,4,0,0,0,0,153,0,153,0,2,0
1975,582,Bob Oliver,/players/o/olivebo01.shtml,olivebo01,32,NYY,8,18,8,18,9,0,0,8,0,1,0,0,0,0,0,3,6,0
1975,583,Steve Ontiveros,/players/o/ontivst01.shtml,ontivst01,23,SFG,3,108,93,108,97,0,0,4,0,89,0,2,0,7,9,0,13,0
1975,584,Jorge Orta,/players/o/ortajo01.shtml,ortajo01,24,CHW,4,140,136,140,134,0,0,0,134,0,0,0,0,0,0,2,4,0
1975,585,Ozzie Osborn,/players/o/osboroz01.shtml,osboroz01,29,CHW,1st,24,0,0,24,24,0,0,0,0,0,0,0,0,0,0,0,0
1975,586,Pat Osburn,/players/o/osburpa01.shtml,osburpa01,26,MIL,2,6,1,0,6,6,0,0,0,0,0,0,0,0,0,0,0,0
1975,587,Claude Osteen,/players/o/osteecl01.shtml,osteecl01,35,CHW,18,37,37,0,37,37,0,0,0,0,0,0,0,0,0,0,0,0
1975,588,Amos Otis,/players/o/otisam01.shtml,otisam01,28,KCR,8,132,121,132,130,0,0,0,0,0,0,0,130,0,130,0,4,1
1975,589,Ed Ott,/players/o/otted01.shtml,otted01,23,PIT,2,5,0,5,2,0,2,0,0,0,0,0,0,0,0,0,4,0
1975,590,Jim Otten,/players/o/ottenji01.shtml,ottenji01,23,CHW,2,2,0,0,2,2,0,0,0,0,0,0,0,0,0,0,0,0
1975,591,Tom Paciorek,/players/p/pacioto01.shtml,pacioto01,28,LAD,6,62,36,62,55,0,0,0,0,0,0,32,2,25,59,0,10,6
1975,592,Joe Pactwa,/players/p/pactwjo01.shtml,pactwjo01,27,CAL,1st,4,3,0,4,4,0,0,0,0,0,0,0,0,0,0,0,0
1975,593,Dave Pagan,/players/p/paganda01.shtml,paganda01,25,NYY,3,13,0,0,13,13,0,0,0,0,0,0,0,0,0,0,0,0
1975,594,Jim Palmer,/players/p/palmeji01.shtml,palmeji01,29,BAL,10,39,38,0,39,39,0,0,0,0,0,0,0,0,0,0,0,0
1975,595,Dave Parker,/players/p/parkeda01.shtml,parkeda01,24,PIT,3,148,141,148,141,0,0,0,0,0,0,0,0,141,141,0,7,0
1975,596,Harry Parker,/players/p/parkeha01.shtml,parkeha01,27,2TM,5,32,1,32,32,32,0,0,0,0,0,0,0,0,0,0,0,0
1975,597,Larry Parrish,/players/p/parrila01.shtml,parrila01,21,MON,2,145,135,145,143,0,0,0,0,143,1,0,0,0,0,0,6,2
1975,598,Freddie Patek,/players/p/patekfr01.shtml,patekfr01,30,KCR,8,136,133,136,136,0,0,0,0,0,136,0,0,0,0,1,1,1
1975,599,Marty Pattin,/players/p/pattima01.shtml,pattima01,32,KCR,8,45,15,3,44,44,0,0,0,0,0,0,0,0,0,1,0,1
1975,600,Mike Pazik,/players/p/pazikmi01.shtml,pazikmi01,25,MIN,1st,5,3,0,5,5,0,0,0,0,0,0,0,0,0,0,0,0
1975,601,Brock Pemberton,/players/p/pembebr01.shtml,pembebr01,21,NYM,2,2,0,2,0,0,0,0,0,0,0,0,0,0,0,0,2,0
1975,602,Orlando Pena,/players/p/penaor01.shtml,penaor01,41,CAL,14,7,0,0,7,7,0,0,0,0,0,0,0,0,0,0,0,0
1975,603,Gene Pentz,/players/p/pentzge01.shtml,pentzge01,22,DET,1st,13,0,0,13,13,0,0,0,0,0,0,0,0,0,0,0,0
1975,604,Marty Perez,/players/p/perezma01.shtml,perezma01,29,ATL,7,120,113,120,119,0,0,0,116,0,7,0,0,0,0,0,6,0
1975,605,Tony Perez,/players/p/perezto01.shtml,perezto01,33,CIN,12,137,130,137,132,0,0,132,0,0,0,0,0,0,0,0,7,0
1975,606,Gaylord Perry,/players/p/perryga01.shtml,perryga01,36,2TM,14,37,37,1,37,37,0,0,0,0,0,0,0,0,0,0,0,0
1975,607,Jim Perry,/players/p/perryji01.shtml,perryji01,39,2TM,17,23,17,1,23,23,0,0,0,0,0,0,0,0,0,0,0,0
1975,608,Stan Perzanowski,/players/p/perzast01.shtml,perzast01,24,TEX,3,12,8,0,12,12,0,0,0,0,0,0,0,0,0,0,0,0
1975,609,Fritz Peterson,/players/p/peterfr01.shtml,peterfr01,33,CLE,10,25,25,0,25,25,0,0,0,0,0,0,0,0,0,0,0,0
1975,610,Rico Petrocelli,/players/p/petrori01.shtml,petrori01,32,BOS,12,115,111,115,113,0,0,0,0,113,0,0,0,0,0,1,3,0
1975,611,Mike Phillips,/players/p/phillmi01.shtml,phillmi01,24,2TM,3,126,115,126,125,0,0,0,7,6,115,0,0,0,0,0,4,3
1975,612,Jack Pierce,/players/p/piercja01.shtml,piercja01,26,DET,3,53,47,53,49,0,0,49,0,0,0,0,0,0,0,0,5,0
1975,613,Lou Piniella,/players/p/pinielo01.shtml,pinielo01,31,NYY,9,74,49,74,45,0,0,0,0,0,0,15,0,30,45,12,24,0
1975,614,Vada Pinson,/players/p/pinsova01.shtml,pinsova01,36,KCR,18,103,77,103,85,0,0,4,0,0,0,12,13,60,85,5,20,2
1975,615,Skip Pitlock,/players/p/pitlosk01.shtml,pitlosk01,27,CHW,3,1,0,0,1,1,0,0,0,0,0,0,0,0,0,0,0,0
1975,616,Gaylen Pitts,/players/p/pittsga01.shtml,pittsga01,29,OAK,2,10,0,10,9,0,0,0,1,6,2,0,0,0,0,0,1,1
1975,617,Bill Plummer,/players/p/plummbi01.shtml,plummbi01,28,CIN,7,65,45,65,63,0,63,0,0,0,0,0,0,0,0,0,5,0
1975,618,Biff Pocoroba,/players/p/pocorbi01.shtml,pocorbi01,21,ATL,1st,67,49,67,62,0,62,0,0,0,0,0,0,0,0,0,9,1
1975,619,Mike Poepping,/players/p/poeppmi01.shtml,poeppmi01,24,MIN,1st,14,11,14,13,0,0,0,0,0,0,0,0,13,13,0,1,0
1975,620,Dick Pole,/players/p/poledi01.shtml,poledi01,24,BOS,3,18,11,0,18,18,0,0,0,0,0,0,0,0,0,0,0,0
1975,621,Paul Popovich,/players/p/popovpa01.shtml,popovpa01,34,PIT,11,25,5,25,16,0,0,0,8,0,8,0,0,0,0,0,17,1
1975,622,Darrell Porter,/players/p/porteda02.shtml,porteda02,23,MIL,5,130,123,130,124,0,124,0,0,0,0,0,0,0,0,2,4,0
1975,623,Boog Powell,/players/p/powelbo01.shtml,powelbo01,33,CLE,15,134,115,134,122,0,0,122,0,0,0,0,0,0,0,5,13,0
1975,624,Paul Powell,/players/p/powelpa01.shtml,powelpa01,27,LAD,3,8,2,8,8,0,7,0,0,0,0,1,0,0,1,0,0,2
1975,625,Willie Prall,/players/p/prallwi01.shtml,prallwi01,25,CHC,1st,3,3,3,3,3,0,0,0,0,0,0,0,0,0,0,0,0
1975,626,Ron Pruitt,/players/p/pruitro01.shtml,pruitro01,23,TEX,1st,14,4,14,14,0,13,0,0,0,0,1,0,0,1,0,2,0
1975,627,Luis Quintana,/players/q/quintlu01.shtml,quintlu01,23,CAL,2,4,0,0,4,4,0,0,0,0,0,0,0,0,0,0,0,0
1975,628,Jamie Quirk,/players/q/quirkja01.shtml,quirkja01,20,KCR,1st,14,11,14,12,0,0,0,0,2,0,10,0,0,10,1,3,0
1975,629,Dave Rader,/players/r/raderda01.shtml,raderda01,26,SFG,5,98,80,98,94,0,94,0,0,0,0,0,0,0,0,0,11,0
1975,630,Doug Rader,/players/r/raderdo02.shtml,raderdo02,30,HOU,9,129,122,129,125,0,0,0,0,124,2,0,0,0,0,0,4,0
1975,631,Eric Raich,/players/r/raicher01.shtml,raicher01,23,CLE,1st,18,17,1,18,18,0,0,0,0,0,0,0,0,0,0,0,0
1975,632,Orlando Ramirez,/players/r/ramiror01.shtml,ramiror01,23,CAL,2,44,34,44,41,0,0,0,0,0,41,0,0,0,0,1,1,4
1975,633,Lenny Randle,/players/r/randlle01.shtml,randlle01,26,TEX,5,156,149,156,151,0,1,0,79,17,0,7,61,0,68,3,4,3
1975,634,Willie Randolph,/players/r/randowi01.shtml,randowi01,20,PIT,1st,30,13,30,15,0,0,0,14,1,0,0,0,0,0,0,11,5
1975,635,Eric Rasmussen,/players/r/rasmuer01.shtml,rasmuer01,23,STL,1st,14,13,14,14,14,0,0,0,0,0,0,0,0,0,0,0,0
1975,636,Doug Rau,/players/r/raudo01.shtml,raudo01,26,LAD,4,38,38,38,38,38,0,0,0,0,0,0,0,0,0,0,0,0
1975,637,Ron Reed,/players/r/reedro01.shtml,reedro01,32,2TM,10,34,34,34,34,34,0,0,0,0,0,0,0,0,0,0,0,0
1975,638,Ken Reitz,/players/r/reitzke01.shtml,reitzke01,24,STL,4,161,157,161,160,0,0,0,0,160,0,0,0,0,0,0,1,0
1975,639,Jerry Remy,/players/r/remyje01.shtml,remyje01,22,CAL,1st,147,145,147,147,0,0,0,147,0,0,0,0,0,0,0,0,0
1975,640,Steve Renko,/players/r/renkost01.shtml,renkost01,30,MON,7,33,25,33,31,31,0,0,0,0,0,0,0,0,0,0,2,0
1975,641,Merv Rettenmund,/players/r/retteme01.shtml,retteme01,32,CIN,8,93,44,93,63,0,0,0,0,1,0,21,3,39,63,0,39,0
1975,642,Paul Reuschel,/players/r/reuscpa01.shtml,reuscpa01,28,CHC,1st,28,0,28,28,28,0,0,0,0,0,0,0,0,0,0,0,0
1975,643,Rick Reuschel,/players/r/reuscri01.shtml,reuscri01,26,CHC,4,38,37,38,38,38,0,0,0,0,0,0,0,0,0,0,0,0
1975,644,Jerry Reuss,/players/r/reussje01.shtml,reussje01,26,PIT,7,32,32,32,32,32,0,0,0,0,0,0,0,0,0,0,0,0
1975,645,Bob Reynolds,/players/r/reynobo01.shtml,reynobo01,28,3TM,6,33,0,0,33,33,0,0,0,0,0,0,0,0,0,0,0,0
1975,646,Craig Reynolds,/players/r/reynocr01.shtml,reynocr01,22,PIT,1st,31,22,31,31,0,0,0,0,0,31,0,0,0,0,0,1,2
1975,647,Ken Reynolds,/players/r/reynoke01.shtml,reynoke01,28,STL,5,10,0,10,10,10,0,0,0,0,0,0,0,0,0,0,0,0
1975,648,Rick Rhoden,/players/r/rhoderi01.shtml,rhoderi01,22,LAD,2,26,11,26,26,26,0,0,0,0,0,0,0,0,0,0,0,0
1975,649,Jim Rice,/players/r/riceji01.shtml,riceji01,22,BOS,2,144,143,144,90,0,0,0,0,0,0,90,0,0,90,54,1,0
1975,650,J.R. Richard,/players/r/richaj.01.shtml,richaj.01,25,HOU,5,33,31,33,33,33,0,0,0,0,0,0,0,0,0,0,0,0
1975,651,Lee Richard,/players/r/richale01.shtml,richale01,26,CHW,4,43,8,43,25,0,0,0,5,12,9,0,0,0,0,7,1,27
1975,652,Bombo Rivera,/players/r/riverbo01.shtml,riverbo01,22,MON,1st,5,4,5,5,0,0,0,0,0,0,4,0,2,6,0,0,0
1975,653,Mickey Rivers,/players/r/rivermi01.shtml,rivermi01,26,CAL,6,155,150,155,152,0,0,0,0,0,0,27,125,1,153,1,2,2
1975,654,Dave Roberts,/players/r/roberda06.shtml,roberda06,24,SDP,4,33,33,33,33,0,0,0,5,30,0,0,0,0,0,0,0,0
1975,655,Dave Roberts,/players/r/roberda05.shtml,roberda05,30,HOU,7,32,27,32,32,32,0,0,0,0,0,0,0,0,0,0,0,0
1975,656,Leon Roberts,/players/r/roberle01.shtml,roberle01,24,DET,2,129,124,129,127,0,0,0,0,0,0,0,0,127,127,1,4,0
1975,657,Bob Robertson,/players/r/roberbo01.shtml,roberbo01,28,PIT,8,75,25,75,28,0,0,28,0,0,0,0,0,0,0,0,48,0
1975,658,Bill Robinson,/players/r/robinbi02.shtml,robinbi02,32,PIT,8,92,41,92,58,0,0,0,0,0,0,31,16,15,62,0,37,2
1975,659,Brooks Robinson,/players/r/robinbr01.shtml,robinbr01,38,BAL,21,144,134,144,143,0,0,0,0,143,0,0,0,0,0,0,2,0
1975,660,Craig Robinson,/players/r/robincr01.shtml,robincr01,26,2TM,4,39,11,39,28,0,0,0,9,0,19,0,0,0,0,0,3,13
1975,661,Frank Robinson,/players/r/robinfr02.shtml,robinfr02,39,CLE,20,49,37,49,0,0,0,0,0,0,0,0,0,0,0,42,12,0
1975,662,Tom Robson,/players/r/robsoto01.shtml,robsoto01,29,TEX,2,17,8,17,5,0,0,5,0,0,0,0,0,0,0,4,9,0
1975,663,Aurelio Rodriguez,/players/r/rodriau01.shtml,rodriau01,27,DET,9,151,150,151,151,0,0,0,0,151,0,0,0,0,0,0,0,0
1975,664,Eduardo Rodriguez,/players/r/rodried01.shtml,rodried01,23,MIL,3,43,1,0,43,43,0,0,0,0,0,0,0,0,0,0,0,0
1975,665,Ellie Rodriguez,/players/r/rodriel01.shtml,rodriel01,29,CAL,8,90,75,90,90,0,90,0,0,0,0,0,0,0,0,0,1,0
1975,666,Steve Rogers,/players/r/rogerst01.shtml,rogerst01,25,MON,3,35,35,35,35,35,0,0,0,0,0,0,0,0,0,0,0,0
1975,667,Mike Rogodzinski,/players/r/rogodmi01.shtml,rogodmi01,27,PHI,3,16,2,16,2,0,0,0,0,0,0,2,0,0,2,0,13,1
1975,668,Cookie Rojas,/players/r/rojasco01.shtml,rojasco01,36,KCR,14,120,105,120,116,0,0,0,116,0,0,0,0,0,0,2,10,2
1975,669,Phil Roof,/players/r/roofph01.shtml,roofph01,34,MIN,13,63,40,63,63,0,63,0,0,0,0,0,0,0,0,0,0,0
1975,670,Jim Rooker,/players/r/rookeji01.shtml,rookeji01,32,PIT,8,28,28,28,28,28,0,0,0,0,0,0,0,0,0,0,0,0
1975,671,Pete Rose,/players/r/rosepe01.shtml,rosepe01,34,CIN,13,162,162,162,162,0,0,0,0,137,0,35,0,0,35,0,0,0
1975,672,Dave Rosello,/players/r/roselda01.shtml,roselda01,25,CHC,4,19,19,19,19,0,0,0,0,0,19,0,0,0,0,0,0,0
1975,673,Gary Ross,/players/r/rossga01.shtml,rossga01,27,CAL,8,1,1,0,1,1,0,0,0,0,0,0,0,0,0,0,0,0
1975,674,Jerry Royster,/players/r/roystje01.shtml,roystje01,22,LAD,3,13,9,13,13,0,0,0,4,3,1,1,0,6,7,0,2,0
1975,675,Joe Rudi,/players/r/rudijo01.shtml,rudijo01,28,OAK,9,126,124,126,123,0,0,91,0,0,0,44,0,0,44,2,2,0
1975,676,Ken Rudolph,/players/r/rudolke01.shtml,rudolke01,28,STL,7,44,15,44,31,0,31,0,0,0,0,0,0,0,0,0,14,0
1975,677,Vern Ruhle,/players/r/ruhleve01.shtml,ruhleve01,24,DET,2,32,31,0,32,32,0,0,0,0,0,0,0,0,0,0,0,0
1975,678,Bill Russell,/players/r/russebi01.shtml,russebi01,26,LAD,7,84,81,84,83,0,0,0,0,0,83,0,0,0,0,0,0,1
1975,679,Dick Ruthven,/players/r/ruthvdi01.shtml,ruthvdi01,24,PHI,3,12,7,12,11,11,0,0,0,0,0,0,0,0,0,0,0,1
1975,680,Nolan Ryan,/players/r/ryanno01.shtml,ryanno01,28,CAL,9,28,28,0,28,28,0,0,0,0,0,0,0,0,0,0,0,0
1975,681,Ray Sadecki,/players/s/sadecra01.shtml,sadecra01,34,3TM,16,38,5,33,38,38,0,0,0,0,0,0,0,0,0,0,0,0
1975,682,Mike Sadek,/players/s/sadekmi01.shtml,sadekmi01,29,SFG,2,42,33,42,38,0,38,0,0,0,0,0,0,0,0,0,3,3
1975,683,Ken Sanders,/players/s/sandeke01.shtml,sandeke01,33,NYM,9,30,0,30,29,30,0,0,0,0,0,0,0,0,0,0,0,0
1975,684,Charlie Sands,/players/s/sandsch01.shtml,sandsch01,27,OAK,6,3,0,3,0,0,0,0,0,0,0,0,0,0,0,1,3,0
1975,685,Tommy Sandt,/players/s/sandtto01.shtml,sandtto01,24,OAK,1st,1,0,1,1,0,0,0,1,0,0,0,0,0,0,0,0,0
1975,686,Manny Sanguillen,/players/s/sanguma01.shtml,sanguma01,31,PIT,8,133,129,133,132,0,132,0,0,0,0,0,0,0,0,0,3,0
1975,687,Rick Sawyer,/players/s/sawyeri01.shtml,sawyeri01,27,NYY,2,4,0,0,4,4,0,0,0,0,0,0,0,0,0,0,0,0
1975,688,Pat Scanlon,/players/s/scanlpa02.shtml,scanlpa02,22,MON,2,60,25,60,29,0,0,1,0,28,0,0,0,0,0,0,33,0
1975,689,Mac Scarce,/players/s/scarcma01.shtml,scarcma01,26,NYM,4,1,0,1,1,1,0,0,0,0,0,0,0,0,0,0,0,0
1975,690,Fred Scherman,/players/s/scherfr01.shtml,scherfr01,30,2TM,7,50,7,50,50,50,0,0,0,0,0,0,0,0,0,0,0,0
1975,691,Mike Schmidt,/players/s/schmimi01.shtml,schmimi01,25,PHI,4,158,156,158,157,0,0,0,0,151,10,0,0,0,0,0,1,0
1975,692,Ron Schueler,/players/s/schuero01.shtml,schuero01,27,PHI,4,46,6,46,46,46,0,0,0,0,0,0,0,0,0,0,0,0
1975,693,Buddy Schultz,/players/s/schulbu01.shtml,schulbu01,24,CHC,1st,6,0,6,6,6,0,0,0,0,0,0,0,0,0,0,0,0
1975,694,George Scott,/players/s/scottge02.shtml,scottge02,31,MIL,10,158,157,158,147,0,0,144,0,5,0,0,0,0,0,12,1,0
1975,695,John Scott,/players/s/scottjo01.shtml,scottjo01,23,SDP,2,25,0,25,1,0,0,0,0,0,0,0,1,0,1,0,9,15
1975,696,Mickey Scott,/players/s/scottmi02.shtml,scottmi02,27,CAL,3,50,0,0,50,50,0,0,0,0,0,0,0,0,0,0,0,0
1975,697,Rodney Scott,/players/s/scottro01.shtml,scottro01,21,KCR,1st,48,3,48,17,0,0,0,9,0,8,0,0,0,0,23,1,35
1975,698,Tony Scott,/players/s/scottto01.shtml,scottto01,23,MON,3,92,30,92,72,0,0,0,0,0,0,47,3,28,78,0,8,29
1975,699,Chuck Scrivener,/players/s/scrivch01.shtml,scrivch01,27,DET,1st,4,4,4,4,0,0,0,0,3,2,0,0,0,0,0,0,0
1975,700,Tom Seaver,/players/s/seaveto01.shtml,seaveto01,30,NYM,9,37,36,37,36,36,0,0,0,0,0,0,0,0,0,0,0,1
1975,701,Diego Segui,/players/s/seguidi01.shtml,seguidi01,37,BOS,14,33,1,1,33,33,0,0,0,0,0,0,0,0,0,0,0,0
1975,702,Dave Sells,/players/s/sellsda01.shtml,sellsda01,28,2TM,4,9,0,5,9,9,0,0,0,0,0,0,0,0,0,0,0,0
1975,703,Dick Sharon,/players/s/sharodi01.shtml,sharodi01,25,SDP,3,91,35,91,57,0,0,0,0,0,0,39,12,8,59,0,38,1
1975,704,Bill Sharp,/players/s/sharpbi01.shtml,sharpbi01,25,2TM,3,143,101,143,139,0,0,0,0,0,0,52,83,34,169,0,12,4
1975,705,Bob Sheldon,/players/s/sheldbo01.shtml,sheldbo01,24,MIL,2,53,45,53,44,0,0,0,44,0,0,0,0,0,0,6,5,1
1975,706,Tom Shopay,/players/s/shopato01.shtml,shopato01,30,BAL,5,40,4,40,14,0,1,0,0,0,0,1,6,6,13,4,14,17
1975,707,Paul Siebert,/players/s/siebepa01.shtml,siebepa01,22,HOU,2,7,2,7,7,7,0,0,0,0,0,0,0,0,0,0,0,0
1975,708,Sonny Siebert,/players/s/siebeso01.shtml,siebeso01,38,2TM,12,24,19,8,23,23,0,0,0,0,0,0,0,0,0,0,1,0
1975,709,Ted Simmons,/players/s/simmote01.shtml,simmote01,25,STL,8,157,152,157,156,0,154,2,0,0,0,2,0,0,2,0,5,0
1975,710,Joe Simpson,/players/s/simpsjo01.shtml,simpsjo01,23,LAD,1st,9,1,9,6,0,0,0,0,0,0,0,6,1,7,0,1,5
1975,711,Wayne Simpson,/players/s/simpswa01.shtml,simpswa01,26,PHI,5,7,5,7,7,7,0,0,0,0,0,0,0,0,0,0,0,0
1975,712,Bill Singer,/players/s/singebi01.shtml,singebi01,31,CAL,12,29,27,1,29,29,0,0,0,0,0,0,0,0,0,0,0,0
1975,713,Ken Singleton,/players/s/singlke01.shtml,singlke01,28,BAL,6,155,153,155,154,0,0,0,0,0,0,0,0,154,154,0,1,0
1975,714,Ted Sizemore,/players/s/sizemte01.shtml,sizemte01,30,STL,7,153,143,153,153,0,0,0,153,0,0,0,0,0,0,0,2,0
1975,715,Jim Slaton,/players/s/slatoji01.shtml,slatoji01,25,MIL,5,37,33,1,37,37,0,0,0,0,0,0,0,0,0,0,0,0
1975,716,Roy Smalley,/players/s/smallro02.shtml,smallro02,22,TEX,1st,78,62,78,78,0,0,0,19,0,59,0,0,0,0,0,2,2
1975,717,Billy Smith,/players/s/smithbi05.shtml,smithbi05,21,CAL,1st,59,42,59,54,0,0,7,0,2,50,0,0,0,0,5,0,8
1975,718,Reggie Smith,/players/s/smithre06.shtml,smithre06,30,STL,10,135,127,135,128,0,0,66,0,1,0,0,1,71,72,0,8,0
1975,719,Tommy Smith,/players/s/smithto04.shtml,smithto04,26,CLE,3,8,1,8,3,0,0,0,0,0,0,1,0,2,3,3,3,2
1975,720,Eric Soderholm,/players/s/soderer01.shtml,soderer01,26,MIN,5,117,110,117,113,0,0,0,0,113,0,0,0,0,0,5,2,4
1975,721,Tony Solaita,/players/s/solaito01.shtml,solaito01,28,KCR,3,93,64,93,35,0,0,35,0,0,0,0,0,0,0,37,24,0
1975,722,Eddie Solomon,/players/s/solomed01.shtml,solomed01,24,CHC,3,6,0,6,6,6,0,0,0,0,0,0,0,0,0,0,0,0
1975,723,Elias Sosa,/players/s/sosael01.shtml,sosael01,25,2TM,4,57,1,57,57,57,0,0,0,0,0,0,0,0,0,0,0,0
1975,724,Jose Sosa,/players/s/sosajo01.shtml,sosajo01,22,HOU,1st,26,2,26,25,25,0,0,0,0,0,0,0,0,0,0,0,1
1975,725,Horace Speed,/players/s/speedho01.shtml,speedho01,23,SFG,1st,17,3,17,9,0,0,0,0,0,0,5,0,5,10,0,1,10
1975,726,Chris Speier,/players/s/speiech01.shtml,speiech01,25,SFG,5,141,136,141,137,0,0,0,0,1,136,0,0,0,0,0,4,0
1975,727,Jim Spencer,/players/s/spencji01.shtml,spencji01,27,TEX,8,132,112,132,99,0,0,99,0,0,0,0,0,0,0,25,14,0
1975,728,Rob Sperring,/players/s/sperrro01.shtml,sperrro01,25,CHC,2,65,42,65,61,0,0,0,17,23,15,3,0,5,8,0,2,8
1975,729,Charlie Spikes,/players/s/spikech01.shtml,spikech01,24,CLE,4,111,87,111,104,0,0,0,0,0,0,31,0,73,104,2,21,1
1975,730,Dan Spillner,/players/s/spillda01.shtml,spillda01,23,SDP,2,37,25,37,37,37,0,0,0,0,0,0,0,0,0,0,0,0
1975,731,Paul Splittorff,/players/s/splitpa01.shtml,splitpa01,28,KCR,6,35,23,1,35,35,0,0,0,0,0,0,0,0,0,0,0,0
1975,732,Ed Sprague,/players/s/spraged01.shtml,spraged01,29,MIL,7,18,11,0,18,18,0,0,0,0,0,0,0,0,0,0,0,0
1975,733,Mike Squires,/players/s/squirmi01.shtml,squirmi01,23,CHW,1st,20,17,20,20,0,0,20,0,0,0,0,0,0,0,0,0,1
1975,734,Roy Staiger,/players/s/staigro01.shtml,staigro01,25,NYM,1st,13,4,13,13,0,0,0,0,13,0,0,0,0,0,0,0,1
1975,735,Don Stanhouse,/players/s/stanhdo01.shtml,stanhdo01,24,MON,4,4,3,4,4,4,0,0,0,0,0,0,0,0,0,0,0,0
1975,736,Fred Stanley,/players/s/stanlfr01.shtml,stanlfr01,27,NYY,7,117,88,117,116,0,0,0,33,1,84,0,0,0,0,0,0,6
1975,737,Mickey Stanley,/players/s/stanlmi01.shtml,stanlmi01,32,DET,12,52,40,52,48,0,0,14,0,7,0,14,15,0,29,1,6,2
1975,738,Leroy Stanton,/players/s/stantle01.shtml,stantle01,29,CAL,6,137,115,137,131,0,0,0,0,0,0,0,5,127,132,1,12,3
1975,739,Mike Stanton,/players/s/stantmi01.shtml,stantmi01,22,HOU,1st,7,2,7,7,7,0,0,0,0,0,0,0,0,0,0,0,0
1975,740,Willie Stargell,/players/s/stargwi01.shtml,stargwi01,35,PIT,14,124,122,124,122,0,0,122,0,0,0,0,0,0,0,0,2,0
1975,741,Rusty Staub,/players/s/staubru01.shtml,staubru01,31,NYM,13,155,153,155,153,0,0,0,0,0,0,0,0,153,153,0,2,0
1975,742,John Stearns,/players/s/stearjo01.shtml,stearjo01,23,NYM,2,59,46,59,54,0,54,0,0,0,0,0,0,0,0,0,8,1
1975,743,Bill Stein,/players/s/steinbi02.shtml,steinbi02,28,CHW,4,76,60,76,53,0,0,0,29,23,0,1,0,0,1,18,8,0
1975,744,Rennie Stennett,/players/s/stennre01.shtml,stennre01,24,PIT,5,148,144,148,144,0,0,0,144,0,0,0,0,0,0,0,4,0
1975,745,Royle Stillman,/players/s/stillro02.shtml,stillro02,24,BAL,1st,13,7,13,1,0,0,0,0,0,0,0,0,1,1,1,5,1
1975,746,Bob Stinson,/players/s/stinsbo01.shtml,stinsbo01,29,KCR,7,63,43,63,61,0,59,0,1,0,0,0,0,1,1,1,4,6
1975,747,Tim Stoddard,/players/s/stoddti01.shtml,stoddti01,22,CHW,1st,1,0,0,1,1,0,0,0,0,0,0,0,0,0,0,0,0
1975,748,George Stone,/players/s/stonege02.shtml,stonege02,28,NYM,9,13,11,13,13,13,0,0,0,0,0,0,0,0,0,0,0,0
1975,749,Steve Stone,/players/s/stonest01.shtml,stonest01,27,CHC,5,34,32,34,33,33,0,0,0,0,0,0,0,0,0,0,0,1
1975,750,Jim Strickland,/players/s/stricji01.shtml,stricji01,29,CLE,4,4,0,0,4,4,0,0,0,0,0,0,0,0,0,0,0,0
1975,751,Brent Strom,/players/s/strombr01.shtml,strombr01,26,SDP,3,18,16,18,18,18,0,0,0,0,0,0,0,0,0,0,0,0
1975,752,Bill Sudakis,/players/s/sudakbi01.shtml,sudakbi01,29,2TM,8,50,27,50,24,0,11,15,0,0,0,0,0,0,0,13,20,0
1975,753,Champ Summers,/players/s/summech01.shtml,summech01,29,CHC,2,76,9,76,20,0,0,1,0,0,0,16,0,3,19,0,64,0
1975,754,Jim Sundberg,/players/s/sundbji01.shtml,sundbji01,24,TEX,2,155,148,155,155,0,155,0,0,0,0,0,0,0,0,0,0,0
1975,755,Gary Sutherland,/players/s/suthega01.shtml,suthega01,30,DET,10,129,128,129,128,0,0,0,128,0,0,0,0,0,0,0,1,0
1975,756,Don Sutton,/players/s/suttodo01.shtml,suttodo01,30,LAD,10,35,35,35,35,35,0,0,0,0,0,0,0,0,0,0,0,0
1975,757,Craig Swan,/players/s/swancr01.shtml,swancr01,24,NYM,3,6,6,6,6,6,0,0,0,0,0,0,0,0,0,0,0,0
1975,758,Steve Swisher,/players/s/swishst01.shtml,swishst01,23,CHC,2,93,86,93,93,0,93,0,0,0,0,0,0,0,0,0,0,0
1975,759,Frank Tanana,/players/t/tananfr01.shtml,tananfr01,21,CAL,3,34,33,2,34,34,0,0,0,0,0,0,0,0,0,0,0,0
1975,760,Randy Tate,/players/t/tatera01.shtml,tatera01,22,NYM,1st,26,23,26,26,26,0,0,0,0,0,0,0,0,0,0,0,0
1975,761,Frank Taveras,/players/t/taverfr01.shtml,taverfr01,25,PIT,4,134,122,134,132,0,0,0,0,0,132,0,0,0,0,0,0,7
1975,762,Chuck Taylor,/players/t/tayloch02.shtml,tayloch02,33,MON,7,54,0,54,54,54,0,0,0,0,0,0,0,0,0,0,0,0
1975,763,Tony Taylor,/players/t/tayloto02.shtml,tayloto02,39,PHI,18,79,12,79,23,0,0,4,3,16,0,0,0,0,0,0,64,0
1975,764,Kent Tekulve,/players/t/tekulke01.shtml,tekulke01,28,PIT,2,34,0,34,34,34,0,0,0,0,0,0,0,0,0,0,0,0
1975,765,Gene Tenace,/players/t/tenacge01.shtml,tenacge01,28,OAK,7,158,154,158,157,0,126,68,0,0,0,0,0,0,0,1,1,0
1975,766,Frank Tepedino,/players/t/tepedfr01.shtml,tepedfr01,27,ATL,8,8,0,8,0,0,0,0,0,0,0,0,0,0,0,0,8,0
1975,767,Greg Terlecky,/players/t/terlegr01.shtml,terlegr01,23,STL,1st,20,0,20,20,20,0,0,0,0,0,0,0,0,0,0,0,0
1975,768,Jerry Terrell,/players/t/terreje01.shtml,terreje01,28,MIN,3,108,93,108,101,0,0,15,39,12,42,0,0,6,6,3,6,3
1975,769,Derrel Thomas,/players/t/thomade01.shtml,thomade01,24,SFG,5,144,135,144,141,0,0,0,141,0,0,0,0,1,1,0,1,5
1975,770,Gorman Thomas,/players/t/thomago01.shtml,thomago01,24,MIL,3,121,68,121,113,0,0,0,0,0,0,21,92,1,114,6,2,14
1975,771,Stan Thomas,/players/t/thomast01.shtml,thomast01,25,TEX,2,46,1,0,46,46,0,0,0,0,0,0,0,0,0,0,0,0
1975,772,Gary Thomasson,/players/t/thomaga01.shtml,thomaga01,23,SFG,4,114,75,114,91,0,0,17,0,0,0,26,34,19,79,0,22,9
1975,773,Danny Thompson,/players/t/thompda01.shtml,thompda01,28,MIN,6,112,97,112,105,0,0,0,1,7,100,0,0,0,0,4,7,4
1975,774,Mike Thompson,/players/t/thompmi01.shtml,thompmi01,25,ATL,4,16,10,16,16,16,0,0,0,0,0,0,0,0,0,0,0,0
1975,775,Andre Thornton,/players/t/thornan01.shtml,thornan01,25,CHC,3,120,107,120,114,0,0,113,0,2,0,0,0,0,0,0,11,0
1975,776,George Throop,/players/t/throoge01.shtml,throoge01,24,KCR,1st,7,0,1,7,7,0,0,0,0,0,0,0,0,0,0,0,0
1975,777,Luis Tiant,/players/t/tiantlu01.shtml,tiantlu01,34,BOS,12,35,35,1,35,35,0,0,0,0,0,0,0,0,0,0,0,0
1975,778,Dick Tidrow,/players/t/tidrodi01.shtml,tidrodi01,28,NYY,4,37,0,0,37,37,0,0,0,0,0,0,0,0,0,0,0,0
1975,779,Jim Todd,/players/t/toddji01.shtml,toddji01,27,OAK,2,58,0,2,58,58,0,0,0,0,0,0,0,0,0,0,0,0
1975,780,Bobby Tolan,/players/t/tolanbo01.shtml,tolanbo01,29,SDP,10,147,124,147,134,0,0,27,0,0,0,94,13,20,127,0,15,3
1975,781,Dave Tomlin,/players/t/tomlida01.shtml,tomlida01,26,SDP,4,67,0,67,67,67,0,0,0,0,0,0,0,0,0,0,0,0
1975,782,Tommy Toms,/players/t/tomsto01.shtml,tomsto01,23,SFG,1st,7,0,7,7,7,0,0,0,0,0,0,0,0,0,0,0,0
1975,783,Joe Torre,/players/t/torrejo01.shtml,torrejo01,34,NYM,16,114,89,114,99,0,0,25,0,82,0,0,0,0,0,0,24,0
1975,784,Pablo Torrealba,/players/t/torrepa01.shtml,torrepa01,27,ATL,1st,6,0,6,6,6,0,0,0,0,0,0,0,0,0,0,0,0
1975,785,Hector Torres,/players/t/torrehe01.shtml,torrehe01,29,SDP,7,112,90,112,111,0,0,0,16,42,75,0,0,0,0,0,2,6
1975,786,Mike Torrez,/players/t/torremi01.shtml,torremi01,28,BAL,9,36,36,0,36,36,0,0,0,0,0,0,0,0,0,0,0,0
1975,787,Cesar Tovar,/players/t/tovarce01.shtml,tovarce01,34,2TM,11,121,101,121,36,0,0,0,5,3,1,25,6,1,32,73,16,2
1975,788,Bill Travers,/players/t/travebi01.shtml,travebi01,22,MIL,2,28,23,0,28,28,0,0,0,0,0,0,0,0,0,0,0,0
1975,789,Manny Trillo,/players/t/trillma01.shtml,trillma01,24,CHC,3,154,150,154,153,0,0,0,153,0,1,0,0,0,0,0,1,0
1975,790,Jerry Turner,/players/t/turneje01.shtml,turneje01,21,SDP,2,11,4,11,4,0,0,0,0,0,0,4,0,0,4,0,7,0
1975,791,Wayne Twitchell,/players/t/twitcwa01.shtml,twitcwa01,27,PHI,6,36,20,36,36,36,0,0,0,0,0,0,0,0,0,0,0,0
1975,792,Jim Tyrone,/players/t/tyronji01.shtml,tyronji01,26,CHC,3,11,4,11,8,0,0,0,0,0,0,8,0,0,8,0,7,0
1975,793,Mike Tyson,/players/t/tysonmi01.shtml,tysonmi01,25,STL,4,122,102,122,117,0,0,0,23,5,96,0,0,0,0,0,2,4
1975,794,Jim Umbarger,/players/u/umbarji01.shtml,umbarji01,22,TEX,1st,56,12,0,56,56,0,0,0,0,0,0,0,0,0,0,0,0
1975,795,Tom Underwood,/players/u/underto01.shtml,underto01,21,PHI,2,35,35,35,35,35,0,0,0,0,0,0,0,0,0,0,0,0
1975,796,Del Unser,/players/u/unserde01.shtml,unserde01,30,NYM,8,147,129,147,145,0,0,0,0,0,0,0,145,0,145,0,7,3
1975,797,Cecil Upshaw,/players/u/upshace01.shtml,upshace01,32,CHW,9,29,0,0,29,29,0,0,0,0,0,0,0,0,0,0,0,0
1975,798,Mike Vail,/players/v/vailmi01.shtml,vailmi01,23,NYM,1st,38,36,38,36,0,0,0,0,0,0,35,1,0,36,0,2,0
1975,799,Bobby Valentine,/players/v/valenbo02.shtml,valenbo02,25,2TM,6,33,14,33,11,0,0,3,0,2,0,5,0,1,6,13,17,0
1975,800,Ellis Valentine,/players/v/valenel01.shtml,valenel01,20,MON,1st,12,8,12,11,0,0,0,0,0,0,0,0,11,11,0,2,0
1975,801,Pete Varney,/players/v/varnepe01.shtml,varnepe01,26,CHW,3,36,27,36,34,0,34,0,0,0,0,0,0,0,0,2,5,0
1975,802,Otto Velez,/players/v/velezot01.shtml,velezot01,24,NYY,3,6,2,6,1,0,0,1,0,0,0,0,0,0,0,1,4,0
1975,803,Tom Veryzer,/players/v/veryzto01.shtml,veryzto01,22,DET,3,128,126,128,128,0,0,0,0,0,128,0,0,0,0,0,0,0
1975,804,Pete Vuckovich,/players/v/vuckope01.shtml,vuckope01,22,CHW,1st,4,2,0,4,4,0,0,0,0,0,0,0,0,0,0,0,0
1975,805,John Vukovich,/players/v/vukovjo01.shtml,vukovjo01,27,CIN,5,31,14,31,31,0,0,0,0,31,0,0,0,0,0,0,0,0
1975,806,Rick Waits,/players/w/waitsri01.shtml,waitsri01,23,CLE,2,16,7,0,16,16,0,0,0,0,0,0,0,0,0,0,0,0
1975,807,Tom Walker,/players/w/walketo02.shtml,walketo02,26,DET,4,36,9,0,36,36,0,0,0,0,0,0,0,0,0,0,0,0
1975,808,Stan Wall,/players/w/wallst01.shtml,wallst01,24,LAD,1st,10,0,10,10,10,0,0,0,0,0,0,0,0,0,0,0,0
1975,809,Mike Wallace,/players/w/wallami01.shtml,wallami01,24,2TM,3,12,0,9,12,12,0,0,0,0,0,0,0,0,0,0,0,0
1975,810,Denny Walling,/players/w/wallide01.shtml,wallide01,21,OAK,1st,6,1,6,2,0,0,0,0,0,0,1,1,0,2,0,4,0
1975,811,Joe Wallis,/players/w/wallijo01.shtml,wallijo01,23,CHC,1st,16,12,16,16,0,0,0,0,0,0,1,14,1,16,0,3,0
1975,812,Danny Walton,/players/w/waltoda01.shtml,waltoda01,27,MIN,6,42,6,42,9,0,2,7,0,0,0,0,0,0,0,6,36,0
1975,813,Dan Warthen,/players/w/warthda01.shtml,warthda01,22,MON,1st,40,18,40,40,40,0,0,0,0,0,0,0,0,0,0,0,0
1975,814,Claudell Washington,/players/w/washicl01.shtml,washicl01,20,OAK,2,148,146,148,148,0,0,0,0,0,0,114,34,11,159,0,1,0
1975,815,Herb Washington,/players/w/washihe01.shtml,washihe01,23,OAK,2,13,0,13,0,0,0,0,0,0,0,0,0,0,0,3,0,13
1975,816,Bob Watson,/players/w/watsobo01.shtml,watsobo01,29,HOU,10,132,124,132,126,0,0,118,0,0,0,9,0,0,9,0,8,0
1975,817,Eddie Watt,/players/w/watted01.shtml,watted01,34,CHC,10,6,0,6,6,6,0,0,0,0,0,0,0,0,0,0,0,0
1975,818,Hank Webb,/players/w/webbha01.shtml,webbha01,25,NYM,4,31,15,31,29,29,0,0,0,0,0,0,0,0,0,0,0,2
1975,819,Don Werner,/players/w/wernedo01.shtml,wernedo01,22,CIN,1st,7,2,7,7,0,7,0,0,0,0,0,0,0,0,0,1,1
1975,820,Frank White,/players/w/whitefr01.shtml,whitefr01,24,KCR,3,111,85,111,107,0,0,0,68,4,42,0,0,0,0,2,1,7
1975,821,Jerry White,/players/w/whiteje01.shtml,whiteje01,22,MON,2,39,25,39,30,0,0,0,0,0,0,7,25,0,32,0,4,8
1975,822,Roy White,/players/w/whitero01.shtml,whitero01,31,NYY,11,148,142,148,141,0,0,7,0,0,0,135,0,0,135,2,5,1
1975,823,Terry Whitfield,/players/w/whitfte01.shtml,whitfte01,22,NYY,2,28,21,28,25,0,0,0,0,0,0,2,0,23,25,1,2,1
1975,824,Milt Wilcox,/players/w/wilcomi01.shtml,wilcomi01,25,CHC,6,25,0,25,25,25,0,0,0,0,0,0,0,0,0,0,0,0
1975,825,Mark Wiley,/players/w/wileyma01.shtml,wileyma01,27,MIN,1st,15,3,0,15,15,0,0,0,0,0,0,0,0,0,0,0,0
1975,826,Billy Williams,/players/w/willibi01.shtml,willibi01,37,OAK,17,155,147,155,7,0,0,7,0,0,0,0,0,0,0,145,8,0
1975,827,Charlie Williams,/players/w/willich01.shtml,willich01,27,SFG,5,55,2,55,55,55,0,0,0,0,0,0,0,0,0,0,0,0
1975,828,Earl Williams,/players/w/williea02.shtml,williea02,26,ATL,6,111,99,111,100,0,11,90,0,0,0,0,0,0,0,0,12,0
1975,829,Walt Williams,/players/w/williwa02.shtml,williwa02,31,NYY,10,82,34,82,37,0,0,0,6,0,0,8,10,15,33,18,37,6
1975,830,Jim Willoughby,/players/w/willoji01.shtml,willoji01,26,BOS,5,24,0,0,24,24,0,0,0,0,0,0,0,0,0,0,0,0
1975,831,Dave Winfield,/players/w/winfida01.shtml,winfida01,23,SDP,3,143,137,143,138,0,0,0,0,0,0,0,0,138,138,0,2,4
1975,832,Rick Wise,/players/w/wiseri01.shtml,wiseri01,29,BOS,11,35,35,1,35,35,0,0,0,0,0,0,0,0,0,0,0,0
1975,833,John Wockenfuss,/players/w/wockejo01.shtml,wockejo01,26,DET,2,35,32,35,34,0,34,0,0,0,0,0,0,0,0,0,1,0
1975,834,Jim Wohlford,/players/w/wohlfji01.shtml,wohlfji01,24,KCR,4,116,84,116,103,0,0,0,0,0,0,43,0,67,110,4,17,11
1975,835,Wilbur Wood,/players/w/woodwi01.shtml,woodwi01,33,CHW,14,43,43,1,43,43,0,0,0,0,0,0,0,0,0,0,0,0
1975,836,Clyde Wright,/players/w/wrighcl01.shtml,wrighcl01,34,TEX,10,25,14,0,25,25,0,0,0,0,0,0,0,0,0,0,0,0
1975,837,Jim Wynn,/players/w/wynnji01.shtml,wynnji01,33,LAD,13,130,115,130,120,0,0,0,0,0,0,23,105,0,128,0,13,1
1975,838,Carl Yastrzemski,/players/y/yastrca01.shtml,yastrca01,35,BOS,15,149,147,149,147,0,0,140,0,0,0,8,0,0,8,2,1,0
1975,839,Steve Yeager,/players/y/yeagest01.shtml,yeagest01,26,LAD,4,135,130,135,135,0,135,0,0,0,0,0,0,0,0,0,0,0
1975,840,Jim York,/players/y/yorkji01.shtml,yorkji01,27,HOU,6,19,4,19,19,19,0,0,0,0,0,0,0,0,0,0,0,0
1975,841,Robin Yount,/players/y/yountro01.shtml,yountro01,19,MIL,2,147,144,147,144,0,0,0,0,0,144,0,0,0,0,0,2,1
1975,842,Geoff Zahn,/players/z/zahnge01.shtml,zahnge01,29,2TM,3,18,10,18,18,18,0,0,0,0,0,0,0,0,0,0,0,0
1975,843,Oscar Zamora,/players/z/zamoros01.shtml,zamoros01,30,CHC,2,52,0,52,52,52,0,0,0,0,0,0,0,0,0,0,0,0
1975,844,Richie Zisk,/players/z/ziskri01.shtml,ziskri01,26,PIT,5,147,138,147,140,0,0,0,0,0,0,140,0,0,140,0,7,0
