1959,1,Hank Aaron,/players/a/aaronha01.shtml,aaronha01,25,MLN,6,154,154,154,154,0,0,0,0,5,0,0,13,144,152,0,0
1959,2,Tom Acker,/players/a/ackerto01.shtml,ackerto01,29,CIN,4,37,0,37,37,37,0,0,0,0,0,0,0,0,0,0,0
1959,3,Jerry Adair,/players/a/adairje01.shtml,adairje01,22,BAL,2,12,10,12,12,0,0,0,10,0,2,0,0,0,0,0,0
1959,4,Bobby Adams,/players/a/adamsbo03.shtml,adamsbo03,37,CHC,14,3,0,3,1,0,0,1,0,0,0,0,0,0,0,2,1
1959,5,Joe Adcock,/players/a/adcocjo01.shtml,adcocjo01,31,MLN,10,115,105,115,107,0,0,89,0,0,0,21,0,0,21,10,0
1959,6,Hank Aguirre,/players/a/aguirha01.shtml,aguirha01,28,DET,5,3,0,3,3,3,0,0,0,0,0,0,0,0,0,0,0
1959,7,Bob Allison,/players/a/allisbo01.shtml,allisbo01,24,WSH,2,150,147,150,149,0,0,0,0,0,0,8,133,10,149,1,0
1959,8,Felipe Alou,/players/a/aloufe01.shtml,aloufe01,24,SFG,2,95,55,95,69,0,0,0,0,0,0,4,11,59,69,25,8
1959,9,George Altman,/players/a/altmage01.shtml,altmage01,26,CHC,1st,135,103,135,121,0,0,0,0,0,0,0,120,1,121,17,3
1959,10,Ossie Alvarez,/players/a/alvaros01.shtml,alvaros01,25,DET,2,8,0,8,0,0,0,0,0,0,0,0,0,0,0,2,6
1959,11,Sandy Amoros,/players/a/amorosa01.shtml,amorosa01,29,LAD,6,5,0,5,0,0,0,0,0,0,0,0,0,0,0,5,0
1959,12,Bob Anderson,/players/a/anderbo01.shtml,anderbo01,23,CHC,3,37,36,37,37,37,0,0,0,0,0,0,0,0,0,0,0
1959,13,Harry Anderson,/players/a/anderha02.shtml,anderha02,27,PHI,3,142,136,142,137,0,0,0,0,0,0,137,0,0,137,6,0
1959,14,Sparky Anderson,/players/a/andersp01.shtml,andersp01,25,PHI,1st,152,145,152,152,0,0,0,152,0,0,0,0,0,0,0,2
1959,15,Johnny Antonelli,/players/a/antonjo02.shtml,antonjo02,29,SFG,10,43,38,43,40,40,0,0,0,0,0,0,0,0,0,0,3
1959,16,Luis Aparicio,/players/a/aparilu01.shtml,aparilu01,25,CHW,4,152,150,152,152,0,0,0,0,0,152,0,0,0,0,0,1
1959,17,Rudy Arias,/players/a/ariasru01.shtml,ariasru01,28,CHW,1st,34,0,34,34,34,0,0,0,0,0,0,0,0,0,0,0
1959,18,Luis Arroyo,/players/a/arroylu01.shtml,arroylu01,32,CIN,4,10,0,10,10,10,0,0,0,0,0,0,0,0,0,0,0
1959,19,Richie Ashburn,/players/a/ashburi01.shtml,ashburi01,32,PHI,12,153,144,153,149,0,0,0,0,0,0,0,149,0,149,5,0
1959,20,Ken Aspromonte,/players/a/asproke01.shtml,asproke01,27,WSH,3,70,59,70,65,0,0,1,52,0,12,1,0,0,1,5,2
1959,21,Earl Averill,/players/a/averiea02.shtml,averiea02,27,CHC,3,74,43,74,50,0,32,0,2,13,0,5,0,0,5,29,0
1959,22,Bobby Avila,/players/a/avilabo01.shtml,avilabo01,35,3TM,11,93,65,93,78,0,0,0,70,1,0,1,0,9,10,14,4
1959,23,Ed Bailey,/players/b/baileed01.shtml,baileed01,28,CIN,7,121,110,121,117,0,117,0,0,0,0,0,0,0,0,9,0
1959,24,Jim Bailey,/players/b/baileji01.shtml,baileji01,24,CIN,1st,3,1,3,3,3,0,0,0,0,0,0,0,0,0,0,0
1959,25,George Bamberger,/players/b/bambege01.shtml,bambege01,35,BAL,3,3,1,3,3,3,0,0,0,0,0,0,0,0,0,0,0
1959,26,Ernie Banks,/players/b/bankser01.shtml,bankser01,28,CHC,7,155,154,155,154,0,0,0,0,0,154,0,0,0,0,1,0
1959,27,Curt Barclay,/players/b/barclcu01.shtml,barclcu01,27,SFG,3,1,0,1,1,1,0,0,0,0,0,0,0,0,0,0,0
1959,28,Earl Battey,/players/b/batteea01.shtml,batteea01,24,CHW,5,26,16,26,20,0,20,0,0,0,0,0,0,0,0,6,0
1959,29,Hank Bauer,/players/b/bauerha01.shtml,bauerha01,36,NYY,12,114,83,114,111,0,0,0,0,0,0,5,0,107,111,8,0
1959,30,Frank Baumann,/players/b/baumafr01.shtml,baumafr01,25,BOS,5,26,10,26,26,26,0,0,0,0,0,0,0,0,0,0,0
1959,31,Jim Baxes,/players/b/baxesji01.shtml,baxesji01,30,2TM,1st,88,73,88,79,0,0,0,48,32,0,0,0,0,0,13,1
1959,32,Julio Becquer,/players/b/becquju01.shtml,becquju01,27,WSH,4,108,41,108,53,0,0,53,0,0,0,0,0,0,0,59,2
1959,33,Gary Bell,/players/b/bellga01.shtml,bellga01,22,CLE,2,44,28,44,44,44,0,0,0,0,0,0,0,0,0,0,0
1959,34,Gus Bell,/players/b/bellgu01.shtml,bellgu01,30,CIN,10,148,137,148,145,0,0,0,0,0,0,6,0,141,145,6,0
1959,35,Zeke Bella,/players/b/bellaze01.shtml,bellaze01,28,KCA,2,47,19,47,26,0,0,1,0,0,0,11,0,14,25,25,1
1959,36,Lou Berberet,/players/b/berbelo01.shtml,berbelo01,29,DET,6,100,91,100,95,0,95,0,0,0,0,0,0,0,0,5,1
1959,37,Yogi Berra,/players/b/berrayo01.shtml,berrayo01,34,NYY,14,131,119,131,121,0,116,0,0,0,0,0,0,7,7,12,0
1959,38,Reno Bertoia,/players/b/bertore01.shtml,bertore01,24,WSH,7,90,74,90,77,0,0,0,71,5,1,0,0,0,0,14,0
1959,39,Ron Blackburn,/players/b/blackro01.shtml,blackro01,24,PIT,2,26,0,26,26,26,0,0,0,0,0,0,0,0,0,0,0
1959,40,Johnny Blanchard,/players/b/blancjo01.shtml,blancjo01,26,NYY,2,49,6,49,21,0,12,1,0,0,0,1,0,7,8,30,0
1959,41,Don Blasingame,/players/b/blasido01.shtml,blasido01,27,STL,5,150,148,150,150,0,0,0,150,0,0,0,0,0,0,2,0
1959,42,Bob Blaylock,/players/b/blaylbo01.shtml,blaylbo01,24,STL,2,3,1,3,3,3,0,0,0,0,0,0,0,0,0,0,0
1959,43,Gary Blaylock,/players/b/blaylga01.shtml,blaylga01,27,2TM,1st,46,13,46,41,41,0,0,0,0,0,0,0,0,0,0,5
1959,44,Jim Bolger,/players/b/bolgeji01.shtml,bolgeji01,27,2TM,7,43,6,43,9,0,0,0,0,0,0,7,1,1,9,37,0
1959,45,Frank Bolling,/players/b/bollifr01.shtml,bollifr01,27,DET,5,127,126,127,126,0,0,0,126,0,0,0,0,0,0,1,0
1959,46,Ray Boone,/players/b/boonera01.shtml,boonera01,35,3TM,12,83,39,83,50,0,0,47,0,3,0,0,0,0,0,44,0
1959,47,Ed Bouchee,/players/b/bouched01.shtml,bouched01,26,PHI,4,136,134,136,134,0,0,134,0,0,0,0,0,0,0,2,0
1959,48,Bob Bowman,/players/b/bowmabo02.shtml,bowmabo02,28,PHI,5,57,13,57,25,5,0,0,0,0,0,11,2,7,20,35,0
1959,49,Ted Bowsfield,/players/b/bowsfte01.shtml,bowsfte01,24,BOS,2,5,2,5,5,5,0,0,0,0,0,0,0,0,0,0,0
1959,50,Bob Boyd,/players/b/boydbo01.shtml,boydbo01,39,BAL,7,128,101,128,109,0,0,109,0,0,0,0,0,0,0,26,0
1959,51,Clete Boyer,/players/b/boyercl02.shtml,boyercl02,22,NYY,4,47,31,47,42,0,0,0,0,16,26,0,0,0,0,6,2
1959,52,Ken Boyer,/players/b/boyerke01.shtml,boyerke01,28,STL,5,149,147,149,148,0,0,0,0,143,12,0,0,0,0,1,0
1959,53,Jackie Brandt,/players/b/brandja01.shtml,brandja01,25,SFG,3,137,100,137,124,0,0,3,1,18,0,111,5,5,116,18,7
1959,54,Eddie Bressoud,/players/b/bressed01.shtml,bressed01,27,SFG,4,104,91,104,95,0,0,1,1,1,92,0,0,0,0,5,5
1959,55,Tom Brewer,/players/b/breweto01.shtml,breweto01,27,BOS,6,48,32,48,36,36,0,0,0,0,0,0,0,0,0,0,12
1959,56,Fritz Brickell,/players/b/brickfr02.shtml,brickfr02,24,NYY,2,18,9,18,18,0,0,0,3,0,15,0,0,0,0,0,2
1959,57,Marshall Bridges,/players/b/bridgma01.shtml,bridgma01,28,STL,1st,27,4,27,27,27,0,0,0,0,0,0,0,0,0,0,0
1959,58,Rocky Bridges,/players/b/bridgro01.shtml,bridgro01,31,DET,9,116,112,116,114,0,0,0,5,0,110,0,0,0,0,2,1
1959,59,John Briggs,/players/b/briggjo01.shtml,briggjo01,25,CLE,4,4,1,4,4,4,0,0,0,0,0,0,0,0,0,0,0
1959,60,Harry Bright,/players/b/brighha01.shtml,brighha01,29,PIT,2,40,3,40,8,0,0,0,1,3,0,3,0,1,4,34,0
1959,61,Dick Brodowski,/players/b/brododi01.shtml,brododi01,26,CLE,6,18,0,18,18,18,0,0,0,0,0,0,0,0,0,0,0
1959,62,Ernie Broglio,/players/b/brogler01.shtml,brogler01,23,STL,1st,35,25,35,35,35,0,0,0,0,0,0,0,0,0,0,0
1959,63,Jim Bronstad,/players/b/bronsji01.shtml,bronsji01,23,NYY,1st,16,3,16,16,16,0,0,0,0,0,0,0,0,0,0,0
1959,64,Jim Brosnan,/players/b/brosnji01.shtml,brosnji01,29,2TM,5,46,10,46,46,46,0,0,0,0,0,0,0,0,0,0,0
1959,65,Dick Brown,/players/b/browndi01.shtml,browndi01,24,CLE,3,48,40,48,48,0,48,0,0,0,0,0,0,0,0,1,1
1959,66,Hal Brown,/players/b/brownha01.shtml,brownha01,34,BAL,9,31,21,31,31,31,0,0,0,0,0,0,0,0,0,0,0
1959,67,Bob Bruce,/players/b/brucebo01.shtml,brucebo01,26,DET,1st,2,1,2,2,2,0,0,0,0,0,0,0,0,0,0,0
1959,68,George Brunet,/players/b/brunege01.shtml,brunege01,24,KCA,3,2,0,2,2,2,0,0,0,0,0,0,0,0,0,0,0
1959,69,Bill Bruton,/players/b/brutobi01.shtml,brutobi01,33,MLN,7,133,114,133,133,0,0,0,0,0,0,0,133,0,133,7,1
1959,70,Don Buddin,/players/b/buddido01.shtml,buddido01,25,BOS,3,151,146,151,150,0,0,0,1,0,149,0,0,0,0,1,0
1959,71,Bob Buhl,/players/b/buhlbo01.shtml,buhlbo01,30,MLN,7,31,25,31,31,31,0,0,0,0,0,0,0,0,0,0,0
1959,72,Jim Bunning,/players/b/bunniji01.shtml,bunniji01,27,DET,5,40,35,40,40,40,0,0,0,0,0,0,0,0,0,0,0
1959,73,Lew Burdette,/players/b/burdele01.shtml,burdele01,32,MLN,10,52,39,52,41,41,0,0,0,0,0,0,0,0,0,0,11
1959,74,Smoky Burgess,/players/b/burgesm01.shtml,burgesm01,32,PIT,10,114,95,114,101,0,101,0,0,0,0,0,0,0,0,19,0
1959,75,Leo Burke,/players/b/burkele02.shtml,burkele02,25,BAL,2,5,2,5,4,0,0,0,2,2,0,0,0,0,0,2,0
1959,76,Pete Burnside,/players/b/burnspe01.shtml,burnspe01,28,DET,4,30,0,30,30,30,0,0,0,0,0,0,0,0,0,0,0
1959,77,Jim Busby,/players/b/busbyji01.shtml,busbyji01,32,BOS,10,61,19,61,34,0,0,0,0,0,0,7,26,1,34,20,15
1959,78,John Buzhardt,/players/b/buzhajo01.shtml,buzhajo01,22,CHC,2,31,10,31,31,31,0,0,0,0,0,0,0,0,0,0,0
1959,79,Bud Byerly,/players/b/byerlbu01.shtml,byerlbu01,38,SFG,10,11,0,11,11,11,0,0,0,0,0,0,0,0,0,0,0
1959,80,Johnny Callison,/players/c/callijo01.shtml,callijo01,20,CHW,2,49,27,49,41,0,0,0,0,0,0,41,0,0,41,5,6
1959,81,Don Cardwell,/players/c/cardwdo01.shtml,cardwdo01,23,PHI,3,26,22,26,25,25,0,0,0,0,0,0,0,0,0,0,1
1959,82,Andy Carey,/players/c/careyan01.shtml,careyan01,27,NYY,8,41,23,41,34,0,0,0,0,34,0,0,0,0,0,8,0
1959,83,Duke Carmel,/players/c/carmedu01.shtml,carmedu01,22,STL,1st,10,6,10,10,0,0,0,0,0,0,2,8,3,10,0,0
1959,84,Chico Carrasquel,/players/c/carrach01.shtml,carrach01,33,BAL,10,114,95,114,110,0,0,1,22,2,89,0,0,0,0,7,1
1959,85,Cam Carreon,/players/c/carreca01.shtml,carreca01,21,CHW,1st,1,0,1,1,0,1,0,0,0,0,0,0,0,0,0,0
1959,86,Tom Carroll,/players/c/carroto01.shtml,carroto01,22,KCA,3,15,1,15,13,0,0,0,0,3,10,0,0,0,0,0,4
1959,87,Jerry Casale,/players/c/casalje01.shtml,casalje01,25,BOS,2,31,26,31,31,31,0,0,0,0,0,0,0,0,0,0,0
1959,88,Norm Cash,/players/c/cashno01.shtml,cashno01,24,CHW,2,58,25,58,31,0,0,31,0,0,0,0,0,0,0,28,0
1959,89,Art Ceccarelli,/players/c/ceccaar01.shtml,ceccaar01,29,CHC,4,18,15,18,18,18,0,0,0,0,0,0,0,0,0,0,0
1959,90,Orlando Cepeda,/players/c/cepedor01.shtml,cepedor01,21,SFG,2,151,149,151,151,0,0,122,0,4,0,44,0,0,44,0,1
1959,91,Bob Cerv,/players/c/cervbo01.shtml,cervbo01,34,KCA,9,125,119,125,119,0,0,0,0,0,0,119,0,0,119,6,0
1959,92,Tom Cheney,/players/c/cheneto01.shtml,cheneto01,24,STL,2,11,2,11,11,11,0,0,0,0,0,0,0,0,0,0,0
1959,93,Harry Chiti,/players/c/chitiha01.shtml,chitiha01,26,KCA,7,55,44,55,47,0,47,0,0,0,0,0,0,0,0,9,0
1959,94,Nelson Chittum,/players/c/chittne01.shtml,chittne01,26,BOS,2,21,0,21,21,21,0,0,0,0,0,0,0,0,0,0,0
1959,95,Neil Chrisley,/players/c/chrisne01.shtml,chrisne01,27,DET,3,65,15,65,21,0,0,0,0,0,0,3,1,17,21,47,0
1959,96,Joe Christopher,/players/c/chrisjo01.shtml,chrisjo01,23,PIT,1st,15,3,15,9,0,0,0,0,0,0,0,0,9,9,0,8
1959,97,Chuck Churn,/players/c/churnch01.shtml,churnch01,29,LAD,3,14,0,14,14,14,0,0,0,0,0,0,0,0,0,0,0
1959,98,Al Cicotte,/players/c/cicotal01.shtml,cicotal01,29,CLE,3,26,1,26,26,26,0,0,0,0,0,0,0,0,0,0,0
1959,99,Gino Cimoli,/players/c/cimolgi01.shtml,cimolgi01,29,STL,4,143,127,143,141,0,0,0,0,0,0,47,95,56,141,3,2
1959,100,Phil Clark,/players/c/clarkph01.shtml,clarkph01,26,STL,2,7,0,7,7,7,0,0,0,0,0,0,0,0,0,0,0
1959,101,Roberto Clemente,/players/c/clemero01.shtml,clemero01,24,PIT,5,105,102,105,104,0,0,0,0,0,0,0,0,104,104,0,2
1959,102,Tex Clevenger,/players/c/clevete01.shtml,clevete01,26,WSH,5,50,7,50,50,50,0,0,0,0,0,0,0,0,0,0,0
1959,103,Jim Coates,/players/c/coateji01.shtml,coateji01,26,NYY,2,37,4,37,37,37,0,0,0,0,0,0,0,0,0,0,0
1959,104,Rocky Colavito,/players/c/colavro01.shtml,colavro01,25,CLE,5,154,154,154,154,0,0,0,0,0,0,0,0,154,154,0,0
1959,105,Gordy Coleman,/players/c/colemgo01.shtml,colemgo01,24,CLE,1st,6,3,6,3,0,0,3,0,0,0,0,0,0,0,3,0
1959,106,Rip Coleman,/players/c/colemri01.shtml,colemri01,27,2TM,4,32,11,32,32,32,0,0,0,0,0,0,0,0,0,0,0
1959,107,Gene Conley,/players/c/conlege01.shtml,conlege01,28,PHI,7,25,22,25,25,25,0,0,0,0,0,0,0,0,0,0,0
1959,108,Billy Consolo,/players/c/consobi01.shtml,consobi01,24,2TM,7,89,72,89,78,0,0,0,4,0,77,0,0,0,0,9,4
1959,109,Cliff Cook,/players/c/cookcl01.shtml,cookcl01,22,CIN,1st,9,5,9,9,0,0,0,0,9,0,0,0,0,0,0,1
1959,110,Chuck Cottier,/players/c/cottich01.shtml,cottich01,23,MLN,1st,10,9,10,10,0,0,0,10,0,0,0,0,0,0,0,0
1959,111,Clint Courtney,/players/c/courtcl01.shtml,courtcl01,32,WSH,9,72,48,72,53,0,53,0,0,0,0,0,0,0,0,23,0
1959,112,Wes Covington,/players/c/covinwe01.shtml,covinwe01,27,MLN,4,103,93,103,94,0,0,0,0,0,0,94,0,0,94,10,0
1959,113,Roger Craig,/players/c/craigro01.shtml,craigro01,29,LAD,5,29,17,29,29,29,0,0,0,0,0,0,0,0,0,0,0
1959,114,Del Crandall,/players/c/crandde01.shtml,crandde01,29,MLN,9,150,142,150,146,0,146,0,0,0,0,0,0,0,0,4,1
1959,115,George Crowe,/players/c/crowege01.shtml,crowege01,38,STL,7,77,11,77,14,0,0,14,0,0,0,0,0,0,0,66,0
1959,116,Mike Cuellar,/players/c/cuellmi01.shtml,cuellmi01,22,CIN,1st,2,0,2,2,2,0,0,0,0,0,0,0,0,0,0,0
1959,117,Joe Cunningham,/players/c/cunnijo01.shtml,cunnijo01,27,STL,5,144,127,144,137,0,0,35,0,0,0,21,0,109,121,11,1
1959,118,Bud Daley,/players/d/daleybu01.shtml,daleybu01,26,KCA,5,39,29,39,39,39,0,0,0,0,0,0,0,0,0,0,0
1959,119,Pete Daley,/players/d/daleype01.shtml,daleype01,29,BOS,5,65,41,65,58,0,58,0,0,0,0,0,0,0,0,9,0
1959,120,Bennie Daniels,/players/d/daniebe02.shtml,daniebe02,27,PIT,3,36,12,36,34,34,0,0,0,0,0,0,0,0,0,0,2
1959,121,Al Dark,/players/d/darkal01.shtml,darkal01,37,CHC,13,136,125,136,133,0,0,4,0,131,1,0,0,0,0,3,0
1959,122,Jim Davenport,/players/d/davenji01.shtml,davenji01,25,SFG,2,123,112,123,121,0,0,0,0,121,1,0,0,0,0,3,2
1959,123,Jerry Davie,/players/d/davieje01.shtml,davieje01,26,DET,1st,11,5,11,11,11,0,0,0,0,0,0,0,0,0,0,0
1959,124,Tommy Davis,/players/d/davisto02.shtml,davisto02,20,LAD,1st,1,0,1,0,0,0,0,0,0,0,0,0,0,0,1,0
1959,125,Ike Delock,/players/d/delocik01.shtml,delocik01,29,BOS,7,28,17,28,28,28,0,0,0,0,0,0,0,0,0,0,0
1959,126,Joe DeMaestri,/players/d/demaejo01.shtml,demaejo01,30,KCA,9,118,106,118,115,0,0,0,0,0,115,0,0,0,0,2,1
1959,127,John DeMerit,/players/d/demerjo01.shtml,demerjo01,23,MLN,3,11,1,11,4,0,0,0,0,0,0,3,1,0,4,0,8
1959,128,Don Demeter,/players/d/demetdo01.shtml,demetdo01,24,LAD,3,139,81,139,124,0,0,0,0,0,0,0,124,0,124,22,8
1959,129,Steve Demeter,/players/d/demetst01.shtml,demetst01,24,DET,1st,11,2,11,4,0,0,0,0,4,0,0,0,0,0,9,0
1959,130,Murry Dickson,/players/d/dicksmu01.shtml,dicksmu01,42,KCA,18,38,0,38,38,38,0,0,0,0,0,0,0,0,0,0,0
1959,131,Don Dillard,/players/d/dillado01.shtml,dillado01,22,CLE,1st,10,0,10,0,0,0,0,0,0,0,0,0,0,0,10,0
1959,132,Art Ditmar,/players/d/ditmaar01.shtml,ditmaar01,30,NYY,6,38,25,38,38,38,0,0,0,0,0,0,0,0,0,0,0
1959,133,Dan Dobbek,/players/d/dobbeda01.shtml,dobbeda01,24,WSH,1st,16,16,16,16,0,0,0,0,0,0,0,1,15,16,0,0
1959,134,Larry Doby,/players/d/dobyla01.shtml,dobyla01,35,2TM,13,39,28,39,30,0,0,2,0,0,0,13,2,15,28,10,0
1959,135,Ed Donnelly,/players/d/donneed02.shtml,donneed02,26,CHC,1st,9,0,9,9,9,0,0,0,0,0,0,0,0,0,0,0
1959,136,Dick Donovan,/players/d/donovdi01.shtml,donovdi01,31,CHW,9,31,29,31,31,31,0,0,0,0,0,0,0,0,0,0,0
1959,137,Dutch Dotterer,/players/d/dottedu01.shtml,dottedu01,27,CIN,3,52,44,52,51,0,51,0,0,0,0,0,0,0,0,1,0
1959,138,Moe Drabowsky,/players/d/drabomo01.shtml,drabomo01,23,CHC,4,31,23,31,31,31,0,0,0,0,0,0,0,0,0,0,0
1959,139,Solly Drake,/players/d/drakeso01.shtml,drakeso01,28,2TM,2,76,11,76,41,0,0,0,0,0,0,22,12,12,41,24,24
1959,140,Walt Dropo,/players/d/dropowa01.shtml,dropowa01,36,2TM,11,88,46,88,79,0,0,77,0,2,0,0,0,0,0,12,0
1959,141,Dick Drott,/players/d/drottdi01.shtml,drottdi01,22,CHC,3,8,6,8,8,8,0,0,0,0,0,0,0,0,0,0,0
1959,142,Don Drysdale,/players/d/drysddo01.shtml,drysddo01,22,LAD,4,46,36,46,44,44,0,0,0,0,0,0,0,0,0,3,0
1959,143,Bob Duliba,/players/d/dulibbo01.shtml,dulibbo01,24,STL,1st,11,0,11,11,11,0,0,0,0,0,0,0,0,0,0,0
1959,144,Ryne Duren,/players/d/durenry01.shtml,durenry01,30,NYY,4,41,0,41,41,41,0,0,0,0,0,0,0,0,0,0,0
1959,145,Joe Durham,/players/d/durhajo02.shtml,durhajo02,27,STL,3,6,1,6,1,0,0,0,0,0,0,0,1,0,1,2,3
1959,146,Don Eaddy,/players/e/eaddydo01.shtml,eaddydo01,25,CHC,1st,15,0,15,1,0,0,0,0,1,0,0,0,0,0,0,14
1959,147,John Easton,/players/e/eastojo01.shtml,eastojo01,26,PHI,2,3,0,3,0,0,0,0,0,0,0,0,0,0,0,3,0
1959,148,Don Elston,/players/e/elstodo01.shtml,elstodo01,30,CHC,4,65,0,65,65,65,0,0,0,0,0,0,0,0,0,0,0
1959,149,Del Ennis,/players/e/ennisde01.shtml,ennisde01,34,2TM,14,31,27,31,28,0,0,0,0,0,0,28,0,0,28,4,0
1959,150,Carl Erskine,/players/e/erskica01.shtml,erskica01,32,LAD,12,10,3,10,10,10,0,0,0,0,0,0,0,0,0,0,0
1959,151,Sammy Esposito,/players/e/espossa01.shtml,espossa01,27,CHW,6,69,9,69,60,0,0,0,2,45,14,0,0,0,0,7,22
1959,152,Chuck Essegian,/players/e/essegch01.shtml,essegch01,27,2TM,2,41,17,41,19,0,0,0,0,0,0,13,0,6,19,23,0
1959,153,Roy Face,/players/f/facero01.shtml,facero01,31,PIT,6,58,0,58,57,57,0,0,0,0,0,0,0,0,0,0,1
1959,154,Ron Fairly,/players/f/fairlro01.shtml,fairlro01,20,LAD,2,118,58,118,88,0,0,0,0,0,0,7,24,63,88,35,3
1959,155,Turk Farrell,/players/f/farretu01.shtml,farretu01,25,PHI,4,38,0,38,38,38,0,0,0,0,0,0,0,0,0,0,0
1959,156,Chico Fernandez,/players/f/fernach01.shtml,fernach01,27,PHI,4,45,34,45,42,0,0,0,2,0,40,0,0,0,0,0,5
1959,157,Don Ferrarese,/players/f/ferrado01.shtml,ferrado01,30,CLE,5,15,10,15,15,15,0,0,0,0,0,0,0,0,0,0,0
1959,158,Jim Finigan,/players/f/finigji01.shtml,finigji01,30,BAL,6,48,29,48,46,0,0,0,6,42,2,0,0,0,0,6,0
1959,159,Bill Fischer,/players/f/fischbi01.shtml,fischbi01,28,WSH,4,34,29,34,34,34,0,0,0,0,0,0,0,0,0,0,0
1959,160,Eddie Fisher,/players/f/fisheed02.shtml,fisheed02,22,SFG,1st,17,5,17,17,17,0,0,0,0,0,0,0,0,0,0,0
1959,161,Jack Fisher,/players/f/fisheja01.shtml,fisheja01,20,BAL,1st,27,7,27,27,27,0,0,0,0,0,0,0,0,0,0,0
1959,162,Ed Fitz Gerald,/players/f/fitzged01.shtml,fitzged01,35,2TM,12,68,53,68,61,0,61,0,0,0,0,0,0,0,0,7,0
1959,163,Curt Flood,/players/f/floodcu01.shtml,floodcu01,21,STL,4,121,49,121,106,0,0,0,1,0,0,2,103,1,106,12,25
1959,164,Hank Foiles,/players/f/foileha01.shtml,foileha01,30,PIT,6,53,24,53,51,0,51,0,0,0,0,0,0,0,0,1,2
1959,165,Whitey Ford,/players/f/fordwh01.shtml,fordwh01,30,NYY,8,35,29,35,35,35,0,0,0,0,0,0,0,0,0,0,0
1959,166,Mike Fornieles,/players/f/fornimi01.shtml,fornimi01,27,BOS,8,46,0,46,46,46,0,0,0,0,0,0,0,0,0,0,0
1959,167,Art Fowler,/players/f/fowlear01.shtml,fowlear01,36,LAD,5,36,0,36,36,36,0,0,0,0,0,0,0,0,0,0,0
1959,168,Nellie Fox,/players/f/foxne01.shtml,foxne01,31,CHW,13,156,156,156,156,0,0,0,156,0,0,0,0,0,0,0,0
1959,169,Paul Foytack,/players/f/foytapa01.shtml,foytapa01,28,DET,6,39,37,39,39,39,0,0,0,0,0,0,0,0,0,0,0
1959,170,Tito Francona,/players/f/francti01.shtml,francti01,25,CLE,4,122,95,122,96,0,0,35,0,0,0,4,61,0,64,27,0
1959,171,Mark Freeman,/players/f/freemma01.shtml,freemma01,28,2TM,1st,4,1,4,4,4,0,0,0,0,0,0,0,0,0,0,0
1959,172,Gene Freese,/players/f/freesge02.shtml,freesge02,25,PHI,5,132,106,132,114,0,0,0,6,109,0,0,0,0,0,23,2
1959,173,Bob Friend,/players/f/frienbo01.shtml,frienbo01,28,PIT,9,35,35,35,35,35,0,0,0,0,0,0,0,0,0,0,0
1959,174,Carl Furillo,/players/f/furilca01.shtml,furilca01,37,LAD,14,50,16,50,25,0,0,0,0,0,0,0,0,25,25,32,0
1959,175,John Gabler,/players/g/gablega02.shtml,gablega02,28,NYY,1st,3,1,3,3,3,0,0,0,0,0,0,0,0,0,0,0
1959,176,Mike Garcia,/players/g/garcimi01.shtml,garcimi01,35,CLE,12,29,8,29,29,29,0,0,0,0,0,0,0,0,0,0,0
1959,177,Billy Gardner,/players/g/gardnbi02.shtml,gardnbi02,31,BAL,6,140,129,140,140,0,0,0,139,1,1,0,0,0,0,0,1
1959,178,Ned Garver,/players/g/garvene01.shtml,garvene01,33,KCA,12,32,30,32,32,32,0,0,0,0,0,0,0,0,0,0,0
1959,179,Gary Geiger,/players/g/geigega01.shtml,geigega01,22,BOS,2,120,76,120,95,0,0,0,0,0,0,47,61,1,95,27,5
1959,180,Dick Gernert,/players/g/gernedi01.shtml,gernedi01,30,BOS,8,117,74,117,98,0,0,75,0,0,0,21,0,7,25,26,2
1959,181,Bob Gibson,/players/g/gibsobo01.shtml,gibsobo01,23,STL,1st,21,9,21,13,13,0,0,0,0,0,0,0,0,0,0,8
1959,182,Paul Giel,/players/g/gielpa01.shtml,gielpa01,26,PIT,4,4,0,4,4,4,0,0,0,0,0,0,0,0,0,0,0
1959,183,Bob Giggie,/players/g/giggibo01.shtml,giggibo01,25,MLN,1st,13,0,13,13,13,0,0,0,0,0,0,0,0,0,0,0
1959,184,Buddy Gilbert,/players/g/gilbebu01.shtml,gilbebu01,23,CIN,1st,7,6,7,6,0,0,0,0,0,0,0,0,6,6,1,0
1959,185,Don Gile,/players/g/giledo01.shtml,giledo01,24,BOS,1st,3,2,3,3,0,3,0,0,0,0,0,0,0,0,0,0
1959,186,Jim Gilliam,/players/g/gilliji01.shtml,gilliji01,30,LAD,7,145,137,145,139,0,0,0,8,131,0,3,0,1,4,7,0
1959,187,Joe Ginsberg,/players/g/ginsbjo01.shtml,ginsbjo01,32,BAL,10,65,40,65,62,0,62,0,0,0,0,0,0,0,0,5,0
1959,188,Ruben Gomez,/players/g/gomezru01.shtml,gomezru01,31,PHI,7,24,12,24,20,20,0,0,0,0,0,0,0,0,0,0,4
1959,189,Billy Goodman,/players/g/goodmbi01.shtml,goodmbi01,33,CHW,13,104,67,104,76,0,0,0,3,74,0,0,0,0,0,35,0
1959,190,Tom Gorman,/players/g/gormato02.shtml,gormato02,34,KCA,8,17,0,17,17,17,0,0,0,0,0,0,0,0,0,0,0
1959,191,Johnny Goryl,/players/g/goryljo01.shtml,goryljo01,25,CHC,3,25,9,25,15,0,0,0,11,4,0,0,0,0,0,10,1
1959,192,Alex Grammas,/players/g/grammal01.shtml,grammal01,33,STL,6,131,123,131,130,0,0,0,0,0,130,0,0,0,0,1,0
1959,193,Mudcat Grant,/players/g/grantmu01.shtml,grantmu01,23,CLE,2,42,19,42,38,38,0,0,0,0,0,0,0,0,0,0,4
1959,194,Dick Gray,/players/g/graydi01.shtml,graydi01,27,2TM,2,57,18,57,32,0,0,0,2,17,13,1,0,0,1,28,2
1959,195,Eli Grba,/players/g/grbael01.shtml,grbael01,24,NYY,1st,19,6,19,19,19,0,0,0,0,0,0,0,0,0,0,0
1959,196,Fred Green,/players/g/greenfr01.shtml,greenfr01,25,PIT,1st,17,1,17,17,17,0,0,0,0,0,0,0,0,0,0,0
1959,197,Gene Green,/players/g/greenge01.shtml,greenge01,26,STL,3,30,20,30,29,0,11,0,0,0,0,0,0,19,19,2,1
1959,198,Lenny Green,/players/g/greenle01.shtml,greenle01,26,2TM,3,115,43,115,81,0,0,0,0,0,0,41,14,32,81,38,5
1959,199,Pumpsie Green,/players/g/greenpu01.shtml,greenpu01,25,BOS,1st,50,43,50,46,0,0,0,45,0,1,0,0,0,0,4,1
1959,200,Hal Griggs,/players/g/griggha01.shtml,griggha01,30,WSH,4,37,10,37,37,37,0,0,0,0,0,0,0,0,0,0,0
1959,201,Bob Grim,/players/g/grimbo01.shtml,grimbo01,29,KCA,6,40,9,40,40,40,0,0,0,0,0,0,0,0,0,0,0
1959,202,Marv Grissom,/players/g/grissma01.shtml,grissma01,41,STL,10,3,0,3,3,3,0,0,0,0,0,0,0,0,0,0,0
1959,203,Dick Groat,/players/g/groatdi01.shtml,groatdi01,28,PIT,6,147,145,147,145,0,0,0,0,0,145,0,0,0,0,2,0
1959,204,Don Gross,/players/g/grossdo01.shtml,grossdo01,28,PIT,5,21,0,21,21,21,0,0,0,0,0,0,0,0,0,0,0
1959,205,Johnny Groth,/players/g/grothjo01.shtml,grothjo01,32,DET,14,55,21,55,41,0,0,0,0,0,0,11,18,13,41,17,3
1959,206,Al Grunwald,/players/g/grunwal01.shtml,grunwal01,29,KCA,2,8,1,8,6,6,0,0,0,0,0,0,0,0,0,2,0
1959,207,Harvey Haddix,/players/h/haddiha01.shtml,haddiha01,33,PIT,8,31,29,31,31,31,0,0,0,0,0,0,0,0,0,0,0
1959,208,Kent Hadley,/players/h/hadleke01.shtml,hadleke01,24,KCA,2,113,71,113,95,0,0,95,0,0,0,0,0,0,0,18,9
1959,209,Bob Hale,/players/h/halebo01.shtml,halebo01,25,BAL,5,40,5,40,8,0,0,8,0,0,0,0,0,0,0,32,0
1959,210,Dick Hall,/players/h/halldi01.shtml,halldi01,28,PIT,7,2,1,2,2,2,0,0,0,0,0,0,0,0,0,0,0
1959,211,Ken Hamlin,/players/h/hamlike01.shtml,hamlike01,24,PIT,2,3,2,3,2,0,0,0,0,0,2,0,0,0,0,0,1
1959,212,Granny Hamner,/players/h/hamnegr01.shtml,hamnegr01,32,2TM,16,48,27,48,34,0,0,0,7,6,25,0,0,0,0,18,0
1959,213,Harry Hanebrink,/players/h/hanebha01.shtml,hanebha01,31,PHI,4,57,12,57,24,0,0,0,15,9,0,0,0,1,1,43,1
1959,214,Ron Hansen,/players/h/hansero02.shtml,hansero02,21,BAL,2,2,2,2,2,0,0,0,0,0,2,0,0,0,0,0,0
1959,215,Carroll Hardy,/players/h/hardyca01.shtml,hardyca01,26,CLE,2,32,8,32,15,0,0,0,0,0,0,1,14,0,15,13,7
1959,216,Bill Harris,/players/h/harribi03.shtml,harribi03,27,LAD,2,1,0,1,1,1,0,0,0,0,0,0,0,0,0,0,0
1959,217,Gail Harris,/players/h/harriga01.shtml,harriga01,27,DET,5,114,83,114,93,0,0,93,0,0,0,0,0,0,0,23,0
1959,218,Jack Harshman,/players/h/harshja01.shtml,harshja01,31,3TM,9,45,16,45,35,35,0,0,0,0,0,0,0,0,0,14,0
1959,219,Bob Hartman,/players/h/hartmbo01.shtml,hartmbo01,21,MLN,1st,3,0,3,3,3,0,0,0,0,0,0,0,0,0,0,0
1959,220,Jim Hearn,/players/h/hearnji01.shtml,hearnji01,38,PHI,13,6,0,6,6,6,0,0,0,0,0,0,0,0,0,0,0
1959,221,Jim Hegan,/players/h/heganji01.shtml,heganji01,38,2TM,16,46,27,46,46,0,46,0,0,0,0,0,0,0,0,0,0
1959,222,Woodie Held,/players/h/heldwo01.shtml,heldwo01,27,CLE,4,143,139,143,143,0,0,0,3,40,103,0,6,0,6,1,0
1959,223,Solly Hemus,/players/h/hemusso01.shtml,hemusso01,36,STL,11,24,2,24,2,0,0,0,1,1,0,0,0,0,0,22,0
1959,224,Bobby Henrich,/players/h/henribo01.shtml,henribo01,20,CIN,3,14,0,14,6,0,0,0,0,1,5,0,0,0,0,1,9
1959,225,Bill Henry,/players/h/henrybi01.shtml,henrybi01,31,CHC,6,65,0,65,65,65,0,0,0,0,0,0,0,0,0,0,0
1959,226,Ray Herbert,/players/h/herbera01.shtml,herbera01,29,KCA,7,37,26,37,37,37,0,0,0,0,0,0,0,0,0,0,0
1959,227,Whitey Herzog,/players/h/herzowh01.shtml,herzowh01,27,KCA,4,38,33,38,35,0,0,1,0,0,0,2,12,20,34,4,1
1959,228,Joe Hicks,/players/h/hicksjo01.shtml,hicksjo01,26,CHW,1st,6,1,6,4,0,0,0,0,0,0,1,2,1,4,2,1
1959,229,Dave Hillman,/players/h/hillmda01.shtml,hillmda01,31,CHC,5,42,24,42,39,39,0,0,0,0,0,0,0,0,0,0,3
1959,230,Don Hoak,/players/h/hoakdo01.shtml,hoakdo01,31,PIT,6,155,155,155,155,0,0,0,0,155,0,0,0,0,0,0,0
1959,231,Glen Hobbie,/players/h/hobbigl01.shtml,hobbigl01,23,CHC,3,46,33,46,46,46,0,0,0,0,0,0,0,0,0,0,0
1959,232,Gil Hodges,/players/h/hodgegi01.shtml,hodgegi01,35,LAD,14,124,110,124,115,0,0,112,0,4,0,0,0,0,0,11,0
1959,233,Billy Hoeft,/players/h/hoeftbi01.shtml,hoeftbi01,27,3TM,8,26,8,26,23,23,0,0,0,0,0,0,0,0,0,0,3
1959,234,Jay Hook,/players/h/hookja01.shtml,hookja01,22,CIN,3,19,15,19,17,17,0,0,0,0,0,0,0,0,0,0,2
1959,235,Frank House,/players/h/housefr03.shtml,housefr03,29,KCA,8,98,92,98,95,0,95,0,0,0,0,0,0,0,0,4,0
1959,236,Elston Howard,/players/h/howarel01.shtml,howarel01,30,NYY,5,125,112,125,115,0,44,50,0,0,0,18,0,10,28,13,0
1959,237,Frank Howard,/players/h/howarfr01.shtml,howarfr01,22,LAD,2,9,5,9,6,0,0,0,0,0,0,4,0,2,6,4,0
1959,238,Tom Hughes,/players/h/hugheto05.shtml,hugheto05,24,STL,1st,2,2,2,2,2,0,0,0,0,0,0,0,0,0,0,0
1959,239,Ken Hunt,/players/h/huntke01.shtml,huntke01,24,NYY,1st,6,2,6,5,0,0,0,0,0,0,0,0,5,5,1,0
1959,240,Dick Hyde,/players/h/hydedi01.shtml,hydedi01,30,WSH,4,37,0,37,37,37,0,0,0,0,0,0,0,0,0,0,0
1959,241,Ray Jablonski,/players/j/jablora01.shtml,jablora01,32,2TM,7,85,24,85,36,0,0,0,0,36,1,0,0,0,0,57,0
1959,242,Al Jackson,/players/j/jacksal01.shtml,jacksal01,23,PIT,1st,8,3,8,8,8,0,0,0,0,0,0,0,0,0,0,0
1959,243,Larry Jackson,/players/j/jacksla01.shtml,jacksla01,28,STL,5,54,37,54,40,40,0,0,0,0,0,0,0,0,0,0,14
1959,244,Lou Jackson,/players/j/jackslo01.shtml,jackslo01,23,CHC,2,6,0,6,0,0,0,0,0,0,0,0,0,0,0,4,2
1959,245,Randy Jackson,/players/j/jacksra01.shtml,jacksra01,33,2TM,10,44,21,44,25,0,0,0,0,24,0,1,0,0,1,20,0
1959,246,Ron Jackson,/players/j/jacksro01.shtml,jacksro01,25,CHW,6,10,3,10,5,0,0,5,0,0,0,0,0,0,0,5,0
1959,247,Joey Jay,/players/j/jayjo01.shtml,jayjo01,23,MLN,6,34,19,34,34,34,0,0,0,0,0,0,0,0,0,0,0
1959,248,Hal Jeffcoat,/players/j/jeffcha01.shtml,jeffcha01,34,2TM,12,29,0,29,28,28,0,0,0,0,0,0,0,0,0,0,1
1959,249,Jackie Jensen,/players/j/jenseja01.shtml,jenseja01,32,BOS,10,148,146,148,146,0,0,0,0,0,0,0,7,142,146,2,0
1959,250,Ben Johnson,/players/j/johnsbe01.shtml,johnsbe01,28,CHC,1st,4,2,4,4,4,0,0,0,0,0,0,0,0,0,0,0
1959,251,Ernie Johnson,/players/j/johnser02.shtml,johnser02,35,BAL,9,31,1,31,31,31,0,0,0,0,0,0,0,0,0,0,0
1959,252,Ken Johnson,/players/j/johnske02.shtml,johnske02,26,KCA,2,2,2,2,2,2,0,0,0,0,0,0,0,0,0,0,0
1959,253,Gordon Jones,/players/j/jonesgo01.shtml,jonesgo01,29,SFG,6,31,0,31,31,31,0,0,0,0,0,0,0,0,0,0,0
1959,254,Sam Jones,/players/j/jonessa02.shtml,jonessa02,33,SFG,7,50,35,50,50,50,0,0,0,0,0,0,0,0,0,0,0
1959,255,Willie Jones,/players/j/joneswi01.shtml,joneswi01,33,3TM,13,130,114,130,118,0,0,0,0,118,0,0,0,0,0,12,0
1959,256,Jim Kaat,/players/k/kaatji01.shtml,kaatji01,20,WSH,1st,3,2,3,3,3,0,0,0,0,0,0,0,0,0,0,0
1959,257,Al Kaline,/players/k/kalinal01.shtml,kalinal01,24,DET,7,136,136,136,136,0,0,0,0,0,0,0,122,15,136,0,0
1959,258,Eddie Kasko,/players/k/kaskoed01.shtml,kaskoed01,28,CIN,3,118,90,118,114,0,0,0,2,31,84,0,0,0,0,2,9
1959,259,Ray Katt,/players/k/kattra01.shtml,kattra01,32,STL,8,15,5,15,14,0,14,0,0,0,0,0,0,0,0,1,0
1959,260,Ed Keegan,/players/k/keegaed01.shtml,keegaed01,19,PHI,1st,3,3,3,3,3,0,0,0,0,0,0,0,0,0,0,0
1959,261,Alex Kellner,/players/k/kellnal01.shtml,kellnal01,34,STL,12,12,4,12,12,12,0,0,0,0,0,0,0,0,0,0,0
1959,262,Russ Kemmerer,/players/k/kemmeru01.shtml,kemmeru01,28,WSH,5,37,28,37,37,37,0,0,0,0,0,0,0,0,0,0,0
1959,263,Marty Keough,/players/k/keougma01.shtml,keougma01,25,BOS,4,96,54,96,72,0,0,3,0,0,0,0,69,0,69,30,5
1959,264,Leo Kiely,/players/k/kielyle01.shtml,kielyle01,29,BOS,6,41,0,41,41,41,0,0,0,0,0,0,0,0,0,0,0
1959,265,Harmon Killebrew,/players/k/killeha01.shtml,killeha01,23,WSH,6,153,153,153,153,0,0,0,0,150,0,4,0,0,4,0,0
1959,266,Evans Killeen,/players/k/killeev01.shtml,killeev01,23,KCA,1st,4,0,4,4,4,0,0,0,0,0,0,0,0,0,0,0
1959,267,Chick King,/players/k/kingch01.shtml,kingch01,28,2TM,5,12,1,12,5,0,0,0,0,0,0,1,4,0,5,0,7
1959,268,Fred Kipp,/players/k/kippfr01.shtml,kippfr01,27,LAD,3,2,0,2,2,2,0,0,0,0,0,0,0,0,0,0,0
1959,269,Willie Kirkland,/players/k/kirklwi01.shtml,kirklwi01,25,SFG,2,126,114,126,117,0,0,0,0,0,0,14,0,108,117,11,0
1959,270,Billy Klaus,/players/k/klausbi01.shtml,klausbi01,30,BAL,7,104,86,104,101,0,0,0,1,49,59,0,0,0,0,7,1
1959,271,Lou Klimchock,/players/k/klimclo01.shtml,klimclo01,19,KCA,2,17,16,17,16,0,0,0,16,0,0,0,0,0,0,1,0
1959,272,Ron Kline,/players/k/klinero01.shtml,klinero01,27,PIT,6,38,29,38,33,33,0,0,0,0,0,0,0,0,0,0,5
1959,273,Johnny Klippstein,/players/k/klippjo01.shtml,klippjo01,31,LAD,10,28,0,28,28,28,0,0,0,0,0,0,0,0,0,0,0
1959,274,Ted Kluszewski,/players/k/kluszte01.shtml,kluszte01,34,2TM,13,91,49,91,49,0,0,49,0,0,0,0,0,0,0,42,0
1959,275,Joe Koppe,/players/k/koppejo01.shtml,koppejo01,28,PHI,2,126,109,126,120,0,0,0,11,0,113,0,0,0,0,1,9
1959,276,Steve Korcheck,/players/k/korchst01.shtml,korchst01,26,WSH,4,22,16,22,22,0,22,0,0,0,0,0,0,0,0,0,1
1959,277,Sandy Koufax,/players/k/koufasa01.shtml,koufasa01,23,LAD,5,35,23,35,35,35,0,0,0,0,0,0,0,0,0,0,0
1959,278,Jack Kralick,/players/k/kralija01.shtml,kralija01,24,WSH,1st,6,0,6,6,6,0,0,0,0,0,0,0,0,0,0,0
1959,279,Danny Kravitz,/players/k/kravida01.shtml,kravida01,28,PIT,4,52,36,52,45,0,45,0,0,0,0,0,0,0,0,8,1
1959,280,Tony Kubek,/players/k/kubekto01.shtml,kubekto01,23,NYY,3,132,126,132,130,0,0,0,1,17,67,24,15,26,54,5,1
1959,281,Johnny Kucks,/players/k/kucksjo01.shtml,kucksjo01,26,2TM,5,42,24,42,42,42,0,0,0,0,0,0,0,0,0,0,0
1959,282,Harvey Kuenn,/players/k/kuennha01.shtml,kuennha01,28,DET,8,139,137,139,137,0,0,0,0,0,0,0,24,115,137,2,0
1959,283,Marty Kutyna,/players/k/kutynma01.shtml,kutynma01,26,KCA,1st,4,0,4,4,4,0,0,0,0,0,0,0,0,0,0,0
1959,284,Clem Labine,/players/l/labincl01.shtml,labincl01,32,LAD,10,56,0,56,56,56,0,0,0,0,0,0,0,0,0,0,0
1959,285,Jim Landis,/players/l/landiji01.shtml,landiji01,25,CHW,3,149,145,149,148,0,0,0,0,0,0,0,148,0,148,0,1
1959,286,Hobie Landrith,/players/l/landrho01.shtml,landrho01,29,SFG,10,109,88,109,109,0,109,0,0,0,0,0,0,0,0,3,0
1959,287,Norm Larker,/players/l/larkeno01.shtml,larkeno01,28,LAD,2,108,80,108,82,0,0,55,0,0,0,23,0,7,30,26,0
1959,288,Don Larsen,/players/l/larsedo01.shtml,larsedo01,29,NYY,7,29,18,29,25,25,0,0,0,0,0,0,0,0,0,4,0
1959,289,Frank Lary,/players/l/laryfr01.shtml,laryfr01,29,DET,6,32,32,32,32,32,0,0,0,0,0,0,0,0,0,0,0
1959,290,Barry Latman,/players/l/latmaba01.shtml,latmaba01,23,CHW,3,37,21,37,37,37,0,0,0,0,0,0,0,0,0,0,0
1959,291,Charlie Lau,/players/l/lauch01.shtml,lauch01,26,DET,3,2,1,2,2,0,2,0,0,0,0,0,0,0,0,1,0
1959,292,Vern Law,/players/l/lawve01.shtml,lawve01,29,PIT,8,38,33,38,34,34,0,0,0,0,0,0,0,0,0,1,3
1959,293,Brooks Lawrence,/players/l/lawrebr01.shtml,lawrebr01,34,CIN,6,43,14,43,43,43,0,0,0,0,0,0,0,0,0,0,0
1959,294,Gene Leek,/players/l/leekge01.shtml,leekge01,22,CLE,1st,13,9,13,13,0,0,0,0,13,1,0,0,0,0,0,0
1959,295,Jim Lemon,/players/l/lemonji01.shtml,lemonji01,31,WSH,8,147,140,147,142,0,0,0,0,0,0,117,0,25,142,6,0
1959,296,Ted Lepcio,/players/l/lepcite01.shtml,lepcite01,29,2TM,8,79,53,79,68,0,0,0,25,11,35,0,0,0,0,18,1
1959,297,Bob Lillis,/players/l/lillibo01.shtml,lillibo01,29,LAD,2,30,16,30,20,0,0,0,0,0,20,0,0,0,0,1,12
1959,298,Bobby Locke,/players/l/lockebo01.shtml,lockebo01,25,CLE,1st,24,7,24,24,24,0,0,0,0,0,0,0,0,0,2,0
1959,299,Whitey Lockman,/players/l/lockmwh01.shtml,lockmwh01,32,2TM,14,90,25,90,54,0,0,42,12,0,0,0,1,1,2,38,2
1959,300,Billy Loes,/players/l/loesbi01.shtml,loesbi01,29,BAL,9,37,0,37,37,37,0,0,0,0,0,0,0,0,0,0,0
1959,301,Johnny Logan,/players/l/loganjo01.shtml,loganjo01,33,MLN,9,138,137,138,138,0,0,0,0,0,138,0,0,0,0,0,0
1959,302,Sherm Lollar,/players/l/lollash01.shtml,lollash01,34,CHW,14,140,129,140,135,0,122,24,0,0,0,0,0,0,0,6,0
1959,303,Dale Long,/players/l/longda02.shtml,longda02,33,CHC,6,110,72,110,85,0,0,85,0,0,0,0,0,0,0,28,0
1959,304,Joe Lonnett,/players/l/lonnejo01.shtml,lonnejo01,32,PHI,4,43,33,43,43,0,43,0,0,0,0,0,0,0,0,0,1
1959,305,Stan Lopata,/players/l/lopatst01.shtml,lopatst01,33,MLN,12,25,9,25,13,0,10,3,0,0,0,0,0,0,0,14,0
1959,306,Hector Lopez,/players/l/lopezhe01.shtml,lopezhe01,29,2TM,5,147,141,147,144,0,0,0,33,76,0,35,0,0,35,6,0
1959,307,Turk Lown,/players/l/lowntu01.shtml,lowntu01,35,CHW,8,60,0,60,60,60,0,0,0,0,0,0,0,0,0,0,0
1959,308,Ralph Lumenti,/players/l/lumenra01.shtml,lumenra01,22,WSH,3,2,0,2,2,2,0,0,0,0,0,0,0,0,0,0,0
1959,309,Jerry Lumpe,/players/l/lumpeje01.shtml,lumpeje01,26,2TM,4,126,116,126,123,0,0,0,62,16,60,0,0,0,0,6,1
1959,310,Jerry Lynch,/players/l/lynchje01.shtml,lynchje01,28,CIN,6,117,94,117,98,0,0,0,0,0,0,98,0,0,98,23,0
1959,311,Duke Maas,/players/m/maasdu01.shtml,maasdu01,30,NYY,5,38,21,38,38,38,0,0,0,0,0,0,0,0,0,0,0
1959,312,Bob Mabe,/players/m/mabebo01.shtml,mabebo01,29,CIN,2,18,1,18,18,18,0,0,0,0,0,0,0,0,0,0,0
1959,313,Jim Mahoney,/players/m/mahonji01.shtml,mahonji01,25,BOS,1st,31,6,31,30,0,0,0,0,0,30,0,0,0,0,0,11
1959,314,Bobby Malkmus,/players/m/malkmbo01.shtml,malkmbo01,27,WSH,3,6,0,6,0,0,0,0,0,0,0,0,0,0,0,0,6
1959,315,Jerry Mallett,/players/m/malleje01.shtml,malleje01,23,BOS,1st,4,4,4,4,0,0,0,0,0,0,0,4,0,4,0,0
1959,316,Frank Malzone,/players/m/malzofr01.shtml,malzofr01,29,BOS,5,154,154,154,154,0,0,0,0,154,0,0,0,0,0,0,0
1959,317,Felix Mantilla,/players/m/mantife01.shtml,mantife01,24,MLN,4,103,71,103,94,0,0,0,58,9,25,1,6,0,7,6,15
1959,318,Mickey Mantle,/players/m/mantlmi01.shtml,mantlmi01,27,NYY,9,144,143,144,143,0,0,0,0,0,0,0,143,0,143,1,0
1959,319,Roger Maris,/players/m/marisro01.shtml,marisro01,24,KCA,3,122,110,122,117,0,0,0,0,0,0,0,5,114,117,8,0
1959,320,Jim Marshall,/players/m/marshji01.shtml,marshji01,28,CHC,2,108,66,108,79,0,0,72,0,0,0,7,0,2,8,37,1
1959,321,Billy Martin,/players/m/martibi02.shtml,martibi02,31,CLE,9,73,66,73,71,0,0,0,67,4,0,0,0,0,0,0,2
1959,322,J.C. Martin,/players/m/martij.01.shtml,martij.01,22,CHW,1st,3,0,3,2,0,0,0,0,2,0,0,0,0,0,1,0
1959,323,Morrie Martin,/players/m/martimo01.shtml,martimo01,36,CHC,10,3,0,3,3,3,0,0,0,0,0,0,0,0,0,0,0
1959,324,Bob Martyn,/players/m/martybo01.shtml,martybo01,28,KCA,3,1,0,1,0,0,0,0,0,0,0,0,0,0,0,1,0
1959,325,Eddie Mathews,/players/m/matheed01.shtml,matheed01,27,MLN,8,148,148,148,148,0,0,0,0,148,0,0,0,0,0,0,0
1959,326,Charlie Maxwell,/players/m/maxwech01.shtml,maxwech01,32,DET,9,145,136,145,136,0,0,0,0,0,0,136,0,0,136,9,0
1959,327,Lee Maye,/players/m/mayele01.shtml,mayele01,24,MLN,1st,51,37,51,44,0,0,0,0,0,0,26,0,19,44,7,3
1959,328,Willie Mays,/players/m/mayswi01.shtml,mayswi01,28,SFG,8,151,143,151,147,0,0,0,0,0,0,0,147,0,147,7,0
1959,329,Bill Mazeroski,/players/m/mazerbi01.shtml,mazerbi01,22,PIT,4,135,129,135,133,0,0,0,133,0,0,0,0,0,0,2,0
1959,330,Jim McAnany,/players/m/mcanaji01.shtml,mcanaji01,22,CHW,2,67,60,67,67,0,0,0,0,0,0,4,2,63,67,0,0
1959,331,Tom McAvoy,/players/m/mcavoto01.shtml,mcavoto01,22,WSH,1st,1,0,1,1,1,0,0,0,0,0,0,0,0,0,0,0
1959,332,Ken McBride,/players/m/mcbrike01.shtml,mcbrike01,23,CHW,1st,11,2,11,11,11,0,0,0,0,0,0,0,0,0,0,0
1959,333,Roger McCardell,/players/m/mccarro01.shtml,mccarro01,26,SFG,1st,4,1,4,3,0,3,0,0,0,0,0,0,0,0,1,0
1959,334,Tim McCarver,/players/m/mccarti01.shtml,mccarti01,17,STL,1st,8,6,8,6,0,6,0,0,0,0,0,0,0,0,1,1
1959,335,Mike McCormick,/players/m/mccormi03.shtml,mccormi03,20,SFG,4,47,31,47,47,47,0,0,0,0,0,0,0,0,0,0,0
1959,336,Willie McCovey,/players/m/mccovwi01.shtml,mccovwi01,21,SFG,1st,52,49,52,51,0,0,51,0,0,0,0,0,0,0,2,0
1959,337,Lindy McDaniel,/players/m/mcdanli01.shtml,mcdanli01,23,STL,5,62,7,62,62,62,0,0,0,0,0,0,0,0,0,0,1
1959,338,Danny McDevitt,/players/m/mcdevda01.shtml,mcdevda01,26,LAD,3,39,22,39,39,39,0,0,0,0,0,0,0,0,0,0,1
1959,339,Gil McDougald,/players/m/mcdougi01.shtml,mcdougi01,31,NYY,9,127,116,127,126,0,0,0,54,25,52,0,0,0,0,2,2
1959,340,Cal McLish,/players/m/mclisca01.shtml,mclisca01,33,CLE,10,35,32,35,35,35,0,0,0,0,0,0,0,0,0,0,0
1959,341,Don McMahon,/players/m/mcmahdo02.shtml,mcmahdo02,29,MLN,3,60,0,60,60,60,0,0,0,0,0,0,0,0,0,0,0
1959,342,Roy McMillan,/players/m/mcmilro01.shtml,mcmilro01,29,CIN,9,79,72,79,73,0,0,0,0,0,73,0,0,0,0,0,6
1959,343,Roman Mejias,/players/m/mejiaro01.shtml,mejiaro01,28,PIT,4,96,72,96,85,0,0,0,0,0,0,15,22,52,85,7,9
1959,344,Jack Meyer,/players/m/meyerja01.shtml,meyerja01,27,PHI,5,47,1,47,47,47,0,0,0,0,0,0,0,0,0,0,0
1959,345,Russ Meyer,/players/m/meyerru01.shtml,meyerru01,35,KCA,13,18,0,18,18,18,0,0,0,0,0,0,0,0,0,0,0
1959,346,Bob Miller,/players/m/millebo04.shtml,millebo04,20,STL,2,11,10,11,11,11,0,0,0,0,0,0,0,0,0,0,0
1959,347,Stu Miller,/players/m/millest01.shtml,millest01,31,SFG,7,59,9,59,59,59,0,0,0,0,0,0,0,0,0,0,0
1959,348,Minnie Minoso,/players/m/minosmi01.shtml,minosmi01,33,CLE,10,148,148,148,148,0,0,0,0,0,0,148,0,0,148,0,0
1959,349,Willy Miranda,/players/m/miranwi01.shtml,miranwi01,33,BAL,9,65,30,65,63,0,0,0,5,11,47,0,0,0,0,0,4
1959,350,Vinegar Bend Mizell,/players/m/mizelvi01.shtml,mizelvi01,28,STL,6,31,30,31,31,31,0,0,0,0,0,0,0,0,0,0,0
1959,351,Herb Moford,/players/m/moforhe01.shtml,moforhe01,30,BOS,3,4,2,4,4,4,0,0,0,0,0,0,0,0,0,0,0
1959,352,Bill Monbouquette,/players/m/monbobi01.shtml,monbobi01,22,BOS,2,35,17,35,34,34,0,0,0,0,0,0,0,0,0,0,1
1959,353,Zach Monroe,/players/m/monroza01.shtml,monroza01,27,NYY,2,3,0,3,3,3,0,0,0,0,0,0,0,0,0,0,0
1959,354,Wally Moon,/players/m/moonwa01.shtml,moonwa01,29,LAD,6,145,141,145,143,0,0,1,0,0,0,125,4,32,143,4,0
1959,355,Ray Moore,/players/m/moorera02.shtml,moorera02,33,CHW,7,29,8,29,29,29,0,0,0,0,0,0,0,0,0,0,0
1959,356,Billy Moran,/players/m/moranbi02.shtml,moranbi02,25,CLE,2,11,4,11,9,0,0,0,6,0,5,0,0,0,0,0,2
1959,357,Seth Morehead,/players/m/morehse01.shtml,morehse01,24,2TM,3,14,5,14,14,14,0,0,0,0,0,0,0,0,0,0,0
1959,358,Joe Morgan,/players/m/morgajo01.shtml,morgajo01,28,2TM,1st,33,6,33,9,0,0,0,7,2,0,0,0,0,0,26,0
1959,359,Tom Morgan,/players/m/morgato01.shtml,morgato01,29,DET,8,46,1,46,46,46,0,0,0,0,0,0,0,0,0,0,0
1959,360,Walt Moryn,/players/m/morynwa01.shtml,morynwa01,33,CHC,6,117,100,117,104,0,0,0,0,0,0,93,1,14,104,15,0
1959,361,Don Mossi,/players/m/mossido01.shtml,mossido01,30,DET,6,36,30,36,34,34,0,0,0,0,0,0,0,0,0,0,2
1959,362,Don Mueller,/players/m/muelldo01.shtml,muelldo01,32,CHW,12,4,0,4,0,0,0,0,0,0,0,0,0,0,0,4,0
1959,363,Billy Muffett,/players/m/muffebi01.shtml,muffebi01,28,SFG,3,5,0,5,5,5,0,0,0,0,0,0,0,0,0,0,0
1959,364,Stan Musial,/players/m/musiast01.shtml,musiast01,38,STL,18,115,90,115,92,0,0,90,0,0,0,3,0,0,3,25,0
1959,365,Hal Naragon,/players/n/naragha01.shtml,naragha01,30,2TM,7,85,54,85,64,0,64,0,0,0,0,0,0,0,0,25,0
1959,366,Ray Narleski,/players/n/narlera01.shtml,narlera01,30,DET,6,42,10,42,42,42,0,0,0,0,0,0,0,0,0,0,0
1959,367,Charlie Neal,/players/n/nealch01.shtml,nealch01,28,LAD,4,151,150,151,151,0,0,0,151,0,1,0,0,0,0,0,0
1959,368,Cal Neeman,/players/n/neemaca01.shtml,neemaca01,30,CHC,3,44,34,44,38,0,38,0,0,0,0,0,0,0,0,7,1
1959,369,Rocky Nelson,/players/n/nelsoro01.shtml,nelsoro01,34,PIT,7,98,35,98,57,0,0,56,0,0,0,1,0,1,2,41,0
1959,370,Don Newcombe,/players/n/newcodo01.shtml,newcodo01,33,CIN,9,61,29,61,30,30,0,0,0,0,0,0,0,0,0,31,0
1959,371,Bob Nieman,/players/n/niemabo01.shtml,niemabo01,32,BAL,9,118,94,118,97,0,0,0,0,0,0,97,0,0,97,23,1
1959,372,Russ Nixon,/players/n/nixonru01.shtml,nixonru01,24,CLE,3,82,68,82,74,0,74,0,0,0,0,0,0,0,0,11,0
1959,373,Irv Noren,/players/n/norenir01.shtml,norenir01,34,2TM,10,73,36,73,43,0,0,2,0,0,0,19,6,17,42,33,0
1959,374,Howie Nunn,/players/n/nunnho01.shtml,nunnho01,23,STL,1st,16,0,16,16,16,0,0,0,0,0,0,0,0,0,0,0
1959,375,Joe Nuxhall,/players/n/nuxhajo01.shtml,nuxhajo01,30,CIN,9,28,21,28,28,28,0,0,0,0,0,0,0,0,0,0,0
1959,376,Johnny O'Brien,/players/o/o'brijo03.shtml,o'brijo03,28,MLN,6,44,34,44,37,0,0,0,37,0,0,0,0,0,0,2,7
1959,377,Danny O'Connell,/players/o/o'conda02.shtml,o'conda02,30,SFG,8,34,18,34,34,0,0,0,9,25,0,0,0,0,0,0,1
1959,378,Billy O'Dell,/players/o/o'delbi01.shtml,o'delbi01,26,BAL,5,43,24,43,38,38,0,0,0,0,0,0,0,0,0,0,5
1959,379,Jim O'Rourke,/players/o/o'rouch01.shtml,o'rouch01,22,STL,1st,2,0,2,0,0,0,0,0,0,0,0,0,0,0,2,0
1959,380,Jim O'Toole,/players/o/o'tooji01.shtml,o'tooji01,22,CIN,2,29,19,29,28,28,0,0,0,0,0,0,0,0,0,0,1
1959,381,Gene Oliver,/players/o/olivege01.shtml,olivege01,24,STL,1st,68,42,68,55,0,8,5,0,0,0,42,0,3,42,18,1
1959,382,Bobo Osborne,/players/o/osborbo02.shtml,osborbo02,23,DET,3,86,41,86,57,0,0,56,0,0,0,0,0,1,1,29,7
1959,383,Claude Osteen,/players/o/osteecl01.shtml,osteecl01,19,CIN,2,2,0,2,2,2,0,0,0,0,0,0,0,0,0,0,0
1959,384,Jim Owens,/players/o/owensji01.shtml,owensji01,25,PHI,4,31,30,31,31,31,0,0,0,0,0,0,0,0,0,0,0
1959,385,Andy Pafko,/players/p/pafkoan01.shtml,pafkoan01,38,MLN,17,71,35,71,64,0,0,0,0,0,0,41,22,8,64,16,1
1959,386,Jose Pagan,/players/p/paganjo01.shtml,paganjo01,24,SFG,1st,31,8,31,25,0,0,0,3,18,5,0,0,0,0,4,9
1959,387,Milt Pappas,/players/p/pappami01.shtml,pappami01,20,BAL,3,33,27,33,33,33,0,0,0,0,0,0,0,0,0,0,0
1959,388,Camilo Pascual,/players/p/pascuca02.shtml,pascuca02,25,WSH,6,32,30,32,32,32,0,0,0,0,0,0,0,0,0,0,0
1959,389,Don Pavletich,/players/p/pavledo01.shtml,pavledo01,20,CIN,2,1,0,1,0,0,0,0,0,0,0,0,0,0,0,0,1
1959,390,Albie Pearson,/players/p/pearsal02.shtml,pearsal02,24,2TM,2,105,44,105,72,0,0,0,0,0,0,22,29,25,72,32,10
1959,391,Orlando Pena,/players/p/penaor01.shtml,penaor01,25,CIN,2,46,8,46,46,46,0,0,0,0,0,0,0,0,0,0,0
1959,392,Jim Pendleton,/players/p/pendlji01.shtml,pendlji01,35,CIN,7,65,23,65,41,0,0,0,0,16,3,24,0,0,24,21,7
1959,393,Jim Perry,/players/p/perryji01.shtml,perryji01,23,CLE,1st,44,13,44,44,44,0,0,0,0,0,0,0,0,0,0,0
1959,394,Gary Peters,/players/p/peterga01.shtml,peterga01,22,CHW,1st,2,0,2,2,2,0,0,0,0,0,0,0,0,0,0,0
1959,395,Hardy Peterson,/players/p/peterha01.shtml,peterha01,29,PIT,4,2,0,2,2,0,2,0,0,0,0,0,0,0,0,0,0
1959,396,Dave Philley,/players/p/phillda01.shtml,phillda01,39,PHI,15,99,56,99,58,0,0,23,0,0,0,0,0,35,35,42,0
1959,397,Bubba Phillips,/players/p/phillbu02.shtml,phillbu02,31,CHW,5,117,103,117,114,0,0,0,0,101,0,8,14,1,23,2,7
1959,398,Taylor Phillips,/players/p/phillta01.shtml,phillta01,26,2TM,4,39,5,39,39,39,0,0,0,0,0,0,0,0,0,0,0
1959,399,Billy Pierce,/players/p/piercbi02.shtml,piercbi02,32,CHW,13,34,33,34,34,34,0,0,0,0,0,0,0,0,0,0,0
1959,400,Jim Piersall,/players/p/piersji01.shtml,piersji01,29,CLE,9,100,77,100,91,0,0,0,0,1,0,0,91,0,91,7,7
1959,401,Joe Pignatano,/players/p/pignajo01.shtml,pignajo01,29,LAD,3,52,41,52,49,0,49,0,0,0,0,0,0,0,0,2,5
1959,402,Al Pilarcik,/players/p/pilaral01.shtml,pilaral01,28,BAL,4,130,60,130,106,0,0,0,0,0,0,3,8,102,106,29,9
1959,403,Vada Pinson,/players/p/pinsova01.shtml,pinsova01,20,CIN,2,154,154,154,154,0,0,0,0,0,0,0,154,0,154,0,0
1959,404,Jim Pisoni,/players/p/pisonji01.shtml,pisonji01,29,2TM,4,26,9,26,25,0,0,0,0,0,0,12,10,4,25,1,4
1959,405,Juan Pizarro,/players/p/pizarju01.shtml,pizarju01,22,MLN,3,29,14,29,29,29,0,0,0,0,0,0,0,0,0,0,0
1959,406,Herb Plews,/players/p/plewshe01.shtml,plewshe01,31,2TM,4,40,5,40,8,0,0,0,8,0,0,0,0,0,0,33,1
1959,407,Bud Podbielan,/players/p/podbibu01.shtml,podbibu01,35,CLE,9,6,0,6,6,6,0,0,0,0,0,0,0,0,0,0,0
1959,408,Johnny Podres,/players/p/podrejo01.shtml,podrejo01,26,LAD,6,34,29,34,34,34,0,0,0,0,0,0,0,0,0,0,0
1959,409,Jay Porter,/players/p/porteja01.shtml,porteja01,26,2TM,6,60,39,60,55,0,53,3,0,0,0,0,0,0,0,7,0
1959,410,Bob Porterfield,/players/p/portebo01.shtml,portebo01,35,2TM,12,40,0,40,40,40,0,0,0,0,0,0,0,0,0,0,0
1959,411,Arnie Portocarrero,/players/p/portoar01.shtml,portoar01,27,BAL,6,27,14,27,27,27,0,0,0,0,0,0,0,0,0,0,0
1959,412,Wally Post,/players/p/postwa01.shtml,postwa01,29,PHI,10,132,120,132,120,0,0,0,0,0,0,4,0,116,120,12,0
1959,413,Vic Power,/players/p/powervi01.shtml,powervi01,31,CLE,6,147,146,147,147,0,0,121,21,7,0,0,0,0,0,0,0
1959,414,John Powers,/players/p/powerjo01.shtml,powerjo01,29,CIN,5,43,2,43,5,0,0,0,0,0,0,4,0,1,5,39,0
1959,415,Jim Proctor,/players/p/proctji01.shtml,proctji01,23,DET,1st,2,1,2,2,2,0,0,0,0,0,0,0,0,0,0,0
1959,416,Bob Purkey,/players/p/purkebo01.shtml,purkebo01,29,CIN,6,38,33,38,38,38,0,0,0,0,0,0,0,0,0,0,0
1959,417,Pedro Ramos,/players/r/ramospe01.shtml,ramospe01,24,WSH,5,45,35,45,37,37,0,0,0,0,0,0,0,0,0,0,8
1959,418,Claude Raymond,/players/r/raymocl01.shtml,raymocl01,22,CHW,1st,3,0,3,3,3,0,0,0,0,0,0,0,0,0,0,0
1959,419,Howie Reed,/players/r/reedho01.shtml,reedho01,22,KCA,2,6,3,6,6,6,0,0,0,0,0,0,0,0,0,0,0
1959,420,Marshall Renfroe,/players/r/renfrma01.shtml,renfrma01,23,SFG,1st,1,1,1,1,1,0,0,0,0,0,0,0,0,0,0,0
1959,421,Bill Renna,/players/r/rennabi01.shtml,rennabi01,34,BOS,6,14,5,14,7,0,0,0,0,0,0,7,0,0,7,8,1
1959,422,Rip Repulski,/players/r/repulri01.shtml,repulri01,30,LAD,7,53,20,53,31,0,0,0,0,0,0,16,2,13,31,30,0
1959,423,Dusty Rhodes,/players/r/rhodedu01.shtml,rhodedu01,32,SFG,7,54,0,54,0,0,0,0,0,0,0,0,0,0,0,54,0
1959,424,Del Rice,/players/r/ricede01.shtml,ricede01,36,MLN,15,13,8,13,9,0,9,0,0,0,0,0,0,0,0,4,0
1959,425,Bobby Richardson,/players/r/richabo01.shtml,richabo01,23,NYY,5,134,120,134,132,0,0,0,109,12,14,0,0,0,0,0,3
1959,426,Dick Ricketts,/players/r/rickedi01.shtml,rickedi01,25,STL,1st,12,9,12,12,12,0,0,0,0,0,0,0,0,0,0,0
1959,427,Jim Rivera,/players/r/riverji01.shtml,riverji01,37,CHW,8,80,43,80,69,0,0,0,0,0,0,20,0,49,69,7,14
1959,428,Mel Roach,/players/r/roachme01.shtml,roachme01,26,MLN,5,19,7,19,13,0,0,0,8,1,0,4,0,0,4,6,0
1959,429,Robin Roberts,/players/r/roberro01.shtml,roberro01,32,PHI,12,35,35,35,35,35,0,0,0,0,0,0,0,0,0,0,0
1959,430,Brooks Robinson,/players/r/robinbr01.shtml,robinbr01,22,BAL,5,88,80,88,87,0,0,0,1,87,0,0,0,0,0,1,1
1959,431,Frank Robinson,/players/r/robinfr02.shtml,robinfr02,23,CIN,4,146,145,146,145,0,0,125,0,0,0,40,0,0,40,0,1
1959,432,Humberto Robinson,/players/r/robinhu01.shtml,robinhu01,29,2TM,4,36,4,36,36,36,0,0,0,0,0,0,0,0,0,0,0
1959,433,Andre Rodgers,/players/r/rodgean01.shtml,rodgean01,24,SFG,3,71,64,71,66,0,0,0,0,0,66,0,0,0,0,2,3
1959,434,Freddy Rodriguez,/players/r/rodrifr01.shtml,rodrifr01,35,PHI,2,1,0,1,1,1,0,0,0,0,0,0,0,0,0,0,0
1959,435,John Romano,/players/r/romanjo01.shtml,romanjo01,24,CHW,2,53,34,53,38,0,38,0,0,0,0,0,0,0,0,17,1
1959,436,John Romonosky,/players/r/romonjo01.shtml,romonjo01,29,WSH,3,20,2,20,12,12,0,0,0,0,0,0,0,0,0,0,8
1959,437,John Roseboro,/players/r/rosebjo01.shtml,rosebjo01,26,LAD,3,118,114,118,117,0,117,0,0,0,0,0,0,0,0,4,0
1959,438,Don Rudolph,/players/r/rudoldo01.shtml,rudoldo01,27,2TM,3,9,0,9,9,9,0,0,0,0,0,0,0,0,0,0,0
1959,439,Pete Runnels,/players/r/runnepe01.shtml,runnepe01,31,BOS,9,147,144,147,145,0,0,44,101,0,9,0,0,0,0,2,0
1959,440,Bob Rush,/players/r/rushbo01.shtml,rushbo01,33,MLN,12,31,9,31,31,31,0,0,0,0,0,0,0,0,0,0,0
1959,441,Ron Samford,/players/s/samforo01.shtml,samforo01,29,WSH,4,91,67,91,87,0,0,0,24,0,63,0,0,0,0,3,3
1959,442,Jack Sanford,/players/s/sanfoja02.shtml,sanfoja02,30,SFG,4,36,31,36,36,36,0,0,0,0,0,0,0,0,0,0,0
1959,443,Hank Sauer,/players/s/sauerha01.shtml,sauerha01,42,SFG,15,13,1,13,1,0,0,0,0,0,0,1,0,0,1,12,0
1959,444,Bob Saverine,/players/s/saverbo01.shtml,saverbo01,18,BAL,1st,1,0,1,0,0,0,0,0,0,0,0,0,0,0,0,1
1959,445,Carl Sawatski,/players/s/sawatca01.shtml,sawatca01,31,PHI,7,74,61,74,69,0,69,0,0,0,0,0,0,0,0,8,0
1959,446,Joe Schaffernoth,/players/s/schafjo01.shtml,schafjo01,21,CHC,1st,5,1,5,5,5,0,0,0,0,0,0,0,0,0,0,0
1959,447,Johnny Schaive,/players/s/schaijo01.shtml,schaijo01,25,WSH,2,16,16,16,16,0,0,0,16,0,0,0,0,0,0,0,0
1959,448,Bob Schmidt,/players/s/schmibo02.shtml,schmibo02,26,SFG,2,71,56,71,70,0,70,0,0,0,0,0,0,0,0,3,0
1959,449,Willard Schmidt,/players/s/schmiwi01.shtml,schmiwi01,31,CIN,7,36,4,36,36,36,0,0,0,0,0,0,0,0,0,0,0
1959,450,Red Schoendienst,/players/s/schoere01.shtml,schoere01,36,MLN,15,5,0,5,4,0,0,0,4,0,0,0,0,0,0,1,0
1959,451,Dick Schofield,/players/s/schofdi01.shtml,schofdi01,24,PIT,7,81,35,81,39,0,0,0,28,0,8,0,0,3,3,15,29
1959,452,Al Schroll,/players/s/schroal01.shtml,schroal01,27,2TM,2,17,5,17,17,17,0,0,0,0,0,0,0,0,0,0,0
1959,453,Art Schult,/players/s/schular01.shtml,schular01,31,CHC,4,42,31,42,34,0,0,23,0,0,0,12,0,6,15,11,0
1959,454,Barney Schultz,/players/s/schulba01.shtml,schulba01,32,DET,2,13,0,13,13,13,0,0,0,0,0,0,0,0,0,0,0
1959,455,Herb Score,/players/s/scorehe01.shtml,scorehe01,26,CLE,5,30,25,30,30,30,0,0,0,0,0,0,0,0,0,0,0
1959,456,Ray Semproch,/players/s/semprra01.shtml,semprra01,28,PHI,2,30,18,30,30,30,0,0,0,0,0,0,0,0,0,0,0
1959,457,Wally Shannon,/players/s/shannwa02.shtml,shannwa02,26,STL,1st,47,12,47,29,0,0,0,10,0,21,0,0,0,0,31,0
1959,458,Bobby Shantz,/players/s/shantbo01.shtml,shantbo01,33,NYY,11,40,4,40,33,33,0,0,0,0,0,0,0,0,0,0,7
1959,459,Bob Shaw,/players/s/shawbo01.shtml,shawbo01,26,CHW,3,47,26,47,47,47,0,0,0,0,0,0,0,0,0,0,0
1959,460,Larry Sherry,/players/s/sherrla01.shtml,sherrla01,23,LAD,2,23,9,23,23,23,0,0,0,0,0,0,0,0,0,0,0
1959,461,Norm Sherry,/players/s/sherrno01.shtml,sherrno01,27,LAD,1st,2,1,2,2,0,2,0,0,0,0,0,0,0,0,0,0
1959,462,Barry Shetrone,/players/s/shetrba01.shtml,shetrba01,20,BAL,1st,33,17,33,23,0,0,0,0,0,0,5,17,1,23,7,5
1959,463,Joe Shipley,/players/s/shipljo01.shtml,shipljo01,24,SFG,2,10,1,10,10,10,0,0,0,0,0,0,0,0,0,0,0
1959,464,Ron Shoop,/players/s/shoopro01.shtml,shoopro01,27,DET,1st,3,2,3,3,0,3,0,0,0,0,0,0,0,0,0,0
1959,465,Chris Short,/players/s/shortch02.shtml,shortch02,21,PHI,1st,3,2,3,3,3,0,0,0,0,0,0,0,0,0,0,0
1959,466,Norm Siebern,/players/s/siebeno01.shtml,siebeno01,25,NYY,3,120,94,120,95,0,0,2,0,0,0,82,5,9,93,25,0
1959,467,Roy Sievers,/players/s/sievero01.shtml,sievero01,32,WSH,11,115,105,115,105,0,0,93,0,0,0,13,0,0,13,10,0
1959,468,Curt Simmons,/players/s/simmocu01.shtml,simmocu01,30,PHI,12,8,0,8,7,7,0,0,0,0,0,0,0,0,0,0,1
1959,469,Harry Simpson,/players/s/simpsha01.shtml,simpsha01,33,3TM,8,55,18,55,20,0,0,5,0,0,0,1,0,14,15,36,0
1959,470,Elmer Singleton,/players/s/singlel01.shtml,singlel01,41,CHC,8,21,1,21,21,21,0,0,0,0,0,0,0,0,0,0,0
1959,471,Dave Sisler,/players/s/sisleda01.shtml,sisleda01,27,2TM,4,35,0,35,35,35,0,0,0,0,0,0,0,0,0,0,0
1959,472,Bob Skinner,/players/s/skinnbo01.shtml,skinnbo01,27,PIT,5,143,142,143,142,0,0,1,0,0,0,141,0,0,141,1,0
1959,473,Lou Skizas,/players/s/skizalo01.shtml,skizalo01,27,CHW,4,8,4,8,6,0,0,0,0,0,0,6,0,0,6,3,1
1959,474,Bill Skowron,/players/s/skowrbi01.shtml,skowrbi01,28,NYY,6,74,71,74,72,0,0,72,0,0,0,0,0,0,0,3,0
1959,475,Enos Slaughter,/players/s/slaugen01.shtml,slaugen01,43,2TM,19,85,18,85,31,0,0,0,0,0,0,14,0,18,31,58,1
1959,476,Al Smith,/players/s/smithal04.shtml,smithal04,31,CHW,7,130,126,130,128,0,0,0,0,1,0,84,3,45,128,1,3
1959,477,Bill Smith,/players/s/smithbi04.shtml,smithbi04,25,STL,2,6,0,6,6,6,0,0,0,0,0,0,0,0,0,0,0
1959,478,Bob Smith,/players/s/smithbo05.shtml,smithbo05,31,2TM,2,13,3,13,13,13,0,0,0,0,0,0,0,0,0,0,0
1959,479,Bob Smith,/players/s/smithbo03.shtml,smithbo03,28,2TM,4,29,0,29,29,29,0,0,0,0,0,0,0,0,0,0,0
1959,480,Bobby Smith,/players/s/smithbo04.shtml,smithbo04,25,STL,3,43,10,43,32,0,0,0,0,0,0,10,7,15,32,10,8
1959,481,Hal Smith,/players/s/smithha08.shtml,smithha08,28,KCA,5,108,78,108,97,0,22,0,0,77,0,0,0,0,0,14,0
1959,482,Hal Smith,/players/s/smithha09.shtml,smithha09,28,STL,4,142,128,142,141,0,141,0,0,0,0,0,0,0,0,1,0
1959,483,Duke Snider,/players/s/snidedu01.shtml,snidedu01,32,LAD,13,126,103,126,107,0,0,0,0,0,0,2,54,69,107,23,0
1959,484,Gene Snyder,/players/s/snydege02.shtml,snydege02,28,LAD,1st,11,2,11,11,11,0,0,0,0,0,0,0,0,0,0,0
1959,485,Russ Snyder,/players/s/snyderu01.shtml,snyderu01,25,KCA,1st,73,55,73,64,0,0,0,0,0,0,27,30,13,64,11,3
1959,486,Warren Spahn,/players/s/spahnwa01.shtml,spahnwa01,38,MLN,15,40,36,40,40,40,0,0,0,0,0,0,0,0,0,0,0
1959,487,Al Spangler,/players/s/spangal01.shtml,spangal01,25,MLN,1st,6,2,6,4,0,0,0,0,0,0,1,3,0,4,3,1
1959,488,Bob Speake,/players/s/speakbo01.shtml,speakbo01,28,SFG,4,15,0,15,0,0,0,0,0,0,0,0,0,0,0,13,2
1959,489,Daryl Spencer,/players/s/spencda01.shtml,spencda01,30,SFG,6,152,150,152,151,0,0,0,151,0,4,0,0,0,0,1,1
1959,490,Gerry Staley,/players/s/stalege01.shtml,stalege01,38,CHW,13,67,0,67,67,67,0,0,0,0,0,0,0,0,0,0,0
1959,491,Joe Stanka,/players/s/stankjo01.shtml,stankjo01,27,CHW,1st,2,0,2,2,2,0,0,0,0,0,0,0,0,0,0,0
1959,492,Gene Stephens,/players/s/stephge01.shtml,stephge01,26,BOS,7,92,65,92,85,0,0,0,0,0,0,61,17,8,85,10,7
1959,493,R C Stevens,/players/s/stever_01.shtml,stever_01,24,PIT,2,3,0,3,1,0,0,1,0,0,0,0,0,0,0,3,0
1959,494,Chuck Stobbs,/players/s/stobbch01.shtml,stobbch01,29,WSH,13,41,7,41,41,41,0,0,0,0,0,0,0,0,0,0,0
1959,495,Wes Stock,/players/s/stockwe01.shtml,stockwe01,25,BAL,1st,7,0,7,7,7,0,0,0,0,0,0,0,0,0,0,0
1959,496,Dean Stone,/players/s/stonede01.shtml,stonede01,28,STL,6,18,1,18,18,18,0,0,0,0,0,0,0,0,0,0,0
1959,497,George Strickland,/players/s/stricge01.shtml,stricge01,33,CLE,9,132,122,132,131,0,0,0,4,80,50,0,0,0,0,1,0
1959,498,Jake Striker,/players/s/strikja01.shtml,strikja01,25,CLE,1st,1,1,1,1,1,0,0,0,0,0,0,0,0,0,0,0
1959,499,Dick Stuart,/players/s/stuardi01.shtml,stuardi01,26,PIT,2,118,101,118,105,0,0,104,0,0,0,1,0,0,1,16,0
1959,500,Jim Stump,/players/s/stumpji01.shtml,stumpji01,27,DET,2,5,0,5,5,5,0,0,0,0,0,0,0,0,0,0,0
1959,501,Tom Sturdivant,/players/s/sturdto01.shtml,sturdto01,29,2TM,5,44,6,44,43,43,0,0,0,0,0,0,0,0,0,0,1
1959,502,Frank Sullivan,/players/s/sullifr01.shtml,sullifr01,29,BOS,7,30,26,30,30,30,0,0,0,0,0,0,0,0,0,0,0
1959,503,Haywood Sullivan,/players/s/sulliha02.shtml,sulliha02,28,BOS,3,4,0,4,2,0,2,0,0,0,0,0,0,0,0,2,0
1959,504,George Susce,/players/s/suscege02.shtml,suscege02,27,DET,5,9,0,9,9,9,0,0,0,0,0,0,0,0,0,0,0
1959,505,Chuck Tanner,/players/t/tannech01.shtml,tannech01,30,CLE,5,14,10,14,10,0,0,0,0,0,0,3,7,0,10,4,0
1959,506,Willie Tasby,/players/t/tasbywi01.shtml,tasbywi01,26,BAL,2,142,123,142,137,0,0,0,0,0,0,7,131,0,137,5,5
1959,507,Lee Tate,/players/t/tatele01.shtml,tatele01,27,STL,2,42,12,42,42,0,0,0,2,3,39,0,0,0,0,0,2
1959,508,Joe Taylor,/players/t/taylojo01.shtml,taylojo01,33,BAL,4,14,10,14,12,0,0,0,0,0,0,2,0,10,12,2,0
1959,509,Sammy Taylor,/players/t/taylosa02.shtml,taylosa02,26,CHC,2,110,96,110,109,0,109,0,0,0,0,0,0,0,0,10,0
1959,510,Tony Taylor,/players/t/tayloto02.shtml,tayloto02,23,CHC,2,150,149,150,150,0,0,0,149,0,2,0,0,0,0,0,0
1959,511,Johnny Temple,/players/t/templjo01.shtml,templjo01,31,CIN,8,149,149,149,149,0,0,0,149,0,0,0,0,0,0,0,0
1959,512,Ralph Terry,/players/t/terryra01.shtml,terryra01,23,2TM,4,33,23,33,33,33,0,0,0,0,0,0,0,0,0,0,0
1959,513,Wayne Terwilliger,/players/t/terwiwa01.shtml,terwiwa01,34,KCA,8,74,51,74,64,0,0,0,63,1,2,0,0,0,0,6,9
1959,514,Frank Thomas,/players/t/thomafr03.shtml,thomafr03,30,CIN,9,108,95,108,102,0,0,14,0,64,0,33,0,0,33,11,0
1959,515,Valmy Thomas,/players/t/thomava01.shtml,thomava01,33,PHI,3,66,43,66,66,0,65,0,0,1,0,0,0,0,0,0,2
1959,516,Bobby Thomson,/players/t/thomsbo01.shtml,thomsbo01,35,CHC,14,122,96,122,116,0,0,0,0,0,0,61,50,29,116,10,3
1959,517,Faye Throneberry,/players/t/thronfa01.shtml,thronfa01,28,WSH,6,117,83,117,86,0,0,0,0,0,0,16,1,71,86,31,0
1959,518,Marv Throneberry,/players/t/thronma01.shtml,thronma01,25,NYY,3,80,44,80,65,0,0,54,0,0,0,1,0,12,13,17,2
1959,519,Bob Thurman,/players/t/thurmbo01.shtml,thurmbo01,42,CIN,5,4,0,4,0,0,0,0,0,0,0,0,0,0,0,4,0
1959,520,Dick Tomanek,/players/t/tomandi01.shtml,tomandi01,28,KCA,5,16,0,16,16,16,0,0,0,0,0,0,0,0,0,0,0
1959,521,Earl Torgeson,/players/t/torgeea01.shtml,torgeea01,35,CHW,13,127,68,127,103,0,0,103,0,0,0,0,0,0,0,30,9
1959,522,Frank Torre,/players/t/torrefr01.shtml,torrefr01,27,MLN,4,115,63,115,87,0,0,87,0,0,0,0,0,0,0,33,0
1959,523,Gus Triandos,/players/t/triangu01.shtml,triangu01,28,BAL,7,126,115,126,125,0,124,1,0,0,0,0,0,0,0,4,0
1959,524,Bob Trowbridge,/players/t/trowbbo01.shtml,trowbbo01,29,MLN,4,16,0,16,16,16,0,0,0,0,0,0,0,0,0,0,0
1959,525,John Tsitouris,/players/t/tsitojo01.shtml,tsitojo01,23,KCA,3,24,10,24,24,24,0,0,0,0,0,0,0,0,0,0,0
1959,526,Bob Turley,/players/t/turlebo01.shtml,turlebo01,28,NYY,8,33,22,33,33,33,0,0,0,0,0,0,0,0,0,0,0
1959,527,Bill Tuttle,/players/t/tuttlbi01.shtml,tuttlbi01,29,KCA,7,126,111,126,121,0,0,0,0,0,0,0,121,0,121,4,3
1959,528,Jim Umbricht,/players/u/umbriji01.shtml,umbriji01,28,PIT,1st,1,1,1,1,1,0,0,0,0,0,0,0,0,0,0,0
1959,529,Jack Urban,/players/u/urbanja01.shtml,urbanja01,30,STL,3,8,0,8,8,8,0,0,0,0,0,0,0,0,0,0,0
1959,530,Jose Valdivielso,/players/v/valdijo01.shtml,valdijo01,25,WSH,3,24,4,24,21,0,0,0,0,0,21,0,0,0,0,1,3
1959,531,Fred Valentine,/players/v/valenfr01.shtml,valenfr01,24,BAL,1st,12,6,12,8,0,0,0,0,0,0,3,0,6,8,0,4
1959,532,Vito Valentinetti,/players/v/valenvi01.shtml,valenvi01,30,WSH,5,7,1,7,7,7,0,0,0,0,0,0,0,0,0,0,0
1959,533,Elmer Valo,/players/v/valoel01.shtml,valoel01,38,CLE,18,34,0,34,2,0,0,0,0,0,0,0,0,2,2,34,0
1959,534,Coot Veal,/players/v/vealco01.shtml,vealco01,26,DET,2,77,25,77,72,0,0,0,0,0,72,0,0,0,0,0,8
1959,535,Mickey Vernon,/players/v/vernomi01.shtml,vernomi01,41,MLN,19,74,7,74,13,0,0,10,0,0,0,2,0,2,4,65,0
1959,536,Zoilo Versalles,/players/v/versazo01.shtml,versazo01,19,WSH,1st,29,19,29,29,0,0,0,0,0,29,0,0,0,0,0,1
1959,537,Bill Virdon,/players/v/virdobi01.shtml,virdobi01,28,PIT,5,144,139,144,144,0,0,0,0,0,0,0,144,0,144,0,0
1959,538,Leon Wagner,/players/w/wagnele01.shtml,wagnele01,25,SFG,2,87,24,87,28,0,0,0,0,0,0,28,0,0,28,62,0
1959,539,Jerry Walker,/players/w/walkeje01.shtml,walkeje01,20,BAL,3,31,22,31,30,30,0,0,0,0,0,0,0,0,0,0,1
1959,540,Murray Wall,/players/w/wallmu01.shtml,wallmu01,32,2TM,4,27,0,27,27,27,0,0,0,0,0,0,0,0,0,0,0
1959,541,Lee Walls,/players/w/wallsle01.shtml,wallsle01,26,CHC,5,120,100,120,119,0,0,0,0,0,0,0,0,119,119,4,1
1959,542,Preston Ward,/players/w/wardpr01.shtml,wardpr01,31,KCA,9,58,21,58,23,0,0,22,0,0,0,1,0,0,1,37,0
1959,543,Ray Webster,/players/w/webstra01.shtml,webstra01,21,CLE,1st,40,15,40,28,0,0,0,24,4,0,0,0,0,0,8,10
1959,544,Vic Wertz,/players/w/wertzvi01.shtml,wertzvi01,34,BOS,13,94,56,94,64,0,0,64,0,0,0,0,0,0,0,36,1
1959,545,Pete Whisenant,/players/w/whisepe01.shtml,whisepe01,29,CIN,6,36,17,36,21,0,0,0,0,0,0,5,0,16,21,16,0
1959,546,Bill White,/players/w/whitebi03.shtml,whitebi03,25,STL,3,138,130,138,135,0,0,71,0,0,0,87,7,0,92,5,2
1959,547,Sammy White,/players/w/whitesa02.shtml,whitesa02,31,BOS,9,119,111,119,119,0,119,0,0,0,0,0,0,0,0,1,0
1959,548,Hoyt Wilhelm,/players/w/wilheho01.shtml,wilheho01,36,BAL,8,32,27,32,32,32,0,0,0,0,0,0,0,0,0,0,0
1959,549,Carl Willey,/players/w/willeca01.shtml,willeca01,28,MLN,2,26,15,26,26,26,0,0,0,0,0,0,0,0,0,0,0
1959,550,Billy Williams,/players/w/willibi01.shtml,willibi01,21,CHC,1st,18,7,18,10,0,0,0,0,0,0,10,0,0,10,7,1
1959,551,Dick Williams,/players/w/willidi02.shtml,willidi02,30,KCA,8,130,120,130,123,0,0,32,3,80,0,14,2,8,24,9,0
1959,552,Don Williams,/players/w/willido01.shtml,willido01,27,PIT,2,6,0,6,6,6,0,0,0,0,0,0,0,0,0,0,0
1959,553,Stan Williams,/players/w/willist02.shtml,willist02,22,LAD,2,35,15,35,35,35,0,0,0,0,0,0,0,0,0,0,0
1959,554,Ted Williams,/players/w/willite01.shtml,willite01,40,BOS,18,103,75,103,76,0,0,0,0,0,0,76,0,0,76,28,0
1959,555,Maury Wills,/players/w/willsma01.shtml,willsma01,26,LAD,1st,83,70,83,82,0,0,0,0,0,82,0,0,0,0,0,6
1959,556,Ted Wills,/players/w/willste01.shtml,willste01,25,BOS,1st,9,8,9,9,9,0,0,0,0,0,0,0,0,0,0,0
1959,557,Earl Wilson,/players/w/wilsoea01.shtml,wilsoea01,24,BOS,1st,9,4,9,9,9,0,0,0,0,0,0,0,0,0,0,0
1959,558,Red Wilson,/players/w/wilsore01.shtml,wilsore01,30,DET,9,67,60,67,64,0,64,0,0,0,0,0,0,0,0,3,1
1959,559,Gordie Windhorn,/players/w/windhgo01.shtml,windhgo01,25,NYY,1st,7,2,7,4,0,0,0,0,0,0,4,0,0,4,3,0
1959,560,Casey Wise,/players/w/wiseca01.shtml,wiseca01,26,MLN,3,22,18,22,22,0,0,0,20,0,5,0,0,0,0,1,2
1959,561,Red Witt,/players/w/wittge01.shtml,wittge01,27,PIT,3,15,11,15,15,15,0,0,0,0,0,0,0,0,0,0,0
1959,562,Hal Woodeshick,/players/w/woodeha01.shtml,woodeha01,26,WSH,3,32,3,32,31,31,0,0,0,0,0,0,0,0,0,0,1
1959,563,Gene Woodling,/players/w/woodlge01.shtml,woodlge01,36,BAL,14,140,118,140,124,0,0,0,0,0,0,72,0,70,124,21,0
1959,564,Al Worthington,/players/w/worthal01.shtml,worthal01,30,SFG,6,42,3,42,42,42,0,0,0,0,0,0,0,0,0,0,0
1959,565,Early Wynn,/players/w/wynnea01.shtml,wynnea01,39,CHW,19,37,37,37,37,37,0,0,0,0,0,0,0,0,0,0,0
1959,566,Eddie Yost,/players/y/yosted01.shtml,yosted01,32,DET,15,148,144,148,146,0,0,0,1,146,0,0,0,0,0,3,0
1959,567,Dom Zanni,/players/z/zannido01.shtml,zannido01,27,SFG,2,9,0,9,9,9,0,0,0,0,0,0,0,0,0,0,0
1959,568,Norm Zauchin,/players/z/zauchno01.shtml,zauchno01,29,WSH,6,19,19,19,19,0,0,19,0,0,0,0,0,0,0,0,0
1959,569,Gus Zernial,/players/z/zernigu01.shtml,zernigu01,36,DET,11,60,31,60,33,0,0,32,0,0,0,0,0,1,1,28,0
1959,570,Don Zimmer,/players/z/zimmedo01.shtml,zimmedo01,28,LAD,6,97,74,97,94,0,0,0,1,5,88,0,0,0,0,4,4
1959,571,George Zuverink,/players/z/zuverge01.shtml,zuverge01,34,BAL,8,6,0,6,6,6,0,0,0,0,0,0,0,0,0,0,0
