1946,1,Woody Abernathy,/players/a/abernwo01.shtml,abernwo01,31,NYG,1st,15,1,15,15,15,0,0,0,0,0,0,0,0,0,0,0
1946,2,Ace Adams,/players/a/adamsac01.shtml,adamsac01,36,NYG,6,3,0,3,3,3,0,0,0,0,0,0,0,0,0,0,0
1946,3,Bobby Adams,/players/a/adamsbo03.shtml,adamsbo03,24,CIN,1st,94,79,94,79,0,0,0,77,1,0,0,0,3,3,14,1
1946,4,Buster Adams,/players/a/adamsbu01.shtml,adamsbu01,31,STL,5,81,42,81,58,0,0,0,0,0,0,26,32,0,58,26,0
1946,5,Red Adams,/players/a/adamsre01.shtml,adamsre01,24,CHC,1st,8,0,8,8,8,0,0,0,0,0,0,0,0,0,0,0
1946,6,Ed Albosta,/players/a/albosed01.shtml,albosed01,27,PIT,2,17,6,17,17,17,0,0,0,0,0,0,0,0,0,0,0
1946,7,Alf Anderson,/players/a/anderal01.shtml,anderal01,32,PIT,3,2,0,2,0,0,0,0,0,0,0,0,0,0,0,2,0
1946,8,Ferrell Anderson,/players/a/anderfe01.shtml,anderfe01,28,BRO,1st,79,55,79,70,0,70,0,0,0,0,0,0,0,0,14,0
1946,9,Ernie Andres,/players/a/andreer01.shtml,andreer01,28,BOS,1st,15,13,15,15,0,0,0,0,15,0,0,0,0,0,0,0
1946,10,Nate Andrews,/players/a/andrena01.shtml,andrena01,32,2TM,8,10,9,10,10,10,0,0,0,0,0,0,0,0,0,0,0
1946,11,Luke Appling,/players/a/applilu01.shtml,applilu01,39,CHW,16,149,149,149,149,0,0,0,0,0,149,0,0,0,0,0,0
1946,12,George Archie,/players/a/archige01.shtml,archige01,32,SLB,3,4,3,4,3,0,0,3,0,0,0,0,0,0,0,0,1
1946,13,George Armstrong,/players/a/armstge01.shtml,armstge01,22,PHA,1st,8,0,8,4,0,4,0,0,0,0,0,0,0,0,5,0
1946,14,Morrie Arnovich,/players/a/arnovmo01.shtml,arnovmo01,35,NYG,7,1,1,1,1,0,0,0,0,0,0,1,0,0,1,0,0
1946,15,Joe Astroth,/players/a/astrojo01.shtml,astrojo01,23,PHA,2,4,2,4,4,0,4,0,0,0,0,0,0,0,0,0,0
1946,16,Jim Bagby,/players/b/bagbyji02.shtml,bagbyji02,29,BOS,9,21,11,21,21,21,0,0,0,0,0,0,0,0,0,0,0
1946,17,Ed Bahr,/players/b/bahred01.shtml,bahred01,26,PIT,1st,29,14,29,27,27,0,0,0,0,0,0,0,0,0,0,2
1946,18,Bill Baker,/players/b/bakerbi01.shtml,bakerbi01,35,PIT,5,53,26,53,43,0,42,1,0,0,0,0,0,0,0,12,0
1946,19,Floyd Baker,/players/b/bakerfl01.shtml,bakerfl01,29,CHW,4,9,6,9,6,0,0,0,0,6,0,0,0,0,0,3,0
1946,20,Rex Barney,/players/b/barnere02.shtml,barnere02,21,BRO,2,16,9,16,16,16,0,0,0,0,0,0,0,0,0,0,0
1946,21,Vic Barnhart,/players/b/barnhvi01.shtml,barnhvi01,23,PIT,3,2,0,2,0,0,0,0,0,0,0,0,0,0,0,1,1
1946,22,Frank Barrett,/players/b/barrefr01.shtml,barrefr01,32,BSN,4,23,0,23,23,23,0,0,0,0,0,0,0,0,0,0,0
1946,23,Johnny Barrett,/players/b/barrejo01.shtml,barrejo01,30,2TM,5,56,28,56,38,0,0,0,0,0,0,2,24,12,38,19,1
1946,24,Red Barrett,/players/b/barrere01.shtml,barrere01,31,STL,8,23,9,23,23,23,0,0,0,0,0,0,0,0,0,0,0
1946,25,Dick Bartell,/players/b/bartedi01.shtml,bartedi01,38,NYG,18,5,0,5,5,0,0,0,2,4,0,0,0,0,0,0,0
1946,26,Russ Bauers,/players/b/bauerru01.shtml,bauerru01,32,CHC,7,15,2,15,15,15,0,0,0,0,0,0,0,0,0,0,0
1946,27,Johnny Beazley,/players/b/beazljo01.shtml,beazljo01,28,STL,3,19,18,19,19,19,0,0,0,0,0,0,0,0,0,0,0
1946,28,Heinz Becker,/players/b/beckehe02.shtml,beckehe02,30,2TM,3,59,42,59,43,0,0,43,0,0,0,0,0,0,0,16,0
1946,29,Joe Beggs,/players/b/beggsjo01.shtml,beggsjo01,35,CIN,7,28,22,28,28,28,0,0,0,0,0,0,0,0,0,0,0
1946,30,Hank Behrman,/players/b/behrmha01.shtml,behrmha01,25,BRO,1st,47,11,47,47,47,0,0,0,0,0,0,0,0,0,0,0
1946,31,Vern Benson,/players/b/bensove01.shtml,bensove01,21,PHA,2,7,1,7,2,0,0,0,0,0,0,2,0,0,2,1,4
1946,32,Al Benton,/players/b/bentoal01.shtml,bentoal01,35,DET,9,28,15,28,28,28,0,0,0,0,0,0,0,0,0,0,0
1946,33,Johnny Berardino,/players/b/berarjo01.shtml,berarjo01,29,SLB,5,144,141,144,143,0,0,0,143,0,0,0,0,0,0,1,0
1946,34,Yogi Berra,/players/b/berrayo01.shtml,berrayo01,21,NYY,1st,7,6,7,6,0,6,0,0,0,0,0,0,0,0,1,0
1946,35,Joe Berry,/players/b/berryjo03.shtml,berryjo03,41,2TM,4,26,0,26,26,26,0,0,0,0,0,0,0,0,0,0,0
1946,36,Herman Besse,/players/b/bessehe01.shtml,bessehe01,34,PHA,5,7,3,7,7,7,0,0,0,0,0,0,0,0,0,0,0
1946,37,Bill Bevens,/players/b/bevenbi01.shtml,bevenbi01,29,NYY,3,31,31,31,31,31,0,0,0,0,0,0,0,0,0,0,0
1946,38,George Binks,/players/b/binksge01.shtml,binksge01,31,WSH,3,65,22,65,28,0,0,0,0,0,0,15,9,5,28,38,0
1946,39,Frank Biscan,/players/b/biscafr01.shtml,biscafr01,26,SLB,2,16,0,16,16,16,0,0,0,0,0,0,0,0,0,0,0
1946,40,Hi Bithorn,/players/b/bithohi01.shtml,bithohi01,30,CHC,3,26,7,26,26,26,0,0,0,0,0,0,0,0,0,0,0
1946,41,Don Black,/players/b/blackdo01.shtml,blackdo01,29,CLE,4,18,4,18,18,18,0,0,0,0,0,0,0,0,0,0,0
1946,42,Ewell Blackwell,/players/b/blackew01.shtml,blackew01,23,CIN,2,33,25,33,33,33,0,0,0,0,0,0,0,0,0,0,0
1946,43,Buddy Blattner,/players/b/blattbu01.shtml,blattbu01,26,NYG,2,126,111,126,115,0,0,1,114,0,0,0,0,0,0,5,7
1946,44,Cy Block,/players/b/blockcy01.shtml,blockcy01,27,CHC,3,6,4,6,4,0,0,0,0,4,0,0,0,0,0,2,0
1946,45,Jimmy Bloodworth,/players/b/bloodji01.shtml,bloodji01,28,DET,7,76,65,76,71,0,0,0,71,0,0,0,0,0,0,5,0
1946,46,Eddie Bockman,/players/b/bockmed01.shtml,bockmed01,25,NYY,1st,4,3,4,4,0,0,0,0,4,0,0,0,0,0,0,0
1946,47,Tiny Bonham,/players/b/bonhati01.shtml,bonhati01,32,NYY,7,18,14,18,18,18,0,0,0,0,0,0,0,0,0,0,0
1946,48,Hank Borowy,/players/b/borowha01.shtml,borowha01,30,CHC,5,33,28,33,32,32,0,0,0,0,0,0,0,0,0,0,1
1946,49,Lou Boudreau,/players/b/boudrlo01.shtml,boudrlo01,28,CLE,9,140,138,140,139,0,0,0,0,0,139,0,0,0,0,1,0
1946,50,George Bradley,/players/b/bradlge02.shtml,bradlge02,32,SLB,1st,4,3,4,3,0,0,0,0,0,0,0,3,0,3,0,1
1946,51,Bob Brady,/players/b/bradybo01.shtml,bradybo01,23,BSN,1st,3,1,3,1,0,1,0,0,0,0,0,0,0,0,2,0
1946,52,Ralph Branca,/players/b/brancra01.shtml,brancra01,20,BRO,3,24,10,24,24,24,0,0,0,0,0,0,0,0,0,0,0
1946,53,Al Brazle,/players/b/brazlal01.shtml,brazlal01,32,STL,2,37,15,37,37,37,0,0,0,0,0,0,0,0,0,0,0
1946,54,Harry Brecheen,/players/b/brechha01.shtml,brechha01,31,STL,5,37,30,37,36,36,0,0,0,0,0,0,0,0,0,0,1
1946,55,Jack Brewer,/players/b/breweja01.shtml,breweja01,28,NYG,3,1,0,1,1,1,0,0,0,0,0,0,0,0,0,0,0
1946,56,Charlie Brewster,/players/b/brewsch01.shtml,brewsch01,29,CLE,3,3,0,3,1,0,0,0,0,0,1,0,0,0,0,2,0
1946,57,Tommy Bridges,/players/b/bridgto01.shtml,bridgto01,39,DET,16,9,1,9,9,9,0,0,0,0,0,0,0,0,0,0,0
1946,58,Bobby Brown,/players/b/brownbo03.shtml,brownbo03,21,NYY,1st,7,7,7,7,0,0,0,0,2,5,0,0,0,0,0,0
1946,59,Jimmy Brown,/players/b/brownji03.shtml,brownji03,36,PIT,8,79,55,79,59,0,0,0,21,9,30,0,0,0,0,22,0
1946,60,Mace Brown,/players/b/brownma01.shtml,brownma01,37,BOS,10,18,0,18,18,18,0,0,0,0,0,0,0,0,0,0,0
1946,61,Norm Brown,/players/b/brownno01.shtml,brownno01,27,PHA,2,4,0,4,4,4,0,0,0,0,0,0,0,0,0,0,0
1946,62,Mike Budnick,/players/b/budnimi01.shtml,budnimi01,26,NYG,1st,35,7,35,35,35,0,0,0,0,0,0,0,0,0,0,0
1946,63,Bill Burich,/players/b/buricbi01.shtml,buricbi01,28,PHI,2,2,0,2,1,0,0,0,0,1,0,0,0,0,0,1,1
1946,64,Ken Burkhart,/players/b/burkhke01.shtml,burkhke01,29,STL,2,25,13,25,25,25,0,0,0,0,0,0,0,0,0,0,0
1946,65,George Burpo,/players/b/burpoge01.shtml,burpoge01,24,CIN,1st,2,0,2,2,2,0,0,0,0,0,0,0,0,0,0,0
1946,66,Bill Butland,/players/b/butlabi01.shtml,butlabi01,28,BOS,3,5,2,5,5,5,0,0,0,0,0,0,0,0,0,0,0
1946,67,Tommy Byrne,/players/b/byrneto01.shtml,byrneto01,26,NYY,2,14,1,14,4,4,0,0,0,0,0,0,0,0,0,7,4
1946,68,Earl Caldwell,/players/c/caldwea01.shtml,caldwea01,41,CHW,6,39,0,39,39,39,0,0,0,0,0,0,0,0,0,0,0
1946,69,Hank Camelli,/players/c/camelha01.shtml,camelha01,31,PIT,4,42,25,42,39,0,39,0,0,0,0,0,0,0,0,5,0
1946,70,Paul Campbell,/players/c/campbpa01.shtml,campbpa01,28,BOS,3,28,2,28,5,0,0,5,0,0,0,0,0,0,0,15,9
1946,71,Milo Candini,/players/c/candimi01.shtml,candimi01,28,WSH,3,9,0,9,9,9,0,0,0,0,0,0,0,0,0,0,0
1946,72,John Carden,/players/c/cardejo01.shtml,cardejo01,25,NYG,1st,1,0,1,1,1,0,0,0,0,0,0,0,0,0,0,0
1946,73,Tom Carey,/players/c/careyto02.shtml,careyto02,39,BOS,8,3,1,3,3,0,0,0,3,0,0,0,0,0,0,0,0
1946,74,Bob Carpenter,/players/c/carpebo01.shtml,carpebo01,28,NYG,4,12,6,12,12,12,0,0,0,0,0,0,0,0,0,0,0
1946,75,George Case,/players/c/casege01.shtml,casege01,30,CLE,10,118,114,118,118,0,0,0,0,0,0,118,0,0,118,2,0
1946,76,Hugh Casey,/players/c/caseyhu01.shtml,caseyhu01,32,BRO,6,46,1,46,46,46,0,0,0,0,0,0,0,0,0,0,0
1946,77,George Caster,/players/c/castege01.shtml,castege01,38,DET,12,26,0,26,26,26,0,0,0,0,0,0,0,0,0,0,0
1946,78,Jake Caulfield,/players/c/caulfja01.shtml,caulfja01,28,PHA,1st,44,26,44,32,0,0,0,0,1,31,0,0,0,0,4,9
1946,79,Phil Cavarretta,/players/c/cavarph01.shtml,cavarph01,29,CHC,13,139,136,139,136,0,0,51,0,0,0,7,13,67,86,3,0
1946,80,Pete Center,/players/c/centepe01.shtml,centepe01,34,CLE,4,21,0,21,21,21,0,0,0,0,0,0,0,0,0,0,0
1946,81,Spud Chandler,/players/c/chandsp01.shtml,chandsp01,38,NYY,10,34,32,34,34,34,0,0,0,0,0,0,0,0,0,0,0
1946,82,Ben Chapman,/players/c/chapmbe01.shtml,chapmbe01,37,PHI,15,1,0,1,1,1,0,0,0,0,0,0,0,0,0,0,0
1946,83,Sam Chapman,/players/c/chapmsa01.shtml,chapmsa01,30,PHA,6,146,145,146,145,0,0,0,0,0,0,84,65,0,145,1,0
1946,84,Bob Chipman,/players/c/chipmbo01.shtml,chipmbo01,27,CHC,6,34,10,34,34,34,0,0,0,0,0,0,0,0,0,0,0
1946,85,Mark Christman,/players/c/chrisma01.shtml,chrisma01,32,SLB,6,128,120,128,122,0,0,0,0,77,47,0,0,0,0,6,0
1946,86,Russ Christopher,/players/c/chrisru01.shtml,chrisru01,28,PHA,5,30,13,30,30,30,0,0,0,0,0,0,0,0,0,0,0
1946,87,Dain Clay,/players/c/clayda01.shtml,clayda01,26,CIN,4,121,110,121,120,0,0,0,0,0,0,13,110,0,120,4,2
1946,88,Bill Clemensen,/players/c/clemebi01.shtml,clemebi01,27,PIT,3,1,0,1,1,1,0,0,0,0,0,0,0,0,0,0,0
1946,89,Gil Coan,/players/c/coangi01.shtml,coangi01,24,WSH,1st,59,27,59,29,0,0,0,0,0,0,27,0,2,29,25,5
1946,90,Joe Coleman,/players/c/colemjo04.shtml,colemjo04,23,PHA,2,4,2,4,4,4,0,0,0,0,0,0,0,0,0,0,0
1946,91,Frank Colman,/players/c/colmafr01.shtml,colmafr01,28,2TM,5,31,15,31,15,0,0,2,0,0,0,4,0,9,13,16,0
1946,92,Jack Conway,/players/c/conwaja01.shtml,conwaja01,27,CLE,2,68,63,68,65,0,0,0,50,3,14,0,0,0,0,3,0
1946,93,Mort Cooper,/players/c/coopemo01.shtml,coopemo01,33,BSN,9,28,27,28,28,28,0,0,0,0,0,0,0,0,0,0,0
1946,94,Pat Cooper,/players/c/coopepa01.shtml,coopepa01,28,PHA,1st,1,0,1,1,1,0,0,0,0,0,0,0,0,0,0,0
1946,95,Walker Cooper,/players/c/coopewa01.shtml,coopewa01,31,NYG,7,87,67,87,74,0,74,0,0,0,0,0,0,0,0,15,0
1946,96,Claude Corbitt,/players/c/corbicl01.shtml,corbicl01,30,CIN,2,82,69,82,77,0,0,0,0,0,77,0,0,0,0,3,4
1946,97,John Corriden,/players/c/corrijo01.shtml,corrijo01,28,BRO,1st,1,0,1,0,0,0,0,0,0,0,0,0,0,0,0,1
1946,98,Pete Coscarart,/players/c/coscape01.shtml,coscape01,33,PIT,9,3,0,3,1,0,0,0,0,0,1,0,0,0,0,2,0
1946,99,Billy Cox,/players/c/coxbi02.shtml,coxbi02,26,PIT,2,121,110,121,114,0,0,0,0,0,114,0,0,0,0,5,4
1946,100,Doc Cramer,/players/c/cramedo01.shtml,cramedo01,40,DET,18,68,45,68,50,0,0,0,0,0,0,0,50,0,50,19,1
1946,101,Glenn Crawford,/players/c/crawfgl01.shtml,crawfgl01,32,PHI,2,1,0,1,0,0,0,0,0,0,0,0,0,0,0,1,0
1946,102,Frankie Crosetti,/players/c/crosefr01.shtml,crosefr01,35,NYY,15,28,16,28,24,0,0,0,0,0,24,0,0,0,0,3,2
1946,103,Jeff Cross,/players/c/crossje01.shtml,crossje01,27,STL,2,49,17,49,25,0,0,0,8,1,17,0,0,0,0,4,20
1946,104,Leon Culberson,/players/c/culbele01.shtml,culbele01,27,BOS,4,59,39,59,53,0,0,0,0,4,0,6,17,27,49,5,1
1946,105,Roy Cullenbine,/players/c/cullero01.shtml,cullero01,32,DET,9,113,93,113,98,0,0,21,0,0,0,12,0,69,81,17,0
1946,106,Dick Culler,/players/c/culledi01.shtml,culledi01,31,BSN,5,134,130,134,132,0,0,0,0,0,132,0,0,0,0,2,0
1946,107,Vern Curtis,/players/c/curtive01.shtml,curtive01,26,WSH,3,11,0,11,11,11,0,0,0,0,0,0,0,0,0,0,0
1946,108,Guy Curtright,/players/c/curtrgu01.shtml,curtrgu01,33,CHW,4,23,15,23,15,0,0,0,0,0,0,2,2,11,15,8,0
1946,109,Babe Dahlgren,/players/d/dahlgba01.shtml,dahlgba01,34,SLB,12,28,23,28,24,0,0,24,0,0,0,0,0,0,0,4,0
1946,110,Dom Dallessandro,/players/d/dalledo01.shtml,dalledo01,32,CHC,7,65,18,65,20,0,0,0,0,0,0,16,0,4,20,45,0
1946,111,Al Dark,/players/d/darkal01.shtml,darkal01,24,BSN,1st,15,0,15,13,0,0,0,0,0,12,1,0,0,1,1,3
1946,112,Frank Dasso,/players/d/dassofr01.shtml,dassofr01,28,CIN,2,2,0,2,2,2,0,0,0,0,0,0,0,0,0,0,0
1946,113,Curt Davis,/players/d/daviscu01.shtml,daviscu01,42,BRO,13,1,0,1,1,1,0,0,0,0,0,0,0,0,0,0,0
1946,114,Otis Davis,/players/d/davisot01.shtml,davisot01,25,BRO,1st,1,0,1,0,0,0,0,0,0,0,0,0,0,0,0,1
1946,115,Russ Derry,/players/d/derryru01.shtml,derryru01,29,PHA,3,69,42,69,50,0,0,0,0,0,0,45,2,5,50,19,2
1946,116,Gene Desautels,/players/d/desauge01.shtml,desauge01,39,PHA,13,52,39,52,52,0,52,0,0,0,0,0,0,0,0,1,0
1946,117,Ducky Detweiler,/players/d/detwedu01.shtml,detwedu01,27,BSN,2,1,0,1,0,0,0,0,0,0,0,0,0,0,0,1,0
1946,118,Mel Deutsch,/players/d/deutsme01.shtml,deutsme01,30,BOS,1st,3,0,3,3,3,0,0,0,0,0,0,0,0,0,0,0
1946,119,Bill Dickey,/players/d/dickebi01.shtml,dickebi01,39,NYY,17,54,38,54,39,0,39,0,0,0,0,0,0,0,0,15,0
1946,120,George Dickey,/players/d/dickege02.shtml,dickege02,30,CHW,5,37,20,37,29,0,29,0,0,0,0,0,0,0,0,9,0
1946,121,Murry Dickson,/players/d/dicksmu01.shtml,dicksmu01,29,STL,5,47,19,47,47,47,0,0,0,0,0,0,0,0,0,0,0
1946,122,Bill Dietrich,/players/d/dietrbi01.shtml,dietrbi01,36,CHW,14,11,9,11,11,11,0,0,0,0,0,0,0,0,0,0,0
1946,123,Bob Dillinger,/players/d/dillibo01.shtml,dillibo01,27,SLB,1st,83,51,83,55,0,0,0,0,54,1,0,0,0,0,19,9
1946,124,Dom DiMaggio,/players/d/dimagdo01.shtml,dimagdo01,29,BOS,4,142,141,142,142,0,0,0,0,0,0,0,142,0,142,0,0
1946,125,Joe DiMaggio,/players/d/dimagjo01.shtml,dimagjo01,31,NYY,8,132,130,132,131,0,0,0,0,0,0,3,128,0,131,2,0
1946,126,Vince DiMaggio,/players/d/dimagvi01.shtml,dimagvi01,33,2TM,10,21,10,21,19,0,0,0,0,0,0,0,19,0,19,2,1
1946,127,Vance Dinges,/players/d/dingeva01.shtml,dingeva01,31,PHI,2,50,22,50,27,0,0,26,0,0,0,1,0,0,1,25,1
1946,128,Joe Dobson,/players/d/dobsojo01.shtml,dobsojo01,29,BOS,6,32,24,32,32,32,0,0,0,0,0,0,0,0,0,0,0
1946,129,Bobby Doerr,/players/d/doerrbo01.shtml,doerrbo01,28,BOS,9,151,151,151,151,0,0,0,151,0,0,0,0,0,0,0,0
1946,130,Blix Donnelly,/players/d/donnebl01.shtml,donnebl01,32,2TM,3,25,8,25,25,25,0,0,0,0,0,0,0,0,0,0,0
1946,131,Clem Dreisewerd,/players/d/dreiscl01.shtml,dreiscl01,30,BOS,3,20,1,20,20,20,0,0,0,0,0,0,0,0,0,0,0
1946,132,Bill Drescher,/players/d/drescbi01.shtml,drescbi01,25,NYY,3,5,1,5,3,0,3,0,0,0,0,0,0,0,0,2,0
1946,133,Karl Drews,/players/d/drewska01.shtml,drewska01,26,NYY,1st,3,1,3,3,3,0,0,0,0,0,0,0,0,0,0,0
1946,134,Erv Dusak,/players/d/dusaker01.shtml,dusaker01,25,STL,3,100,68,100,89,0,0,0,2,11,0,74,4,0,77,15,1
1946,135,Jake Early,/players/e/earlyja01.shtml,earlyja01,31,WSH,6,64,56,64,64,0,64,0,0,0,0,0,0,0,0,0,0
1946,136,Bruce Edwards,/players/e/edwarbr01.shtml,edwarbr01,22,BRO,1st,92,87,92,91,0,91,0,0,0,0,0,0,0,0,1,0
1946,137,Hank Edwards,/players/e/edwarha01.shtml,edwarha01,27,CLE,4,124,118,124,123,0,0,0,0,0,0,0,2,121,123,5,0
1946,138,Bob Elliott,/players/e/elliobo01.shtml,elliobo01,29,PIT,8,140,130,140,134,0,0,0,0,43,0,0,0,92,92,8,0
1946,139,Red Embree,/players/e/embrere01.shtml,embrere01,28,CLE,5,28,26,28,28,28,0,0,0,0,0,0,0,0,0,0,0
1946,140,Slim Emmerich,/players/e/emmersl01.shtml,emmersl01,26,NYG,2,2,0,2,2,2,0,0,0,0,0,0,0,0,0,0,0
1946,141,Bill Endicott,/players/e/endicbi01.shtml,endicbi01,27,STL,1st,20,2,20,2,0,0,0,0,0,0,2,0,0,2,17,1
1946,142,Del Ennis,/players/e/ennisde01.shtml,ennisde01,21,PHI,1st,141,138,141,138,0,0,0,0,0,0,138,0,1,138,3,0
1946,143,Paul Erickson,/players/e/erickpa01.shtml,erickpa01,30,CHC,6,32,14,32,32,32,0,0,0,0,0,0,0,0,0,0,0
1946,144,Nick Etten,/players/e/ettenni01.shtml,ettenni01,32,NYY,8,108,83,108,84,0,0,84,0,0,0,0,0,0,0,24,0
1946,145,Al Evans,/players/e/evansal01.shtml,evansal01,29,WSH,7,88,76,88,81,0,81,0,0,0,0,0,0,0,0,8,1
1946,146,Hoot Evers,/players/e/eversho01.shtml,eversho01,25,DET,2,81,75,81,76,0,0,0,0,0,0,2,76,0,76,3,2
1946,147,Everett Fagan,/players/f/faganev01.shtml,faganev01,28,PHA,2,20,0,20,20,20,0,0,0,0,0,0,0,0,0,0,0
1946,148,Cliff Fannin,/players/f/fannicl01.shtml,fannicl01,22,SLB,2,27,7,27,27,27,0,0,0,0,0,0,0,0,0,0,0
1946,149,Harry Feldman,/players/f/feldmha01.shtml,feldmha01,26,NYG,6,3,2,3,3,3,0,0,0,0,0,0,0,0,0,0,0
1946,150,Bob Feller,/players/f/fellebo01.shtml,fellebo01,27,CLE,8,48,42,48,48,48,0,0,0,0,0,0,0,0,0,0,0
1946,151,Stan Ferens,/players/f/ferenst01.shtml,ferenst01,31,SLB,2,34,6,34,34,34,0,0,0,0,0,0,0,0,0,0,0
1946,152,Ed Fernandes,/players/f/fernaed01.shtml,fernaed01,28,CHW,2,14,9,14,12,0,12,0,0,0,0,0,0,0,0,2,0
1946,153,Nanny Fernandez,/players/f/fernana01.shtml,fernana01,27,BSN,2,115,97,115,108,0,0,0,0,81,18,15,0,0,15,11,0
1946,154,Tom Ferrick,/players/f/ferrito01.shtml,ferrito01,31,2TM,3,34,1,34,34,34,0,0,0,0,0,0,0,0,0,0,0
1946,155,Dave Ferriss,/players/f/ferrida01.shtml,ferrida01,24,BOS,2,45,35,45,40,40,0,0,0,0,0,0,0,0,0,5,0
1946,156,Lou Finney,/players/f/finnelo01.shtml,finnelo01,35,SLB,14,16,6,16,7,0,0,0,0,0,0,4,0,3,7,10,0
1946,157,Rube Fischer,/players/f/fischru01.shtml,fischru01,29,NYG,5,15,1,15,15,15,0,0,0,0,0,0,0,0,0,0,0
1946,158,Ray Flanigan,/players/f/flanira01.shtml,flanira01,23,CLE,1st,3,1,3,3,3,0,0,0,0,0,0,0,0,0,0,0
1946,159,Bill Fleming,/players/f/flemibi01.shtml,flemibi01,32,CHC,6,14,1,14,14,14,0,0,0,0,0,0,0,0,0,0,0
1946,160,Les Fleming,/players/f/flemile01.shtml,flemile01,30,CLE,5,99,77,99,81,0,0,80,0,0,0,0,0,1,1,18,0
1946,161,Elbie Fletcher,/players/f/fletcel01.shtml,fletcel01,30,PIT,10,148,147,148,147,0,0,147,0,0,0,0,0,0,0,1,0
1946,162,Jesse Flores,/players/f/floreje01.shtml,floreje01,31,PHA,5,29,15,29,29,29,0,0,0,0,0,0,0,0,0,0,0
1946,163,Dick Fowler,/players/f/fowledi01.shtml,fowledi01,25,PHA,4,32,28,32,32,32,0,0,0,0,0,0,0,0,0,0,0
1946,164,Howie Fox,/players/f/foxho01.shtml,foxho01,25,CIN,3,4,0,4,4,4,0,0,0,0,0,0,0,0,0,0,0
1946,165,Lonny Frey,/players/f/freylo01.shtml,freylo01,35,CIN,12,111,83,111,92,0,0,0,52,0,0,4,14,24,41,24,0
1946,166,Carl Furillo,/players/f/furilca01.shtml,furilca01,24,BRO,1st,117,91,117,112,0,0,0,0,0,0,6,102,4,112,14,0
1946,167,Ken Gables,/players/g/gableke01.shtml,gableke01,27,PIT,2,32,7,32,32,32,0,0,0,0,0,0,0,0,0,0,0
1946,168,Augie Galan,/players/g/galanau01.shtml,galanau01,34,BRO,13,99,72,99,88,0,0,13,0,20,0,61,1,1,62,21,2
1946,169,Denny Galehouse,/players/g/galehde01.shtml,galehde01,34,SLB,12,30,24,30,30,30,0,0,0,0,0,0,0,0,0,0,0
1946,170,Joe Garagiola,/players/g/garagjo01.shtml,garagjo01,20,STL,1st,74,57,74,70,0,70,0,0,0,0,0,0,0,0,9,0
1946,171,Cecil Garriott,/players/g/garrice01.shtml,garrice01,29,CHC,1st,6,0,6,0,0,0,0,0,0,0,0,0,0,0,6,0
1946,172,Ford Garrison,/players/g/garrifo01.shtml,garrifo01,30,PHA,4,9,8,9,8,0,0,0,0,0,0,8,0,0,8,1,0
1946,173,Charlie Gassaway,/players/g/gassach01.shtml,gassach01,27,CLE,3,13,6,13,13,13,0,0,0,0,0,0,0,0,0,0,0
1946,174,Johnny Gee,/players/g/geejo01.shtml,geejo01,30,NYG,6,13,6,13,13,13,0,0,0,0,0,0,0,0,0,0,0
1946,175,Rufe Gentry,/players/g/gentrru01.shtml,gentrru01,28,DET,3,2,0,2,2,2,0,0,0,0,0,0,0,0,0,0,0
1946,176,Al Gerheauser,/players/g/gerheal01.shtml,gerheal01,29,PIT,4,37,4,37,36,35,0,0,0,0,0,0,0,1,1,0,1
1946,177,Al Gettel,/players/g/getteal01.shtml,getteal01,28,NYY,2,26,11,26,26,26,0,0,0,0,0,0,0,0,0,0,0
1946,178,Andy Gilbert,/players/g/gilbean01.shtml,gilbean01,31,BOS,2,2,0,2,1,0,0,0,0,0,0,0,1,0,1,1,1
1946,179,Charlie Gilbert,/players/g/gilbech01.shtml,gilbech01,26,2TM,5,103,61,103,71,0,0,0,0,0,0,8,18,46,71,31,2
1946,180,Carden Gillenwater,/players/g/gilleca01.shtml,gilleca01,29,BSN,4,99,58,99,78,0,0,0,0,0,0,10,69,1,78,23,2
1946,181,Al Gionfriddo,/players/g/gionfal01.shtml,gionfal01,24,PIT,3,64,18,64,33,0,0,0,0,0,0,10,12,12,33,30,5
1946,182,Jim Gladd,/players/g/gladdji01.shtml,gladdji01,23,NYG,1st,4,4,4,4,0,4,0,0,0,0,0,0,0,0,0,0
1946,183,Al Glossop,/players/g/glossal01.shtml,glossal01,31,CHC,5,4,3,4,4,0,0,0,2,0,2,0,0,0,0,1,0
1946,184,Lon Goldstein,/players/g/goldslo01.shtml,goldslo01,28,CIN,2,6,0,6,0,0,0,0,0,0,0,0,0,0,0,6,0
1946,185,Ray Goolsby,/players/g/goolsra01.shtml,goolsra01,26,WSH,1st,3,1,3,1,0,0,0,0,0,0,1,0,0,1,2,0
1946,186,Joe Gordon,/players/g/gordojo01.shtml,gordojo01,31,NYY,7,112,107,112,108,0,0,0,107,0,1,0,0,0,0,4,0
1946,187,Sid Gordon,/players/g/gordosi01.shtml,gordosi01,28,NYG,4,135,126,135,128,0,0,0,0,30,0,101,0,0,101,7,0
1946,188,Hank Gornicki,/players/g/gorniha01.shtml,gorniha01,35,PIT,4,7,0,7,7,7,0,0,0,0,0,0,0,0,0,0,0
1946,189,Johnny Gorsica,/players/g/gorsijo01.shtml,gorsijo01,31,DET,6,14,0,14,14,14,0,0,0,0,0,0,0,0,0,0,0
1946,190,Joe Grace,/players/g/gracejo01.shtml,gracejo01,32,2TM,5,125,113,125,117,0,0,0,0,0,0,60,0,57,117,9,1
1946,191,Jack Graham,/players/g/grahaja01.shtml,grahaja01,29,2TM,1st,102,65,102,71,0,0,9,0,0,0,1,0,61,62,32,2
1946,192,Mickey Grasso,/players/g/grassmi01.shtml,grassmi01,26,NYG,1st,7,6,7,7,0,7,0,0,0,0,0,0,0,0,0,0
1946,193,Don Grate,/players/g/gratedo01.shtml,gratedo01,22,PHI,2,3,0,3,3,3,0,0,0,0,0,0,0,0,0,0,0
1946,194,Ted Gray,/players/g/grayte01.shtml,grayte01,21,DET,1st,3,2,3,3,3,0,0,0,0,0,0,0,0,0,0,0
1946,195,Hank Greenberg,/players/g/greenha01.shtml,greenha01,35,DET,12,142,140,142,140,0,0,140,0,0,0,0,0,0,0,2,0
1946,196,Hal Gregg,/players/g/greggha01.shtml,greggha01,24,BRO,4,26,16,26,26,26,0,0,0,0,0,0,0,0,0,0,0
1946,197,Lee Griffeth,/players/g/griffle01.shtml,griffle01,21,PHA,1st,10,0,10,10,10,0,0,0,0,0,0,0,0,0,0,0
1946,198,Oscar Grimes,/players/g/grimeos01.shtml,grimeos01,31,2TM,9,73,62,73,65,0,0,0,48,6,11,0,0,0,0,8,1
1946,199,Marv Grissom,/players/g/grissma01.shtml,grissma01,28,NYG,1st,4,3,4,4,4,0,0,0,0,0,0,0,0,0,0,0
1946,200,Johnny Grodzicki,/players/g/grodzjo01.shtml,grodzjo01,29,STL,2,3,0,3,3,3,0,0,0,0,0,0,0,0,0,0,0
1946,201,Steve Gromek,/players/g/gromest01.shtml,gromest01,26,CLE,6,37,21,37,29,29,0,0,0,0,0,0,0,0,0,1,7
1946,202,Johnny Groth,/players/g/grothjo01.shtml,grothjo01,19,DET,1st,4,2,4,4,0,0,0,0,0,0,0,4,0,4,0,0
1946,203,Orval Grove,/players/g/groveor01.shtml,groveor01,26,CHW,7,33,26,33,33,33,0,0,0,0,0,0,0,0,0,0,0
1946,204,Mike Guerra,/players/g/guerrmi01.shtml,guerrmi01,33,WSH,4,41,23,41,27,0,27,0,0,0,0,0,0,0,0,10,5
1946,205,Ben Guintini,/players/g/guintbe01.shtml,guintbe01,27,PIT,1st,2,1,2,1,0,0,0,0,0,0,0,0,1,1,1,0
1946,206,Harry Gumbert,/players/g/gumbeha01.shtml,gumbeha01,36,CIN,11,36,10,36,36,36,0,0,0,0,0,0,0,0,0,0,0
1946,207,Randy Gumpert,/players/g/gumpera01.shtml,gumpera01,28,NYY,4,33,12,33,33,33,0,0,0,0,0,0,0,0,0,0,0
1946,208,Frankie Gustine,/players/g/gustifr01.shtml,gustifr01,26,PIT,8,131,128,131,130,0,0,0,113,7,13,0,0,0,0,2,0
1946,209,Don Gutteridge,/players/g/guttedo01.shtml,guttedo01,34,BOS,10,22,10,22,15,0,0,0,9,8,0,0,0,0,0,2,5
1946,210,Bert Haas,/players/h/haasbe01.shtml,haasbe01,32,CIN,5,140,136,140,137,0,0,131,0,6,0,0,0,0,0,3,0
1946,211,Stan Hack,/players/h/hackst01.shtml,hackst01,36,CHC,15,92,90,92,90,0,0,0,0,90,0,0,0,0,0,2,0
1946,212,Mickey Haefner,/players/h/haefnmi01.shtml,haefnmi01,33,WSH,4,33,27,33,33,33,0,0,0,0,0,0,0,0,0,0,0
1946,213,Irv Hall,/players/h/hallir01.shtml,hallir01,27,PHA,4,63,42,63,47,0,0,0,40,0,7,0,0,0,0,17,1
1946,214,Jack Hallett,/players/h/halleja01.shtml,halleja01,31,PIT,5,35,9,35,35,35,0,0,0,0,0,0,0,0,0,0,0
1946,215,Granny Hamner,/players/h/hamnegr01.shtml,hamnegr01,19,PHI,3,2,2,2,2,0,0,0,0,0,2,0,0,0,0,0,0
1946,216,Ralph Hamner,/players/h/hamnera01.shtml,hamnera01,29,CHW,1st,25,7,25,25,25,0,0,0,0,0,0,0,0,0,0,0
1946,217,Gene Handley,/players/h/handlge01.shtml,handlge01,31,PHA,1st,89,69,89,72,0,0,0,68,4,1,0,0,0,0,9,9
1946,218,Lee Handley,/players/h/handlle01.shtml,handlle01,32,PIT,9,116,101,116,105,0,0,0,3,103,0,0,0,0,0,6,6
1946,219,Ed Hanyzewski,/players/h/hanyzed01.shtml,hanyzed01,25,CHC,5,3,0,3,3,3,0,0,0,0,0,0,0,0,0,0,0
1946,220,Mel Harder,/players/h/hardeme01.shtml,hardeme01,36,CLE,19,13,12,13,13,13,0,0,0,0,0,0,0,0,0,0,0
1946,221,Lum Harris,/players/h/harrilu01.shtml,harrilu01,31,PHA,5,34,12,34,34,34,0,0,0,0,0,0,0,0,0,0,0
1946,222,Mickey Harris,/players/h/harrimi01.shtml,harrimi01,29,BOS,3,34,30,34,34,34,0,0,0,0,0,0,0,0,0,0,0
1946,223,Ned Harris,/players/h/harrine01.shtml,harrine01,29,DET,4,1,0,1,0,0,0,0,0,0,0,0,0,0,0,1,0
1946,224,Don Hasenmayer,/players/h/hasendo01.shtml,hasendo01,19,PHI,2,6,3,6,3,0,0,0,0,3,0,0,0,0,0,1,2
1946,225,Joe Hatten,/players/h/hattejo01.shtml,hattejo01,29,BRO,1st,42,30,42,42,42,0,0,0,0,0,0,0,0,0,0,0
1946,226,Grady Hatton,/players/h/hattogr01.shtml,hattogr01,23,CIN,1st,116,116,116,116,0,0,0,0,116,0,2,0,0,2,0,0
1946,227,Frankie Hayes,/players/h/hayesfr01.shtml,hayesfr01,31,2TM,13,104,99,104,102,0,102,0,0,0,0,0,0,0,0,2,0
1946,228,Joe Haynes,/players/h/haynejo01.shtml,haynejo01,28,CHW,8,32,23,32,32,32,0,0,0,0,0,0,0,0,0,0,0
1946,229,Ed Head,/players/h/headed01.shtml,headed01,28,BRO,5,13,7,13,13,13,0,0,0,0,0,0,0,0,0,0,0
1946,230,Jeff Heath,/players/h/heathje01.shtml,heathje01,31,2TM,11,134,127,134,130,0,0,0,0,0,0,130,0,0,130,6,0
1946,231,Randy Heflin,/players/h/heflira01.shtml,heflira01,27,BOS,2,5,1,5,5,5,0,0,0,0,0,0,0,0,0,0,0
1946,232,Jim Hegan,/players/h/heganji01.shtml,heganji01,25,CLE,3,88,79,88,88,0,88,0,0,0,0,0,0,0,0,1,0
1946,233,Ken Heintzelman,/players/h/heintke01.shtml,heintke01,30,PIT,7,32,24,32,32,32,0,0,0,0,0,0,0,0,0,0,0
1946,234,Hank Helf,/players/h/helfha01.shtml,helfha01,32,SLB,3,71,56,71,69,0,69,0,0,0,0,0,0,0,0,2,1
1946,235,Rollie Hemsley,/players/h/hemslro01.shtml,hemslro01,39,PHI,18,49,42,49,45,0,45,0,0,0,0,0,0,0,0,3,1
1946,236,Don Hendrickson,/players/h/hendrdo01.shtml,hendrdo01,32,BSN,2,2,0,2,2,2,0,0,0,0,0,0,0,0,0,0,0
1946,237,Tommy Henrich,/players/h/henrito01.shtml,henrito01,33,NYY,7,150,150,150,150,0,0,40,0,0,0,0,0,112,112,0,0
1946,238,Billy Herman,/players/h/hermabi01.shtml,hermabi01,36,2TM,14,122,113,122,116,0,0,22,58,37,0,0,0,0,0,7,0
1946,239,Gene Hermanski,/players/h/hermage01.shtml,hermage01,26,BRO,2,64,20,64,34,0,0,0,0,0,0,13,5,16,34,31,2
1946,240,Art Herring,/players/h/herriar01.shtml,herriar01,40,BRO,10,35,2,35,35,35,0,0,0,0,0,0,0,0,0,0,0
1946,241,Johnny Hetki,/players/h/hetkijo01.shtml,hetkijo01,24,CIN,2,32,11,32,32,32,0,0,0,0,0,0,0,0,0,0,0
1946,242,Ed Heusser,/players/h/heussed01.shtml,heussed01,37,CIN,8,29,21,29,29,29,0,0,0,0,0,0,0,0,0,0,0
1946,243,Kirby Higbe,/players/h/higbeki01.shtml,higbeki01,31,BRO,8,42,29,42,42,42,0,0,0,0,0,0,0,0,0,0,0
1946,244,Pinky Higgins,/players/h/higgipi01.shtml,higgipi01,37,2TM,14,82,71,82,76,0,0,0,0,76,0,0,0,0,0,7,0
1946,245,Frank Hiller,/players/h/hillefr01.shtml,hillefr01,25,NYY,1st,3,1,3,3,3,0,0,0,0,0,0,0,0,0,0,0
1946,246,Billy Hitchcock,/players/h/hitchbi01.shtml,hitchbi01,29,2TM,2,101,97,101,99,0,0,0,1,46,53,0,0,0,0,2,0
1946,247,Ralph Hodgin,/players/h/hodgira01.shtml,hodgira01,31,CHW,4,87,56,87,57,0,0,0,0,0,0,49,0,8,57,30,0
1946,248,Eli Hodkey,/players/h/hodkeel01.shtml,hodkeel01,28,PHI,1st,2,1,2,2,2,0,0,0,0,0,0,0,0,0,0,0
1946,249,Lefty Hoerst,/players/h/hoersle01.shtml,hoersle01,28,PHI,4,18,7,18,18,18,0,0,0,0,0,0,0,0,0,0,0
1946,250,Stew Hofferth,/players/h/hoffest01.shtml,hoffest01,33,BSN,3,20,15,20,15,0,15,0,0,0,0,0,0,0,0,5,0
1946,251,Al Hollingsworth,/players/h/hollial01.shtml,hollial01,38,2TM,11,26,2,26,26,26,0,0,0,0,0,0,0,0,0,0,0
1946,252,Tommy Holmes,/players/h/holmeto01.shtml,holmeto01,29,BSN,5,149,146,149,146,0,0,0,0,0,0,1,1,144,146,3,0
1946,253,Johnny Hopp,/players/h/hoppjo01.shtml,hoppjo01,29,BSN,8,129,104,129,120,0,0,67,0,0,0,0,58,0,58,13,2
1946,254,Jim Hopper,/players/h/hoppeji01.shtml,hoppeji01,26,PIT,1st,2,1,2,2,2,0,0,0,0,0,0,0,0,0,0,0
1946,255,Art Houtteman,/players/h/houttar01.shtml,houttar01,18,DET,2,1,1,1,1,1,0,0,0,0,0,0,0,0,0,0,0
1946,256,Lee Howard,/players/h/howarle01.shtml,howarle01,22,PIT,1st,3,2,3,3,3,0,0,0,0,0,0,0,0,0,0,0
1946,257,Sid Hudson,/players/h/hudsosi01.shtml,hudsosi01,31,WSH,4,31,15,31,31,31,0,0,0,0,0,0,0,0,0,0,0
1946,258,Roy Hughes,/players/h/hughero01.shtml,hughero01,35,PHI,9,89,64,89,72,0,0,1,8,31,34,0,0,0,0,14,3
1946,259,Tommy Hughes,/players/h/hugheto04.shtml,hugheto04,26,PHI,3,29,13,29,29,29,0,0,0,0,0,0,0,0,0,0,0
1946,260,Tex Hughson,/players/h/hughste01.shtml,hughste01,30,BOS,5,39,35,39,39,39,0,0,0,0,0,0,0,0,0,0,0
1946,261,Johnny Humphries,/players/h/humphjo02.shtml,humphjo02,31,PHI,9,10,1,10,10,10,0,0,0,0,0,0,0,0,0,0,0
1946,262,Johnny Hutchings,/players/h/hutchjo02.shtml,hutchjo02,30,BSN,6,1,1,1,1,1,0,0,0,0,0,0,0,0,0,0,0
1946,263,Fred Hutchinson,/players/h/hutchfr01.shtml,hutchfr01,26,DET,4,40,26,40,28,28,0,0,0,0,0,0,0,0,0,12,0
1946,264,Roy Jarvis,/players/j/jarviro01.shtml,jarviro01,20,PIT,2,2,1,2,1,0,1,0,0,0,0,0,0,0,0,1,0
1946,265,Al Javery,/players/j/javeral01.shtml,javeral01,28,BSN,7,2,1,2,2,2,0,0,0,0,0,0,0,0,0,0,0
1946,266,Billy Johnson,/players/j/johnsbi03.shtml,johnsbi03,27,NYY,2,85,71,85,75,0,0,0,0,75,0,0,0,0,0,13,0
1946,267,Chet Johnson,/players/j/johnsch03.shtml,johnsch03,28,SLB,1st,5,3,5,5,5,0,0,0,0,0,0,0,0,0,0,0
1946,268,Don Johnson,/players/j/johnsdo02.shtml,johnsdo02,34,CHC,4,83,80,83,83,0,0,0,83,0,0,0,0,0,0,0,0
1946,269,Earl Johnson,/players/j/johnsea01.shtml,johnsea01,27,BOS,3,29,5,29,29,29,0,0,0,0,0,0,0,0,0,0,0
1946,270,Si Johnson,/players/j/johnssi01.shtml,johnssi01,39,2TM,16,29,12,29,29,29,0,0,0,0,0,0,0,0,0,0,0
1946,271,Vic Johnson,/players/j/johnsvi01.shtml,johnsvi01,25,CLE,3,9,1,9,9,9,0,0,0,0,0,0,0,0,0,0,0
1946,272,Jake Jones,/players/j/jonesja03.shtml,jonesja03,25,CHW,3,24,20,24,20,0,0,20,0,0,0,0,0,0,0,4,0
1946,273,Nippy Jones,/players/j/jonesni01.shtml,jonesni01,21,STL,1st,16,0,16,3,0,0,0,3,0,0,0,0,0,0,11,2
1946,274,Sheldon Jones,/players/j/jonessh01.shtml,jonessh01,24,NYG,1st,6,4,6,6,6,0,0,0,0,0,0,0,0,0,0,0
1946,275,Tom Jordan,/players/j/jordato01.shtml,jordato01,26,2TM,2,24,9,24,15,0,15,0,0,0,0,0,0,0,0,10,0
1946,276,Bob Joyce,/players/j/joycebo01.shtml,joycebo01,31,NYG,2,14,7,14,14,14,0,0,0,0,0,0,0,0,0,0,0
1946,277,Oscar Judd,/players/j/juddos01.shtml,juddos01,38,PHI,6,46,24,46,30,30,0,0,0,0,0,0,0,0,0,16,0
1946,278,Wally Judnich,/players/j/judniwa01.shtml,judniwa01,30,SLB,4,142,134,142,137,0,0,0,0,0,0,6,131,1,137,6,0
1946,279,Billy Jurges,/players/j/jurgebi01.shtml,jurgebi01,38,CHC,16,82,72,82,82,0,0,0,2,7,73,0,0,0,0,1,0
1946,280,Al Jurisich,/players/j/jurisal01.shtml,jurisal01,24,PHI,3,13,10,13,13,13,0,0,0,0,0,0,0,0,0,0,0
1946,281,Andy Karl,/players/k/karlan01.shtml,karlan01,32,PHI,4,39,0,39,39,39,0,0,0,0,0,0,0,0,0,0,0
1946,282,Herb Karpel,/players/k/karpehe01.shtml,karpehe01,28,NYY,1st,2,0,2,2,2,0,0,0,0,0,0,0,0,0,0,0
1946,283,George Kell,/players/k/kellge01.shtml,kellge01,23,2TM,4,131,130,131,131,0,0,1,0,131,0,0,0,0,0,0,0
1946,284,Charlie Keller,/players/k/kellech01.shtml,kellech01,29,NYY,7,150,149,150,149,0,0,0,0,0,0,146,0,3,149,1,0
1946,285,Ken Keltner,/players/k/keltnke01.shtml,keltnke01,29,CLE,9,116,108,116,112,0,0,0,0,112,0,0,0,0,0,4,0
1946,286,Bill Kennedy,/players/k/kennebi01.shtml,kennebi01,27,WSH,2,21,2,21,21,21,0,0,0,0,0,0,0,0,0,0,0
1946,287,Bob Kennedy,/players/k/kennebo01.shtml,kennebo01,25,CHW,5,113,100,113,104,0,0,0,0,29,0,57,14,4,75,9,1
1946,288,Monty Kennedy,/players/k/kennemo01.shtml,kennemo01,24,NYG,1st,38,27,38,38,38,0,0,0,0,0,0,0,0,0,0,0
1946,289,Buddy Kerr,/players/k/kerrbu01.shtml,kerrbu01,23,NYG,4,145,143,145,144,0,0,0,0,18,126,0,0,0,0,1,0
1946,290,Ellis Kinder,/players/k/kindeel01.shtml,kindeel01,31,SLB,1st,33,7,33,33,33,0,0,0,0,0,0,0,0,0,0,0
1946,291,Ralph Kiner,/players/k/kinerra01.shtml,kinerra01,23,PIT,1st,144,137,144,140,0,0,0,0,0,0,65,75,0,140,5,0
1946,292,Lou Klein,/players/k/kleinlo01.shtml,kleinlo01,27,STL,3,23,22,23,23,0,0,0,23,0,0,0,0,0,0,0,0
1946,293,Ed Klieman,/players/k/kliemed01.shtml,kliemed01,28,CLE,4,9,0,9,9,9,0,0,0,0,0,0,0,0,0,0,0
1946,294,Bob Klinger,/players/k/klingbo01.shtml,klingbo01,38,BOS,7,28,1,28,28,28,0,0,0,0,0,0,0,0,0,0,0
1946,295,Clyde Kluttz,/players/k/kluttcl01.shtml,kluttcl01,28,2TM,5,57,40,57,51,0,51,0,0,0,0,0,0,0,0,6,0
1946,296,Lou Knerr,/players/k/knerrlo01.shtml,knerrlo01,24,PHA,2,30,22,30,30,30,0,0,0,0,0,0,0,0,0,0,0
1946,297,Jack Knott,/players/k/knottja01.shtml,knottja01,39,PHA,11,3,1,3,3,3,0,0,0,0,0,0,0,0,0,0,0
1946,298,Dick Koecher,/players/k/koechdi01.shtml,koechdi01,20,PHI,1st,1,1,1,1,1,0,0,0,0,0,0,0,0,0,0,0
1946,299,Don Kolloway,/players/k/kollodo01.shtml,kollodo01,27,CHW,5,123,120,123,121,0,0,0,90,31,0,0,0,0,0,1,2
1946,300,Bruce Konopka,/players/k/konopbr01.shtml,konopbr01,26,PHA,3,38,20,38,20,0,0,20,0,0,0,1,0,0,1,18,0
1946,301,Jim Konstanty,/players/k/konstji01.shtml,konstji01,29,BSN,2,10,1,10,10,10,0,0,0,0,0,0,0,0,0,0,0
1946,302,Dave Koslo,/players/k/kosloda01.shtml,kosloda01,26,NYG,3,41,35,41,40,40,0,0,0,0,0,0,0,0,0,0,1
1946,303,Joe Krakauskas,/players/k/krakajo01.shtml,krakajo01,31,CLE,7,29,5,29,29,29,0,0,0,0,0,0,0,0,0,0,0
1946,304,Jack Kramer,/players/k/krameja01.shtml,krameja01,28,SLB,7,31,28,31,31,31,0,0,0,0,0,0,0,0,0,0,0
1946,305,Jack Kraus,/players/k/krausja01.shtml,krausja01,28,NYG,3,17,1,17,17,17,0,0,0,0,0,0,0,0,0,0,0
1946,306,Red Kress,/players/k/kressre01.shtml,kressre01,41,NYG,14,1,0,1,1,1,0,0,0,0,0,0,0,0,0,0,0
1946,307,Lou Kretlow,/players/k/kretllo01.shtml,kretllo01,25,DET,1st,1,1,1,1,1,0,0,0,0,0,0,0,0,0,0,0
1946,308,Howie Krist,/players/k/kristho01.shtml,kristho01,30,STL,6,15,0,15,15,15,0,0,0,0,0,0,0,0,0,0,0
1946,309,Joe Kuhel,/players/k/kuheljo01.shtml,kuheljo01,40,2TM,17,78,64,78,68,0,0,68,0,0,0,0,0,0,0,11,1
1946,310,Whitey Kurowski,/players/k/kurowwh01.shtml,kurowwh01,28,STL,6,142,137,142,138,0,0,0,0,138,0,0,0,0,0,4,0
1946,311,Emil Kush,/players/k/kushem01.shtml,kushem01,29,CHC,3,40,6,40,40,40,0,0,0,0,0,0,0,0,0,0,0
1946,312,Bob Kuzava,/players/k/kuzavbo01.shtml,kuzavbo01,23,CLE,1st,2,2,2,2,2,0,0,0,0,0,0,0,0,0,0,0
1946,313,Chet Laabs,/players/l/laabsch01.shtml,laabsch01,34,SLB,10,80,67,80,72,0,0,0,0,0,0,7,0,65,72,10,0
1946,314,Doyle Lade,/players/l/ladedo01.shtml,ladedo01,25,CHC,1st,3,2,3,3,3,0,0,0,0,0,0,0,0,0,0,0
1946,315,Dick Lajeskie,/players/l/lajesdi01.shtml,lajesdi01,20,NYG,1st,6,4,6,4,0,0,0,4,0,0,0,0,0,0,0,2
1946,316,Eddie Lake,/players/l/lakeed01.shtml,lakeed01,30,DET,7,155,155,155,155,0,0,0,0,0,155,0,0,0,0,0,0
1946,317,Al Lakeman,/players/l/lakemal01.shtml,lakemal01,27,CIN,5,23,3,23,6,0,6,0,0,0,0,0,0,0,0,17,0
1946,318,Al LaMacchia,/players/l/lamacal01.shtml,lamacal01,24,2TM,3,10,0,10,10,10,0,0,0,0,0,0,0,0,0,0,0
1946,319,Ray Lamanno,/players/l/lamanra01.shtml,lamanra01,26,CIN,3,86,56,86,62,0,62,0,0,0,0,0,0,0,0,25,0
1946,320,Clayton Lambert,/players/l/lambecl01.shtml,lambecl01,29,CIN,1st,23,4,23,23,23,0,0,0,0,0,0,0,0,0,0,0
1946,321,Max Lanier,/players/l/laniema01.shtml,laniema01,30,STL,9,6,6,6,6,6,0,0,0,0,0,0,0,0,0,0,0
1946,322,Johnny Lanning,/players/l/lannijo01.shtml,lannijo01,35,PIT,10,27,9,27,27,27,0,0,0,0,0,0,0,0,0,0,0
1946,323,Cookie Lavagetto,/players/l/lavagco01.shtml,lavagco01,33,BRO,9,88,63,88,67,0,0,0,0,67,0,0,0,0,0,18,6
1946,324,Garland Lawing,/players/l/lawinga01.shtml,lawinga01,27,2TM,1st,10,5,10,5,0,0,0,0,0,0,3,1,1,5,3,2
1946,325,Johnny Lazor,/players/l/lazorjo01.shtml,lazorjo01,33,BOS,4,23,3,23,7,0,0,0,0,0,0,3,0,4,7,17,0
1946,326,Bill Lee,/players/l/leebi02.shtml,leebi02,36,BSN,13,25,21,25,25,25,0,0,0,0,0,0,0,0,0,0,0
1946,327,Thornton Lee,/players/l/leeth01.shtml,leeth01,39,CHW,14,7,7,7,7,7,0,0,0,0,0,0,0,0,0,0,0
1946,328,Paul Lehner,/players/l/lehnepa01.shtml,lehnepa01,25,SLB,1st,16,10,16,12,0,0,0,0,0,0,0,11,1,12,4,0
1946,329,Bob Lemon,/players/l/lemonbo01.shtml,lemonbo01,25,CLE,3,55,17,55,44,32,0,0,0,0,0,0,12,0,12,9,3
1946,330,Dutch Leonard,/players/l/leonadu02.shtml,leonadu02,37,WSH,13,26,23,26,26,26,0,0,0,0,0,0,0,0,0,0,0
1946,331,Charlie Letchas,/players/l/letchch01.shtml,letchch01,30,PHI,4,6,2,6,4,0,0,0,4,0,0,0,0,0,0,1,1
1946,332,Buddy Lewis,/players/l/lewisbu01.shtml,lewisbu01,29,WSH,9,150,145,150,145,0,0,0,0,0,0,8,1,137,145,5,0
1946,333,Al Libke,/players/l/libkeal01.shtml,libkeal01,27,CIN,2,124,115,124,116,1,0,0,0,0,0,0,0,115,115,8,0
1946,334,Johnny Lindell,/players/l/lindejo01.shtml,lindejo01,29,NYY,6,102,82,102,87,0,0,14,0,0,0,5,31,39,74,16,1
1946,335,Johnny Lipon,/players/l/liponjo01.shtml,liponjo01,23,DET,2,14,0,14,9,0,0,0,0,1,8,0,0,0,0,1,4
1946,336,Danny Litwhiler,/players/l/litwhda01.shtml,litwhda01,29,2TM,6,85,62,85,67,0,0,0,0,2,0,65,0,0,65,23,0
1946,337,Mickey Livingston,/players/l/livinmi01.shtml,livinmi01,31,CHC,6,66,53,66,56,0,56,0,0,0,0,0,0,0,0,12,0
1946,338,Dario Lodigiani,/players/l/lodigda01.shtml,lodigda01,30,CHW,6,44,44,44,44,0,0,0,0,44,0,0,0,0,0,0,0
1946,339,Sherm Lollar,/players/l/lollash01.shtml,lollash01,21,CLE,1st,28,18,28,24,0,24,0,0,0,0,0,0,0,0,6,0
1946,340,Ernie Lombardi,/players/l/lombaer01.shtml,lombaer01,38,NYG,16,88,59,88,63,0,63,0,0,0,0,0,0,0,0,26,0
1946,341,Vic Lombardi,/players/l/lombavi01.shtml,lombavi01,23,BRO,2,43,25,43,41,41,0,0,0,0,0,0,0,0,0,0,2
1946,342,Eddie Lopat,/players/l/lopated01.shtml,lopated01,28,CHW,3,30,29,30,29,29,0,0,0,0,0,0,0,0,0,1,0
1946,343,Art Lopatka,/players/l/lopatar01.shtml,lopatar01,27,PHI,2,4,1,4,4,4,0,0,0,0,0,0,0,0,0,0,0
1946,344,Al Lopez,/players/l/lopezal01.shtml,lopezal01,37,PIT,18,56,49,56,56,0,56,0,0,0,0,0,0,0,0,1,0
1946,345,Peanuts Lowrey,/players/l/lowrepe01.shtml,lowrepe01,28,CHC,4,144,137,144,144,0,0,0,0,19,0,68,59,0,127,1,0
1946,346,Johnny Lucadello,/players/l/lucadjo01.shtml,lucadjo01,27,SLB,5,87,44,87,57,0,0,0,19,38,0,0,0,0,0,38,0
1946,347,Eddie Lukon,/players/l/lukoned01.shtml,lukoned01,25,CIN,3,102,81,102,83,0,0,0,0,0,0,72,0,11,83,20,0
1946,348,Al Lyons,/players/l/lyonsal01.shtml,lyonsal01,27,NYY,2,2,1,2,2,2,0,0,0,0,0,0,0,0,0,0,0
1946,349,Ted Lyons,/players/l/lyonste01.shtml,lyonste01,45,CHW,21,5,5,5,5,5,0,0,0,0,0,0,0,0,0,0,0
1946,350,Ray Mack,/players/m/mackra01.shtml,mackra01,29,CLE,8,61,53,61,61,0,0,0,61,0,0,0,0,0,0,0,0
1946,351,Felix Mackiewicz,/players/m/mackife01.shtml,mackife01,28,CLE,5,78,65,78,72,0,0,0,0,0,0,0,71,1,72,5,1
1946,352,Clarence Maddern,/players/m/maddecl01.shtml,maddecl01,24,CHC,1st,3,1,3,2,0,0,0,0,0,0,2,0,0,2,1,0
1946,353,Hank Majeski,/players/m/majesha01.shtml,majesha01,29,2TM,4,86,74,86,74,0,0,0,0,74,0,0,0,0,0,12,0
1946,354,Bob Malloy,/players/m/mallobo01.shtml,mallobo01,28,CIN,3,27,3,27,27,27,0,0,0,0,0,0,0,0,0,1,0
1946,355,Gordon Maltzberger,/players/m/maltzgo01.shtml,maltzgo01,33,CHW,3,19,0,19,19,19,0,0,0,0,0,0,0,0,0,0,0
1946,356,Frank Mancuso,/players/m/mancufr01.shtml,mancufr01,28,SLB,3,87,76,87,85,0,85,0,0,0,0,0,0,0,0,4,0
1946,357,Hal Manders,/players/m/mandeha01.shtml,mandeha01,29,2TM,3,4,1,4,4,4,0,0,0,0,0,0,0,0,0,0,0
1946,358,Phil Marchildon,/players/m/marchph01.shtml,marchph01,32,PHA,5,36,29,36,36,36,0,0,0,0,0,0,0,0,0,0,0
1946,359,Marty Marion,/players/m/marioma01.shtml,marioma01,29,STL,7,146,145,146,145,0,0,0,0,0,145,0,0,0,0,1,0
1946,360,Cuddles Marshall,/players/m/marshcu01.shtml,marshcu01,21,NYY,1st,23,11,23,23,23,0,0,0,0,0,0,0,0,0,0,0
1946,361,Willard Marshall,/players/m/marshwi01.shtml,marshwi01,25,NYG,2,131,122,131,125,0,0,0,0,0,0,53,60,20,125,8,0
1946,362,Babe Martin,/players/m/martiba01.shtml,martiba01,26,SLB,3,3,2,3,2,0,2,0,0,0,0,0,0,0,0,1,0
1946,363,Fred Martin,/players/m/martifr02.shtml,martifr02,31,STL,1st,6,3,6,6,6,0,0,0,0,0,0,0,0,0,0,0
1946,364,Phil Masi,/players/m/masiph01.shtml,masiph01,30,BSN,8,133,102,133,124,0,124,0,0,0,0,0,0,0,0,17,3
1946,365,Walt Masterson,/players/m/mastewa02.shtml,mastewa02,26,WSH,6,29,9,29,29,29,0,0,0,0,0,0,0,0,0,0,0
1946,366,Dick Mauney,/players/m/maunedi01.shtml,maunedi01,26,PHI,2,25,7,25,24,24,0,0,0,0,0,0,0,0,0,0,1
1946,367,Buster Maynard,/players/m/maynabu01.shtml,maynabu01,33,NYG,4,7,1,7,3,0,0,0,0,0,0,0,1,2,3,1,3
1946,368,Eddie Mayo,/players/m/mayoed01.shtml,mayoed01,36,DET,7,51,49,51,49,0,0,0,49,0,0,0,0,0,0,2,0
1946,369,Tom McBride,/players/m/mcbrito01.shtml,mcbrito01,31,BOS,4,62,32,62,44,0,0,0,0,0,0,11,2,32,44,19,1
1946,370,Ralph McCabe,/players/m/mccabra01.shtml,mccabra01,27,CLE,1st,1,1,1,1,1,0,0,0,0,0,0,0,0,0,0,0
1946,371,Bill McCahan,/players/m/mccahbi01.shtml,mccahbi01,25,PHA,1st,4,2,4,4,4,0,0,0,0,0,0,0,0,0,0,0
1946,372,Johnny McCarthy,/players/m/mccarjo03.shtml,mccarjo03,36,BSN,10,2,2,2,2,0,0,2,0,0,0,0,0,0,0,0,0
1946,373,Frank McCormick,/players/m/mccorfr01.shtml,mccorfr01,35,PHI,11,135,131,135,134,0,0,134,0,0,0,0,0,0,0,1,0
1946,374,Mike McCormick,/players/m/mccormi02.shtml,mccormi02,29,2TM,5,82,54,82,69,0,0,0,0,0,0,8,54,9,69,12,8
1946,375,Barney McCosky,/players/m/mccosba01.shtml,mccosba01,29,2TM,5,117,109,117,109,0,0,0,0,0,0,7,102,0,109,8,0
1946,376,Clyde McCullough,/players/m/mcculcl01.shtml,mcculcl01,29,CHC,5,95,80,95,89,0,89,0,0,0,0,0,0,0,0,6,1
1946,377,Eddie McGah,/players/m/mcgahed01.shtml,mcgahed01,24,BOS,1st,15,11,15,14,0,14,0,0,0,0,0,0,0,0,1,0
1946,378,Cal McLish,/players/m/mclisca01.shtml,mclisca01,20,BRO,2,1,0,1,1,1,0,0,0,0,0,0,0,0,0,0,0
1946,379,Glenn McQuillen,/players/m/mcquigl01.shtml,mcquigl01,31,SLB,4,59,41,59,48,0,0,0,0,0,0,45,0,5,48,14,2
1946,380,George McQuinn,/players/m/mcquige02.shtml,mcquige02,36,PHA,10,136,133,136,134,0,0,134,0,0,0,0,0,0,0,2,0
1946,381,Joe Medwick,/players/m/medwijo01.shtml,medwijo01,34,BRO,15,41,15,41,19,0,0,1,0,0,0,18,0,0,18,24,0
1946,382,Russ Meers,/players/m/meersru01.shtml,meersru01,27,CHC,2,7,2,7,7,7,0,0,0,0,0,0,0,0,0,0,0
1946,383,Rube Melton,/players/m/meltoru01.shtml,meltoru01,29,BRO,5,24,12,24,24,24,0,0,0,0,0,0,0,0,0,0,0
1946,384,Lennie Merullo,/players/m/merulle01.shtml,merulle01,29,CHC,6,65,33,65,44,0,0,0,0,0,44,0,0,0,0,2,20
1946,385,Bud Metheny,/players/m/methebu01.shtml,methebu01,31,NYY,4,3,0,3,0,0,0,0,0,0,0,0,0,0,0,3,0
1946,386,George Metkovich,/players/m/metkoca01.shtml,metkoca01,25,BOS,4,86,65,86,81,0,0,0,0,0,0,6,4,71,81,5,2
1946,387,Dutch Meyer,/players/m/meyerdu01.shtml,meyerdu01,30,CLE,6,72,53,72,64,0,0,0,64,0,0,0,0,0,0,9,0
1946,388,Russ Meyer,/players/m/meyerru01.shtml,meyerru01,22,CHC,1st,4,1,4,4,4,0,0,0,0,0,0,0,0,0,0,0
1946,389,Cass Michaels,/players/m/michaca01.shtml,michaca01,20,CHW,4,91,80,91,84,0,0,0,66,13,6,0,0,0,0,3,5
1946,390,Eddie Miksis,/players/m/miksied01.shtml,miksied01,19,BRO,2,23,12,23,14,0,0,0,1,13,1,0,0,0,0,3,6
1946,391,Eddie Miller,/players/m/milleed03.shtml,milleed03,29,CIN,10,91,86,91,88,0,0,0,0,0,88,0,0,0,0,3,0
1946,392,Ox Miller,/players/m/milleox01.shtml,milleox01,31,SLB,3,11,3,11,11,11,0,0,0,0,0,0,0,0,0,0,0
1946,393,Buster Mills,/players/m/millsbu01.shtml,millsbu01,37,CLE,7,9,5,9,6,0,0,0,0,0,0,6,0,0,6,3,0
1946,394,Al Milnar,/players/m/milnaal01.shtml,milnaal01,32,2TM,8,5,3,5,5,5,0,0,0,0,0,0,0,0,0,0,0
1946,395,Paul Minner,/players/m/minnepa01.shtml,minnepa01,22,BRO,1st,3,0,3,3,3,0,0,0,0,0,0,0,0,0,0,0
1946,396,Dale Mitchell,/players/m/mitchda01.shtml,mitchda01,24,CLE,1st,11,11,11,11,0,0,0,0,0,0,0,11,0,11,0,0
1946,397,Johnny Mize,/players/m/mizejo01.shtml,mizejo01,33,NYG,8,101,101,101,101,0,0,101,0,0,0,0,0,0,0,0,0
1946,398,Blas Monaco,/players/m/monacbl01.shtml,monacbl01,30,CLE,2,12,0,12,0,0,0,0,0,0,0,0,0,0,0,7,5
1946,399,Anse Moore,/players/m/moorean01.shtml,moorean01,28,DET,1st,51,29,51,32,0,0,0,0,0,0,17,0,15,32,18,1
1946,400,Dee Moore,/players/m/moorede01.shtml,moorede01,32,PHI,4,11,3,11,8,0,6,2,0,0,0,0,0,0,0,4,0
1946,401,Terry Moore,/players/m/moorete01.shtml,moorete01,34,STL,9,91,65,91,66,0,0,0,0,0,0,0,66,0,66,25,0
1946,402,Wally Moses,/players/m/moseswa01.shtml,moseswa01,35,2TM,12,104,77,104,80,0,0,0,0,0,0,0,16,67,80,26,0
1946,403,Howie Moss,/players/m/mossho01.shtml,mossho01,27,2TM,2,15,14,15,14,0,0,0,0,8,0,0,0,6,6,1,0
1946,404,Les Moss,/players/m/mossle01.shtml,mossle01,21,SLB,1st,12,10,12,12,0,12,0,0,0,0,0,0,0,0,0,0
1946,405,Glen Moulder,/players/m/mouldgl01.shtml,mouldgl01,28,BRO,1st,1,0,1,1,1,0,0,0,0,0,0,0,0,0,0,0
1946,406,Ray Mueller,/players/m/muellra01.shtml,muellra01,34,CIN,9,114,97,114,100,0,100,0,0,0,0,0,0,0,0,14,0
1946,407,Hugh Mulcahy,/players/m/mulcahu01.shtml,mulcahu01,32,PHI,8,16,5,16,16,16,0,0,0,0,0,0,0,0,0,0,0
1946,408,Dick Mulligan,/players/m/mullidi01.shtml,mullidi01,28,2TM,2,23,5,23,23,23,0,0,0,0,0,0,0,0,0,0,0
1946,409,Pat Mullin,/players/m/mullipa01.shtml,mullipa01,28,DET,3,93,69,93,75,0,0,0,0,0,0,0,1,75,75,16,5
1946,410,Bob Muncrief,/players/m/muncrbo01.shtml,muncrbo01,30,SLB,8,29,14,29,29,29,0,0,0,0,0,0,0,0,0,0,0
1946,411,Red Munger,/players/m/mungere01.shtml,mungere01,27,STL,3,10,7,10,10,10,0,0,0,0,0,0,0,0,0,0,0
1946,412,Johnny Murphy,/players/m/murphjo04.shtml,murphjo04,37,NYY,12,27,0,27,27,27,0,0,0,0,0,0,0,0,0,0,0
1946,413,Danny Murtaugh,/players/m/murtada01.shtml,murtada01,28,PHI,4,6,6,6,6,0,0,0,6,0,0,0,0,0,0,0,0
1946,414,Stan Musial,/players/m/musiast01.shtml,musiast01,25,STL,5,156,156,156,156,0,0,114,0,0,0,42,0,0,42,0,0
1946,415,George Myatt,/players/m/myattge01.shtml,myattge01,32,WSH,6,15,6,15,9,0,0,0,2,7,0,0,0,0,0,6,1
1946,416,Earl Naylor,/players/n/nayloea01.shtml,nayloea01,27,BRO,3,3,0,3,0,0,0,0,0,0,0,0,0,0,0,2,1
1946,417,Tommy Neill,/players/n/neillto01.shtml,neillto01,26,BSN,1st,13,11,13,12,0,0,0,0,0,0,12,0,0,12,1,0
1946,418,Hal Newhouser,/players/n/newhoha01.shtml,newhoha01,25,DET,8,37,34,37,37,37,0,0,0,0,0,0,0,0,0,0,0
1946,419,Bobo Newsom,/players/n/newsobo01.shtml,newsobo01,38,2TM,16,34,31,34,34,34,0,0,0,0,0,0,0,0,0,0,0
1946,420,Skeeter Newsome,/players/n/newsosk01.shtml,newsosk01,35,PHI,11,112,103,112,109,0,0,0,2,3,107,0,0,0,0,3,0
1946,421,Gus Niarhos,/players/n/niarhgu01.shtml,niarhgu01,25,NYY,1st,37,13,37,29,0,29,0,0,0,0,0,0,0,0,2,13
1946,422,Bill Nicholson,/players/n/nichobi01.shtml,nichobi01,31,CHC,9,105,75,105,80,0,0,0,0,0,0,0,0,80,80,26,0
1946,423,Johnny Niggeling,/players/n/niggejo01.shtml,niggejo01,42,2TM,9,16,14,16,16,16,0,0,0,0,0,0,0,0,0,0,0
1946,424,Ron Northey,/players/n/northro01.shtml,northro01,26,PHI,4,128,109,128,111,0,0,0,0,0,0,0,0,111,111,17,0
1946,425,Lou Novikoff,/players/n/noviklo01.shtml,noviklo01,30,PHI,5,17,2,17,3,0,0,0,0,0,0,3,0,0,3,14,0
1946,426,Ken O'Dea,/players/o/o'deake01.shtml,o'deake01,33,2TM,12,34,27,34,34,0,34,0,0,0,0,0,0,0,0,0,0
1946,427,John O'Neil,/players/o/o'neijo02.shtml,o'neijo02,26,PHI,1st,46,20,46,32,0,0,0,0,0,32,0,0,0,0,3,11
1946,428,Emmett O'Neill,/players/o/o'neiem01.shtml,o'neiem01,28,2TM,4,3,0,3,3,3,0,0,0,0,0,0,0,0,0,0,0
1946,429,Vern Olsen,/players/o/olsenve01.shtml,olsenve01,28,CHC,5,5,0,5,5,5,0,0,0,0,0,0,0,0,0,0,0
1946,430,Fritz Ostermueller,/players/o/osterfr01.shtml,osterfr01,38,PIT,13,28,25,28,27,27,0,0,0,0,0,0,0,0,0,1,0
1946,431,Johnny Ostrowski,/players/o/ostrojo01.shtml,ostrojo01,28,CHC,4,64,34,64,52,0,0,0,0,51,0,0,1,0,1,17,2
1946,432,Mel Ott,/players/o/ottme01.shtml,ottme01,37,NYG,21,31,15,31,16,0,0,0,0,0,0,0,0,16,16,16,0
1946,433,Jimmy Outlaw,/players/o/outlaji01.shtml,outlaji01,33,DET,7,93,74,93,78,0,0,0,0,38,0,25,11,9,44,6,11
1946,434,Stubby Overmire,/players/o/overmst01.shtml,overmst01,27,DET,4,24,13,24,24,24,0,0,0,0,0,0,0,0,0,0,0
1946,435,Don Padgett,/players/p/padgedo01.shtml,padgedo01,34,2TM,6,63,28,63,35,0,35,0,0,0,0,0,0,0,0,32,0
1946,436,Andy Pafko,/players/p/pafkoan01.shtml,pafkoan01,25,CHC,4,65,63,65,64,0,0,0,0,0,0,0,64,0,64,1,0
1946,437,Joe Page,/players/p/pagejo01.shtml,pagejo01,28,NYY,3,32,17,32,31,31,0,0,0,0,0,0,0,0,0,0,1
1946,438,Frank Papish,/players/p/papisfr01.shtml,papisfr01,28,CHW,2,31,15,31,31,31,0,0,0,0,0,0,0,0,0,0,0
1946,439,Roy Partee,/players/p/partero01.shtml,partero01,28,BOS,3,40,32,40,38,0,38,0,0,0,0,0,0,0,0,4,0
1946,440,Claude Passeau,/players/p/passecl01.shtml,passecl01,37,CHC,12,21,21,21,21,21,0,0,0,0,0,0,0,0,0,0,0
1946,441,Ted Pawelek,/players/p/pawelte01.shtml,pawelte01,26,CHC,1st,4,0,4,1,0,1,0,0,0,0,0,0,0,0,3,0
1946,442,Ike Pearson,/players/p/pearsik01.shtml,pearsik01,29,PHI,5,5,2,5,5,5,0,0,0,0,0,0,0,0,0,0,0
1946,443,Hal Peck,/players/p/peckha01.shtml,peckha01,29,PHA,4,48,34,48,35,0,0,0,0,0,0,0,0,35,35,13,0
1946,444,Eddie Pellagrini,/players/p/pellaed01.shtml,pellaed01,28,BOS,1st,22,17,22,22,0,0,0,0,14,9,0,0,0,0,0,2
1946,445,Len Perme,/players/p/permele01.shtml,permele01,28,CHW,2,4,0,4,4,4,0,0,0,0,0,0,0,0,0,0,0
1946,446,Johnny Pesky,/players/p/peskyjo01.shtml,peskyjo01,27,BOS,2,153,153,153,153,0,0,0,0,0,153,0,0,0,0,0,0
1946,447,Rusty Peters,/players/p/peterru02.shtml,peterru02,31,CLE,9,9,5,9,7,0,0,0,0,0,7,0,0,0,0,2,0
1946,448,Dave Philley,/players/p/phillda01.shtml,phillda01,26,CHW,2,17,17,17,17,0,0,0,0,0,0,16,1,0,17,0,0
1946,449,Dee Phillips,/players/p/phillda02.shtml,phillda02,27,BSN,3,2,0,2,0,0,0,0,0,0,0,0,0,0,0,2,0
1946,450,Marino Pieretti,/players/p/pierema01.shtml,pierema01,25,WSH,2,30,2,30,30,30,0,0,0,0,0,0,0,0,0,0,0
1946,451,Jess Pike,/players/p/pikeje01.shtml,pikeje01,30,NYG,1st,16,9,16,10,0,0,0,0,0,0,6,0,4,10,7,0
1946,452,Whitey Platt,/players/p/plattwh01.shtml,plattwh01,25,CHW,3,84,53,84,61,0,0,0,0,0,0,25,24,13,61,27,0
1946,453,Johnny Podgajny,/players/p/podgajo01.shtml,podgajo01,26,CLE,5,6,0,6,6,6,0,0,0,0,0,0,0,0,0,0,0
1946,454,Hugh Poland,/players/p/polanhu01.shtml,polanhu01,36,BSN,3,4,1,4,2,0,2,0,0,0,0,0,0,0,0,2,0
1946,455,Howie Pollet,/players/p/polleho01.shtml,polleho01,25,STL,4,40,32,40,40,40,0,0,0,0,0,0,0,0,0,0,0
1946,456,Bill Posedel,/players/p/posedbi01.shtml,posedbi01,39,BSN,5,19,0,19,19,19,0,0,0,0,0,0,0,0,0,0,0
1946,457,Lou Possehl,/players/p/posselo01.shtml,posselo01,20,PHI,1st,4,4,4,4,4,0,0,0,0,0,0,0,0,0,0,0
1946,458,Nels Potter,/players/p/pottene01.shtml,pottene01,34,SLB,9,23,19,23,23,23,0,0,0,0,0,0,0,0,0,0,0
1946,459,Jackie Price,/players/p/priceja01.shtml,priceja01,33,CLE,1st,7,3,7,4,0,0,0,0,0,4,0,0,0,0,3,0
1946,460,Jerry Priddy,/players/p/priddje01.shtml,priddje01,26,WSH,4,138,138,138,138,0,0,0,138,0,0,0,0,0,0,0,0
1946,461,Ray Prim,/players/p/primra01.shtml,primra01,39,CHC,6,14,2,14,14,14,0,0,0,0,0,0,0,0,0,0,0
1946,462,Frankie Pytlak,/players/p/pytlafr01.shtml,pytlafr01,37,BOS,12,4,4,4,4,0,4,0,0,0,0,0,0,0,0,0,0
1946,463,Mel Queen,/players/q/queenme01.shtml,queenme01,28,NYY,3,14,3,14,14,14,0,0,0,0,0,0,0,0,0,0,0
1946,464,Ken Raffensberger,/players/r/raffeke01.shtml,raffeke01,28,PHI,7,39,23,39,39,39,0,0,0,0,0,0,0,0,0,0,0
1946,465,Bob Ramazzotti,/players/r/ramazbo01.shtml,ramazbo01,29,BRO,1st,62,22,62,44,0,0,0,17,28,0,0,0,0,0,20,5
1946,466,Vic Raschi,/players/r/raschvi01.shtml,raschvi01,27,NYY,1st,2,2,2,2,2,0,0,0,0,0,0,0,0,0,0,0
1946,467,Pee Wee Reese,/players/r/reesepe01.shtml,reesepe01,27,BRO,4,152,151,152,152,0,0,0,0,0,152,0,0,0,0,0,1
1946,468,Earl Reid,/players/r/reidea01.shtml,reidea01,33,BSN,1st,2,0,2,2,2,0,0,0,0,0,0,0,0,0,0,0
1946,469,Pete Reiser,/players/r/reisepe01.shtml,reisepe01,27,BRO,4,122,109,122,111,0,0,0,0,15,0,69,30,0,97,12,0
1946,470,Allie Reynolds,/players/r/reynoal01.shtml,reynoal01,29,CLE,5,35,28,35,31,31,0,0,0,0,0,0,0,0,0,0,4
1946,471,Del Rice,/players/r/ricede01.shtml,ricede01,23,STL,2,55,43,55,53,0,53,0,0,0,0,0,0,0,0,3,0
1946,472,Paul Richards,/players/r/richapa01.shtml,richapa01,37,DET,8,57,44,57,56,0,56,0,0,0,0,0,0,0,0,1,0
1946,473,Ken Richardson,/players/r/richake01.shtml,richake01,31,PHI,2,6,5,6,6,0,0,0,5,1,0,0,0,0,0,0,0
1946,474,Don Richmond,/players/r/richmdo01.shtml,richmdo01,26,PHA,2,16,16,16,16,0,0,0,0,16,0,0,0,0,0,0,0
1946,475,Marv Rickert,/players/r/rickema01.shtml,rickema01,25,CHC,2,111,97,111,104,0,0,0,0,0,0,70,26,11,104,9,2
1946,476,Lew Riggs,/players/r/riggsle01.shtml,riggsle01,36,BRO,10,1,1,1,1,0,0,0,0,1,0,0,0,0,0,0,0
1946,477,Bill Rigney,/players/r/rignebi01.shtml,rignebi01,28,NYG,1st,110,98,110,103,0,0,0,0,72,35,0,0,0,0,4,3
1946,478,Johnny Rigney,/players/r/rignejo01.shtml,rignejo01,31,CHW,7,15,11,15,15,15,0,0,0,0,0,0,0,0,0,0,0
1946,479,Charlie Ripple,/players/r/ripplch01.shtml,ripplch01,25,PHI,3,6,0,6,6,6,0,0,0,0,0,0,0,0,0,0,0
1946,480,Phil Rizzuto,/players/r/rizzuph01.shtml,rizzuph01,28,NYY,3,126,124,126,125,0,0,0,0,0,125,0,0,0,0,0,1
1946,481,Skippy Roberge,/players/r/robersk02.shtml,robersk02,29,BSN,3,48,47,48,48,0,0,0,0,48,0,0,0,0,0,0,0
1946,482,Sherry Robertson,/players/r/robersh01.shtml,robersh01,27,WSH,4,74,50,74,61,0,0,0,14,38,12,0,0,1,1,19,0
1946,483,Aaron Robinson,/players/r/robinaa01.shtml,robinaa01,31,NYY,3,100,92,100,95,0,95,0,0,0,0,0,0,0,0,6,0
1946,484,Eddie Robinson,/players/r/robined01.shtml,robined01,25,CLE,2,8,8,8,8,0,0,8,0,0,0,0,0,0,0,0,0
1946,485,Mickey Rocco,/players/r/roccomi01.shtml,roccomi01,30,CLE,4,34,26,34,27,0,0,27,0,0,0,0,0,0,0,7,0
1946,486,Preacher Roe,/players/r/roepr01.shtml,roepr01,30,PIT,4,21,10,21,21,21,0,0,0,0,0,0,0,0,0,0,0
1946,487,Stan Rojek,/players/r/rojekst01.shtml,rojekst01,27,BRO,2,45,8,45,25,0,0,0,5,5,15,0,0,0,0,15,7
1946,488,Buddy Rosar,/players/r/rosarbu01.shtml,rosarbu01,31,PHA,8,121,114,121,117,0,117,0,0,0,0,0,0,0,0,5,0
1946,489,Goody Rosen,/players/r/rosengo01.shtml,rosengo01,33,2TM,6,103,81,103,85,0,0,0,0,0,0,1,35,58,85,18,0
1946,490,Steve Roser,/players/r/roserst01.shtml,roserst01,28,2TM,3,18,2,18,18,18,0,0,0,0,0,0,0,0,0,0,0
1946,491,Don Ross,/players/r/rossdo01.shtml,rossdo01,31,CLE,7,55,37,55,43,0,0,0,0,41,0,0,0,2,2,13,0
1946,492,Schoolboy Rowe,/players/r/rowesc01.shtml,rowesc01,36,PHI,12,30,16,30,17,17,0,0,0,0,0,0,0,0,0,13,0
1946,493,Bama Rowell,/players/r/rowelba01.shtml,rowelba01,30,BSN,4,95,71,95,85,0,0,0,0,0,0,71,16,0,85,15,1
1946,494,Jean-Pierre Roy,/players/r/royje01.shtml,royje01,26,BRO,1st,3,1,3,3,3,0,0,0,0,0,0,0,0,0,0,0
1946,495,Johnny Rucker,/players/r/ruckejo01.shtml,ruckejo01,29,NYG,6,95,41,95,54,0,0,0,0,0,0,0,54,0,54,16,29
1946,496,Red Ruffing,/players/r/ruffire01.shtml,ruffire01,41,NYY,21,8,8,8,8,8,0,0,0,0,0,0,0,0,0,0,0
1946,497,Jim Russell,/players/r/russeji01.shtml,russeji01,27,PIT,5,146,133,146,139,0,0,5,0,0,0,67,68,0,134,7,2
1946,498,Rip Russell,/players/r/russeri01.shtml,russeri01,31,BOS,5,80,65,80,71,0,0,0,3,70,0,0,0,0,0,9,0
1946,499,Marius Russo,/players/r/russoma01.shtml,russoma01,31,NYY,6,10,3,10,8,8,0,0,0,0,0,0,0,0,0,0,2
1946,500,Connie Ryan,/players/r/ryanco01.shtml,ryanco01,26,BSN,4,143,133,143,141,0,0,0,119,25,0,0,0,0,0,2,3
1946,501,Mike Ryba,/players/r/rybami01.shtml,rybami01,43,BOS,10,9,0,9,9,9,0,0,0,0,0,0,0,0,0,0,0
1946,502,Johnny Sain,/players/s/sainjo01.shtml,sainjo01,28,BSN,2,40,34,40,37,37,0,0,0,0,0,0,0,0,0,2,1
1946,503,Bill Salkeld,/players/s/salkebi01.shtml,salkebi01,29,PIT,2,69,47,69,51,0,51,0,0,0,0,0,0,0,0,19,0
1946,504,Ray Sanders,/players/s/sandera01.shtml,sandera01,29,BSN,5,80,74,80,77,0,0,77,0,0,0,0,0,0,0,4,0
1946,505,Mike Sandlock,/players/s/sandlmi01.shtml,sandlmi01,30,BRO,4,19,11,19,18,0,17,0,0,1,0,0,0,0,0,1,0
1946,506,Fred Sanford,/players/s/sanfofr01.shtml,sanfofr01,26,SLB,2,3,3,3,3,3,0,0,0,0,0,0,0,0,0,0,0
1946,507,Jack Sanford,/players/s/sanfoja01.shtml,sanfoja01,29,WSH,3,10,5,10,6,0,0,6,0,0,0,0,0,0,0,5,0
1946,508,Bob Savage,/players/s/savagbo01.shtml,savagbo01,24,PHA,2,40,19,40,40,40,0,0,0,0,0,0,0,0,0,0,0
1946,509,Ray Scarborough,/players/s/scarbra01.shtml,scarbra01,28,WSH,3,32,20,32,32,32,0,0,0,0,0,0,0,0,0,0,0
1946,510,Charley Schanz,/players/s/schanch01.shtml,schanch01,27,PHI,3,32,15,32,32,32,0,0,0,0,0,0,0,0,0,0,0
1946,511,Bob Scheffing,/players/s/schefbo01.shtml,schefbo01,32,CHC,3,63,22,63,40,0,40,0,0,0,0,0,0,0,0,28,0
1946,512,Mike Schemer,/players/s/schemmi01.shtml,schemmi01,28,NYG,2,1,0,1,0,0,0,0,0,0,0,0,0,0,0,1,0
1946,513,Hank Schenz,/players/s/schenha01.shtml,schenha01,27,CHC,1st,6,2,6,5,0,0,0,0,5,0,0,0,0,0,1,1
1946,514,Freddy Schmidt,/players/s/schmifr01.shtml,schmifr01,30,STL,2,16,0,16,16,16,0,0,0,0,0,0,0,0,0,0,0
1946,515,Johnny Schmitz,/players/s/schmijo01.shtml,schmijo01,25,CHC,3,42,31,42,41,41,0,0,0,0,0,0,0,0,0,0,1
1946,516,Red Schoendienst,/players/s/schoere01.shtml,schoere01,23,STL,2,142,140,142,141,0,0,0,128,12,4,0,0,0,0,2,0
1946,517,Len Schulte,/players/s/schulle01.shtml,schulle01,29,SLB,3,4,0,4,2,0,0,0,1,1,0,0,0,0,0,4,0
1946,518,Howie Schultz,/players/s/schulho01.shtml,schulho01,23,BRO,4,90,66,90,87,0,0,87,0,0,0,0,0,0,0,14,0
1946,519,Joe Schultz,/players/s/schuljo05.shtml,schuljo05,27,SLB,7,42,9,42,17,0,17,0,0,0,0,0,0,0,0,29,0
1946,520,Hal Schumacher,/players/s/schumha02.shtml,schumha02,35,NYG,13,24,13,24,24,24,0,0,0,0,0,0,0,0,0,0,0
1946,521,Ken Sears,/players/s/searske01.shtml,searske01,28,SLB,2,7,3,7,4,0,4,0,0,0,0,0,0,0,0,3,0
1946,522,Frank Secory,/players/s/secorfr01.shtml,secorfr01,33,CHC,5,33,7,33,10,0,0,0,0,0,0,10,0,0,10,26,0
1946,523,Pat Seerey,/players/s/seerepa01.shtml,seerepa01,23,CLE,4,117,112,117,115,0,0,0,0,0,0,39,40,43,115,2,0
1946,524,Andy Seminick,/players/s/seminan01.shtml,seminan01,25,PHI,4,124,111,124,118,0,118,0,0,0,0,0,0,0,0,9,0
1946,525,Ted Sepkowski,/players/s/sepkote01.shtml,sepkote01,22,CLE,2,2,2,2,2,0,0,0,0,2,0,0,0,0,0,0,0
1946,526,Walter Sessi,/players/s/sessiwa01.shtml,sessiwa01,27,STL,2,15,0,15,0,0,0,0,0,0,0,0,0,0,0,15,0
1946,527,Rip Sewell,/players/s/sewelri01.shtml,sewelri01,39,PIT,10,26,20,26,25,25,0,0,0,0,0,0,0,0,0,0,1
1946,528,Tex Shirley,/players/s/shirlte01.shtml,shirlte01,28,SLB,5,35,18,35,27,27,0,0,0,0,0,0,0,0,0,0,9
1946,529,Eddie Shokes,/players/s/shokeed01.shtml,shokeed01,26,CIN,2,31,26,31,29,0,0,29,0,0,0,0,0,0,0,2,1
1946,530,Ray Shore,/players/s/shorera01.shtml,shorera01,25,SLB,1st,1,0,1,1,1,0,0,0,0,0,0,0,0,0,0,0
1946,531,Clyde Shoun,/players/s/shouncl01.shtml,shouncl01,34,CIN,11,27,5,27,27,27,0,0,0,0,0,0,0,0,0,0,0
1946,532,Ken Silvestri,/players/s/silveke01.shtml,silveke01,30,NYY,4,13,4,13,12,0,12,0,0,0,0,0,0,0,0,1,0
1946,533,Elmer Singleton,/players/s/singlel01.shtml,singlel01,28,BSN,2,16,2,16,15,15,0,0,0,0,0,0,0,0,0,0,1
1946,534,Dick Sisler,/players/s/sisledi01.shtml,sisledi01,25,STL,1st,83,63,83,66,0,0,37,0,0,0,29,0,0,29,17,2
1946,535,Sibby Sisti,/players/s/sistisi01.shtml,sistisi01,25,BSN,5,1,0,1,1,0,0,0,0,1,0,0,0,0,0,0,1
1946,536,Enos Slaughter,/players/s/slaugen01.shtml,slaugen01,30,STL,6,156,156,156,156,0,0,0,0,0,0,0,0,156,156,0,0
1946,537,Joe Smaza,/players/s/smazajo01.shtml,smazajo01,22,CHW,1st,2,1,2,1,0,0,0,0,0,0,0,0,1,1,0,1
1946,538,Eddie Smith,/players/s/smithed04.shtml,smithed04,32,CHW,9,24,21,24,24,24,0,0,0,0,0,0,0,0,0,0,0
1946,539,Vinnie Smith,/players/s/smithvi01.shtml,smithvi01,30,PIT,2,7,7,7,7,0,7,0,0,0,0,0,0,0,0,0,0
1946,540,Bud Souchock,/players/s/souchst01.shtml,souchst01,27,NYY,1st,47,17,47,20,0,0,20,0,0,0,0,0,0,0,20,8
1946,541,Warren Spahn,/players/s/spahnwa01.shtml,spahnwa01,25,BSN,2,24,16,24,24,24,0,0,0,0,0,0,0,0,0,0,0
1946,542,Stan Spence,/players/s/spencst01.shtml,spencst01,31,WSH,6,152,149,152,150,0,0,0,0,0,0,0,150,0,150,2,0
1946,543,Hal Spindel,/players/s/spindha01.shtml,spindha01,33,PHI,3,1,0,1,1,0,1,0,0,0,0,0,0,0,0,0,0
1946,544,Tuck Stainback,/players/s/staintu01.shtml,staintu01,34,PHA,13,91,59,91,66,0,0,0,0,0,0,12,18,36,66,28,1
1946,545,Charley Stanceu,/players/s/stancch01.shtml,stancch01,30,2TM,2,17,11,17,17,17,0,0,0,0,0,0,0,0,0,0,0
1946,546,Eddie Stanky,/players/s/stanked01.shtml,stanked01,30,BRO,4,144,139,144,141,0,0,0,141,0,0,0,0,0,0,4,0
1946,547,Ben Steiner,/players/s/steinbe01.shtml,steinbe01,24,BOS,2,3,0,3,1,0,0,0,0,1,0,0,0,0,0,0,2
1946,548,Vern Stephens,/players/s/stephve01.shtml,stephve01,25,SLB,6,115,112,115,112,0,0,0,0,0,112,0,0,0,0,3,0
1946,549,Chuck Stevens,/players/s/stevech01.shtml,stevech01,27,SLB,2,122,112,122,120,0,0,120,0,0,0,0,0,0,0,3,0
1946,550,Ed Stevens,/players/s/steveed01.shtml,steveed01,21,BRO,2,103,79,103,99,0,0,99,0,0,0,0,0,0,0,21,0
1946,551,Snuffy Stirnweiss,/players/s/stirnsn01.shtml,stirnsn01,27,NYY,4,129,121,129,125,0,0,0,46,78,5,0,0,0,0,3,2
1946,552,Nick Strincevich,/players/s/strinni01.shtml,strinni01,31,PIT,6,32,22,32,32,32,0,0,0,0,0,0,0,0,0,0,0
1946,553,Lou Stringer,/players/s/strinlo01.shtml,strinlo01,29,CHC,3,80,53,80,65,0,0,0,63,1,1,0,0,0,0,6,11
1946,554,Bobby Sturgeon,/players/s/sturgbo01.shtml,sturgbo01,26,CHC,4,100,75,100,93,0,0,0,21,0,73,0,0,0,0,8,1
1946,555,Pete Suder,/players/s/suderpe01.shtml,suderpe01,30,PHA,4,128,113,128,117,0,0,3,12,33,67,0,0,2,2,12,0
1946,556,Steve Sundra,/players/s/sundrst01.shtml,sundrst01,36,SLB,9,2,0,2,2,2,0,0,0,0,0,0,0,0,0,0,0
1946,557,Bob Swift,/players/s/swiftbo01.shtml,swiftbo01,31,DET,7,42,29,42,42,0,42,0,0,0,0,0,0,0,0,0,0
1946,558,Jim Tabor,/players/t/taborji01.shtml,taborji01,29,PHI,8,124,123,124,124,0,0,0,0,124,0,0,0,0,0,0,0
1946,559,Al Tate,/players/t/tateal01.shtml,tateal01,27,PIT,1st,2,1,2,2,2,0,0,0,0,0,0,0,0,0,0,0
1946,560,Harry Taylor,/players/t/tayloha03.shtml,tayloha03,27,BRO,1st,4,0,4,4,4,0,0,0,0,0,0,0,0,0,0,0
1946,561,Birdie Tebbetts,/players/t/tebbebi01.shtml,tebbebi01,33,DET,8,87,82,87,87,0,87,0,0,0,0,0,0,0,0,0,0
1946,562,Joe Tepsic,/players/t/tepsijo01.shtml,tepsijo01,22,BRO,1st,15,0,15,1,0,0,0,0,0,0,1,0,0,1,4,10
1946,563,Gene Thompson,/players/t/thompju01.shtml,thompju01,29,NYG,5,39,1,39,39,39,0,0,0,0,0,0,0,0,0,0,0
1946,564,Bobby Thomson,/players/t/thomsbo01.shtml,thomsbo01,22,NYG,1st,18,15,18,16,0,0,0,0,16,0,0,0,0,0,2,0
1946,565,Gil Torres,/players/t/torregi01.shtml,torregi01,30,WSH,4,63,46,63,58,3,0,0,7,18,31,0,0,0,0,6,1
1946,566,Cecil Travis,/players/t/travice01.shtml,travice01,32,WSH,11,137,121,137,131,0,0,0,0,56,75,0,0,0,0,15,0
1946,567,Mike Tresh,/players/t/treshmi01.shtml,treshmi01,32,CHW,9,80,72,80,79,0,79,0,0,0,0,0,0,0,0,1,0
1946,568,Ken Trinkle,/players/t/trinkke01.shtml,trinkke01,26,NYG,2,48,13,48,48,48,0,0,0,0,0,0,0,0,0,0,0
1946,569,Hal Trosky,/players/t/troskha01.shtml,troskha01,33,CHW,11,88,74,88,80,0,0,80,0,0,0,0,0,0,0,8,0
1946,570,Dizzy Trout,/players/t/troutdi01.shtml,troutdi01,31,DET,8,40,32,40,38,38,0,0,0,0,0,0,0,0,0,1,1
1946,571,Virgil Trucks,/players/t/truckvi01.shtml,truckvi01,29,DET,5,32,29,32,32,32,0,0,0,0,0,0,0,0,0,0,0
1946,572,Thurman Tucker,/players/t/tucketh01.shtml,tucketh01,28,CHW,4,121,107,121,110,0,0,0,0,0,0,0,110,0,110,12,1
1946,573,Bob Usher,/players/u/usherbo01.shtml,usherbo01,21,CIN,1st,92,37,92,80,0,0,0,0,1,0,38,17,27,79,6,27
1946,574,Elmer Valo,/players/v/valoel01.shtml,valoel01,25,PHA,5,108,89,108,90,0,0,0,0,0,0,4,0,86,90,17,1
1946,575,Maurice Van Robays,/players/v/vanroma01.shtml,vanroma01,31,PIT,6,59,35,59,37,0,0,2,0,0,0,22,0,14,35,21,1
1946,576,Johnny Vander Meer,/players/v/vandejo01.shtml,vandejo01,31,CIN,8,33,25,33,29,29,0,0,0,0,0,0,0,0,0,0,4
1946,577,Porter Vaughan,/players/v/vaughpo01.shtml,vaughpo01,27,PHA,3,1,0,1,1,1,0,0,0,0,0,0,0,0,0,0,0
1946,578,Emil Verban,/players/v/verbaem01.shtml,verbaem01,30,2TM,3,139,138,139,138,0,0,0,138,0,0,0,0,0,0,1,0
1946,579,Mickey Vernon,/players/v/vernomi01.shtml,vernomi01,28,WSH,6,148,146,148,147,0,0,147,0,0,0,0,0,0,0,1,0
1946,580,Bill Voiselle,/players/v/voisebi01.shtml,voisebi01,27,NYG,5,36,25,36,36,36,0,0,0,0,0,0,0,0,0,0,0
1946,581,Clyde Vollmer,/players/v/vollmcl01.shtml,vollmcl01,24,CIN,2,9,6,9,7,0,0,0,0,0,0,6,1,1,7,1,1
1946,582,Jake Wade,/players/w/wadeja01.shtml,wadeja01,34,2TM,8,19,1,19,19,19,0,0,0,0,0,0,0,0,0,0,0
1946,583,Charlie Wagner,/players/w/wagnech01.shtml,wagnech01,33,BOS,6,8,4,8,8,8,0,0,0,0,0,0,0,0,0,0,0
1946,584,Hal Wagner,/players/w/wagneha01.shtml,wagneha01,30,BOS,9,117,109,117,116,0,116,0,0,0,0,0,0,0,0,4,0
1946,585,Eddie Waitkus,/players/w/waitked01.shtml,waitked01,26,CHC,2,113,105,113,106,0,0,106,0,0,0,0,0,0,0,6,1
1946,586,Dick Wakefield,/players/w/wakefdi01.shtml,wakefdi01,25,DET,4,111,104,111,104,0,0,0,0,0,0,104,0,0,104,6,1
1946,587,Dixie Walker,/players/w/walkedi02.shtml,walkedi02,35,BRO,15,150,148,150,149,0,0,0,0,0,0,0,0,149,149,2,0
1946,588,Harry Walker,/players/w/walkeha01.shtml,walkeha01,29,STL,5,112,79,112,99,0,0,8,0,0,0,12,80,0,92,23,2
1946,589,Lefty Wallace,/players/w/wallale01.shtml,wallale01,24,BSN,3,27,8,27,27,27,0,0,0,0,0,0,0,0,0,0,0
1946,590,Jack Wallaesa,/players/w/wallaja02.shtml,wallaja02,26,PHA,3,63,54,63,59,0,0,0,0,0,59,0,0,0,0,3,2
1946,591,Junior Walsh,/players/w/walshju01.shtml,walshju01,27,PIT,1st,4,2,4,4,4,0,0,0,0,0,0,0,0,0,0,0
1946,592,Bucky Walters,/players/w/waltebu01.shtml,waltebu01,37,CIN,16,24,22,24,22,22,0,0,0,0,0,0,0,0,0,1,1
1946,593,Bennie Warren,/players/w/warrebe01.shtml,warrebe01,34,NYG,5,39,17,39,30,0,30,0,0,0,0,0,0,0,0,9,1
1946,594,Jimmy Wasdell,/players/w/wasdeji01.shtml,wasdeji01,32,2TM,10,58,14,58,19,0,0,6,0,0,0,5,0,8,13,40,0
1946,595,Roy Weatherly,/players/w/weathro01.shtml,weathro01,31,NYY,9,2,0,2,0,0,0,0,0,0,0,0,0,0,0,2,0
1946,596,Skeeter Webb,/players/w/webbsk01.shtml,webbsk01,36,DET,10,65,41,65,59,0,0,0,51,0,8,0,0,0,0,2,8
1946,597,Les Webber,/players/w/webbele01.shtml,webbele01,31,2TM,5,15,6,15,15,15,0,0,0,0,0,0,0,0,0,0,0
1946,598,Ralph Weigel,/players/w/weigera01.shtml,weigera01,24,CLE,1st,6,5,6,6,0,6,0,0,0,0,0,0,0,0,0,0
1946,599,Leo Wells,/players/w/wellsle01.shtml,wellsle01,28,CHW,2,45,36,45,40,0,0,0,0,38,2,0,0,0,0,3,2
1946,600,Max West,/players/w/westma02.shtml,westma02,29,2TM,6,73,55,73,59,0,0,1,0,0,0,55,2,1,58,17,0
1946,601,Ernie White,/players/w/whiteer01.shtml,whiteer01,29,BSN,5,14,1,14,12,12,0,0,0,0,0,0,0,0,0,0,2
1946,602,Hal White,/players/w/whiteha01.shtml,whiteha01,27,DET,4,11,1,11,11,11,0,0,0,0,0,0,0,0,0,0,0
1946,603,Burgess Whitehead,/players/w/whitebu01.shtml,whitebu01,36,PIT,9,55,24,55,35,0,0,0,30,3,2,0,0,0,0,14,8
1946,604,Dick Whitman,/players/w/whitmdi01.shtml,whitmdi01,25,BRO,1st,104,57,104,85,0,0,0,0,0,0,37,53,1,85,25,5
1946,605,Frank Whitman,/players/w/whitmfr01.shtml,whitmfr01,21,CHW,1st,17,4,17,8,0,0,1,1,0,6,0,0,0,0,0,9
1946,606,Whitey Wietelmann,/players/w/wietewh01.shtml,wietewh01,27,BSN,8,44,16,44,31,3,0,0,4,9,16,0,0,0,0,19,0
1946,607,Bill Wight,/players/w/wightbi01.shtml,wightbi01,24,NYY,1st,14,4,14,14,14,0,0,0,0,0,0,0,0,0,0,0
1946,608,Del Wilber,/players/w/wilbede01.shtml,wilbede01,27,STL,1st,4,1,4,4,0,4,0,0,0,0,0,0,0,0,0,0
1946,609,Lefty Wilkie,/players/w/wilkile01.shtml,wilkile01,31,PIT,3,7,0,7,7,7,0,0,0,0,0,0,0,0,0,0,0
1946,610,Ted Wilks,/players/w/wilkste01.shtml,wilkste01,30,STL,3,40,4,40,40,40,0,0,0,0,0,0,0,0,0,0,0
1946,611,Ace Williams,/players/w/williac01.shtml,williac01,29,BSN,2,1,0,1,1,1,0,0,0,0,0,0,0,0,0,0,0
1946,612,Dewey Williams,/players/w/willide02.shtml,willide02,30,CHC,3,4,0,4,2,0,2,0,0,0,0,0,0,0,0,2,0
1946,613,Ted Williams,/players/w/willite01.shtml,willite01,27,BOS,5,150,150,150,150,0,0,0,0,0,0,150,0,0,150,0,0
1946,614,Jim Wilson,/players/w/wilsoji02.shtml,wilsoji02,24,BOS,2,1,0,1,1,1,0,0,0,0,0,0,0,0,0,0,0
1946,615,Max Wilson,/players/w/wilsoma01.shtml,wilsoma01,30,WSH,2,9,0,9,9,9,0,0,0,0,0,0,0,0,0,0,0
1946,616,Mickey Witek,/players/w/witekmi01.shtml,witekmi01,30,NYG,5,82,66,82,73,0,0,0,44,34,0,0,0,0,0,9,0
1946,617,Jerry Witte,/players/w/witteje01.shtml,witteje01,30,SLB,1st,18,18,18,18,0,0,18,0,0,0,0,0,0,0,0,0
1946,618,Roger Wolff,/players/w/wolffro01.shtml,wolffro01,35,WSH,6,21,17,21,21,21,0,0,0,0,0,0,0,0,0,0,0
1946,619,Gene Woodling,/players/w/woodlge01.shtml,woodlge01,23,CLE,2,61,28,61,37,0,0,0,0,0,0,4,32,1,37,26,3
1946,620,Chuck Workman,/players/w/workmch01.shtml,workmch01,31,2TM,6,83,43,83,53,0,0,0,0,1,0,8,6,39,52,29,3
1946,621,Ed Wright,/players/w/wrighed01.shtml,wrighed01,27,BSN,2,36,21,36,36,36,0,0,0,0,0,0,0,0,0,0,0
1946,622,Taffy Wright,/players/w/wrighta01.shtml,wrighta01,34,CHW,6,115,107,115,107,0,0,0,0,0,0,8,0,99,107,8,0
1946,623,Early Wynn,/players/w/wynnea01.shtml,wynnea01,26,WSH,6,25,12,25,17,17,0,0,0,0,0,0,0,0,0,10,0
1946,624,Johnny Wyrostek,/players/w/wyrosjo01.shtml,wyrosjo01,26,PHI,3,145,141,145,142,0,0,0,0,0,0,6,138,0,142,3,1
1946,625,Hank Wyse,/players/w/wyseha01.shtml,wyseha01,28,CHC,5,40,27,40,40,40,0,0,0,0,0,0,0,0,0,0,0
1946,626,Rudy York,/players/y/yorkru01.shtml,yorkru01,32,BOS,11,154,154,154,154,0,0,154,0,0,0,0,0,0,0,0,0
1946,627,Eddie Yost,/players/y/yosted01.shtml,yosted01,19,WSH,2,8,7,8,7,0,0,0,0,7,0,0,0,0,0,1,0
1946,628,Babe Young,/players/y/youngba01.shtml,youngba01,30,NYG,6,104,71,104,72,0,0,48,0,0,0,0,17,7,24,32,0
1946,629,Frankie Zak,/players/z/zakfr01.shtml,zakfr01,24,PIT,3,21,7,21,10,0,0,0,0,0,10,0,0,0,0,0,12
1946,630,Al Zarilla,/players/z/zarilal01.shtml,zarilal01,27,SLB,3,125,88,125,107,0,0,0,0,0,0,45,17,51,107,22,2
1946,631,Benny Zientara,/players/z/zientbe01.shtml,zientbe01,28,CIN,2,78,68,78,75,0,0,0,37,37,1,0,0,0,0,1,3
1946,632,Sam Zoldak,/players/z/zoldasa01.shtml,zoldasa01,27,SLB,3,35,21,35,35,35,0,0,0,0,0,0,0,0,0,0,0
1946,633,Bill Zuber,/players/z/zuberbi01.shtml,zuberbi01,33,2TM,10,18,7,18,18,18,0,0,0,0,0,0,0,0,0,0,0
